generacion_fotovoltaica,porcentaje_fotovoltaica,fecha,tmed,tmin,tmax,prec,velmedia,racha,hrMedia,presMax,presMin,sol,dia_semana,mes,dia_año
34247.163,0.021989202929622,2021-01-02,3.3714097835127963,-0.635080819212852,7.377859235768878,0.24368051922528555,3.2484995472619755,10.65184802677376,66.30492475204187,961.4514840917254,957.7279054779891,6.313310871303229,5,1,2
37134.485,0.0248545472780183,2021-01-03,3.4104477400596496,-1.7656930834286066,8.584577381268744,0.2329062047511867,2.6648796177477228,9.554460764058943,64.44668109387804,962.7504479977235,959.6769373064523,7.2934185171003065,6,1,3
26307.981,0.0173473665092774,2021-01-04,3.3578184386694967,-1.0889086917508493,7.805587318886822,0.43437480204416307,2.175468038293194,8.057505209223205,73.94842607268666,959.948096781955,956.382749748618,4.613515060228744,0,1,4
29746.352,0.020739350880696,2021-01-05,2.951289722018959,-1.8427924079379927,7.745667358655239,0.32891323293308455,1.6451619091621201,6.131043274589224,74.18667392665608,958.3777855030442,955.5683397830963,5.31590515655288,1,1,5
25273.93,0.0188803982755821,2021-01-06,2.7992218590919533,-2.2153697559620094,7.812312159727302,3.8243675273531137,1.9768313375546798,7.214517367461238,71.19240050248071,959.6022093191467,955.5697340842576,4.533651380168671,2,1,6
9459.079,0.0062316267120045,2021-01-07,2.8861744133463048,0.576736893775257,5.201794660348973,7.6697565120709035,2.4392532465214782,8.048618232233052,85.67537688070074,957.9485298307065,955.1759563931546,0.9214972647616596,3,1,7
6751.867,0.0042202308074191,2021-01-08,2.7334322804198172,0.353462112704814,5.111594886553638,14.40355486018558,3.4213600595909277,10.362075847815506,86.66274881139164,956.7845219757892,949.377336926997,0.5592727516704843,4,1,8
13444.272,0.008991156716864,2021-01-09,2.7011373285505402,0.40583538945806347,4.997912039694491,4.200659477740974,2.7187282947991713,9.846105360303426,85.96630571787293,952.9993779964948,948.1113378068036,1.798604368184244,5,1,9
18993.03,0.0124991689279972,2021-01-10,2.7463170405179955,-0.6709150181058363,6.164500045827566,1.7081993686446098,2.237717823526654,7.880669028238196,82.67063527554656,961.8672381110621,952.4929183219379,3.1093659293714437,6,1,10
33767.335,0.0209232885261199,2021-01-11,2.470703337958617,-2.2610494900053815,7.210336878506373,0.1938107306794215,2.14660522811362,7.557491890583338,72.35469794932277,971.2238181464384,962.0005678496676,6.752788926500564,0,1,11
40074.713,0.0241909140106515,2021-01-12,2.478342860179366,-3.9679117967559803,8.935647096538693,0.08505364126750051,1.5985082345797739,5.814759776469007,67.88488321563997,975.1427572418509,971.0983385557195,7.897419512103528,1,1,12
40351.78,0.0242560182634001,2021-01-13,4.365225904868236,-2.4255232301061853,11.161947005226647,0.04166864048917451,1.6223759350535618,5.705132698394584,64.98461674200497,975.5845320354472,972.9364958538913,8.048700611034993,2,1,13
37428.019,0.0225316795114652,2021-01-14,4.890184503257273,-1.5888115419373618,11.36639338036916,0.06896721336093496,1.8759916216746306,6.875855857024018,67.06575804918046,973.8338425605689,970.33883431948,7.318408836709949,3,1,14
37010.454,0.0219856415621402,2021-01-15,5.822436496962642,-0.1733555563417964,11.817999090585442,0.06240277400911094,2.343536009604264,7.938770606745074,68.22093374479171,974.2405596284233,971.5694276842466,7.270183028527014,4,1,15
40562.074,0.026682951012641,2021-01-16,6.385196017788922,-0.27007915147024075,13.045772462308014,0.023501406498338484,1.8464757933629214,7.444449131669809,61.4869334066187,975.8966341483397,971.8720587324419,7.890981268248459,5,1,16
41346.798,0.0288706651020826,2021-01-17,7.230771105585037,-0.11477424931057634,14.570619140332223,0.09177848547205512,1.7973802457367527,6.3101405779565445,60.35131049987452,975.9195930524081,972.6424146023155,8.002695984387598,6,1,17
41230.356,0.0275016081564921,2021-01-18,7.251769130767598,0.3131447671335352,14.192288444268845,0.006664942060363559,1.4355185590664223,5.44240767503991,66.17202853213527,973.6777078945207,970.7730758417543,8.062200823589476,0,1,18
31802.585,0.0212703290212441,2021-01-19,6.219452011286991,0.07354708607519077,12.37127277149075,2.3813913972307015,1.624987751156932,6.682937710339228,74.48996716672856,971.7848195509753,963.9659699061464,6.474147790629208,1,1,19
11233.722,0.0069500970288242,2021-01-20,7.462450035833979,3.9675164244783234,10.9594635117337,8.737249429686857,3.6358127698908365,12.269410862563852,85.8686675078274,964.4403975982598,956.0257569676991,1.0403833249590513,2,1,20
19543.279,0.0114220186076573,2021-01-21,10.21060771981821,7.267484589445163,13.154584434605644,7.241113778544121,4.121493600109817,13.033671363953944,83.8888771330973,963.0597953424287,958.3469556885975,2.5692992877669716,3,1,21
23768.849,0.0139125548399531,2021-01-22,9.687250547831047,6.093985204016161,13.281710966023237,2.160380932751703,5.859610657022825,20.191748907265495,74.66008689928417,964.2672225621354,954.8084995886105,4.41036228247238,4,1,22
19010.932,0.0114987241185164,2021-01-23,8.913453913537378,5.146641767344086,12.66900385749589,6.216557456594434,4.593239517751673,14.585317319204014,80.78834521794349,964.721189526762,957.1914495746679,2.3147098256933774,5,1,23
30194.838,0.0194343879609381,2021-01-24,10.827518892954894,7.723957532768976,13.932896828091723,1.6122132674028558,3.7739566461079606,13.977221353359994,73.6669081600526,963.2157297017678,956.9593101973212,5.227589628403439,6,1,24
13407.35,0.008429725284116,2021-01-25,11.248221287133276,8.06870865352052,14.418256007105057,2.9280006497594857,4.101006504876288,12.620019468467506,85.19208808671611,966.2394564435008,959.6270551703053,1.2524667459873877,0,1,25
17950.104,0.0124198625294827,2021-01-26,12.197233907926535,9.123598690594372,15.27079904376403,1.0182733679116645,2.1018733549741344,7.855202284308073,86.69188491866521,971.1901837934213,965.4957032328698,2.3758892691641167,1,1,26
26637.875,0.0175357118936873,2021-01-27,13.729052522404949,9.462002453424006,17.9948785738599,0.19892356230433336,2.2536303974267873,7.843025140963031,83.52483738445204,972.6480433363727,970.0161525471458,4.808186171669664,2,1,27
34333.631,0.0223844342914311,2021-01-28,13.786308723343627,8.39882895590328,19.179940571519705,0.08476218193648732,1.6943611324836187,6.214662477452143,78.77741137344186,970.9156603572308,967.6117529657201,6.00901504896319,3,1,28
30226.877,0.0196171891059866,2021-01-29,12.899455349034158,7.942574295344461,17.854429477113868,1.6646998715088117,2.068906925265337,8.156839744217663,77.6109786881436,969.8836878281654,965.4723155381847,5.559178211765838,4,1,29
29223.255,0.0184633158104561,2021-01-30,11.403671995558485,7.943029233076295,14.87193549955581,1.3883538333722911,5.273158990998249,15.601251538499994,71.6291762268158,966.2968643214547,960.3334865709127,4.863434783194558,5,1,30
18063.566,0.0128379145337577,2021-01-31,11.06369287043897,7.536168036016151,14.588533015203986,1.6576385612654783,4.708243867066709,14.206423132511029,79.35209589821537,963.7619912072944,960.4909559198146,2.1414662904364334,6,1,31
33140.83,0.0210951166010305,2021-02-01,12.62289741601235,8.866116970645198,16.378552662572265,0.3652941043785165,4.288342559589933,13.675067758079043,71.3184386521569,964.8812878145524,959.6321680563552,6.120171320059968,0,2,32
28633.183,0.0182026882812904,2021-02-02,12.136255235152587,8.180014711891273,16.089775195900902,0.7554730118960403,2.395153240649383,8.665540412911303,77.58384022313955,966.3769268274565,962.5213606347413,4.227966258352548,1,2,33
25094.435,0.0166847497433911,2021-02-03,11.65025169451693,7.925435552548564,15.371630858923686,2.803810526024558,2.52558618152854,8.388101766916037,78.05612014768268,962.0750209224236,958.4715370658847,3.3306525913682874,2,2,34
23191.92,0.0168992184307487,2021-02-04,11.449026476854943,7.640892171225558,15.252031006923755,5.833814919237552,2.1092720090917667,8.649716767845888,80.06389665971132,959.3314738325054,953.5756319898983,3.4535679196572775,3,2,35
21021.365,0.0145950951145159,2021-02-05,11.181361894135478,7.481684587207965,14.892317765437118,7.709937686265267,2.710016370196046,10.30663903750469,79.83898044076442,955.1218037002992,948.3270866622314,3.8862903027718096,4,2,36
21809.869,0.015428161805636,2021-02-06,9.566425936404029,6.559779650139902,12.565555244671758,2.8057185854707765,2.856386169317181,9.991895764811455,83.33700849508176,953.2555913827194,947.951159538979,2.8066993129356987,5,2,37
29101.494,0.0200178430855645,2021-02-07,8.176601111128651,4.862282507448471,11.48547544651292,7.645902716428623,3.482211594392767,11.71722852491124,75.63523865689675,956.5259613023513,952.0185424544544,4.085151130487657,6,2,38
25599.31,0.0158504006689306,2021-02-08,9.625414127732448,6.736095893764871,12.515145366597423,3.5594654960878795,4.648574967088075,14.859857671911799,77.5946173169669,956.7545127454206,950.1991605945611,3.712787031133855,0,2,39
10786.319,0.0069727056151965,2021-02-09,9.469132290544076,6.826753583601074,12.107168278920247,12.217077982301166,4.749890210544389,15.694639140075715,83.02986784635226,956.337309373736,950.6564281617807,0.8425970722682076,1,2,40
30806.551,0.0190458000776794,2021-02-10,10.930618349802545,7.361945602817159,14.50022821564881,2.3069469757382812,3.909136871383207,14.626366644181026,76.42135095005098,964.2773579075815,952.5662398517558,4.739770016565608,2,2,41
25639.322,0.0167290957263674,2021-02-11,12.114358186202294,7.980989582839271,16.238729732015326,2.3956019889700517,2.0516694363913923,7.631893112252224,82.89066530321158,966.4887946796866,964.2578635310595,3.6020159868905464,3,2,42
39219.006,0.0241528758081929,2021-02-12,11.788334931198479,7.683515491407732,15.887844102977207,1.0875288573369335,3.3102999998649807,11.863856139632356,73.71619494924265,969.8922293896559,964.1567605118476,6.063633796193506,4,2,43
45291.628,0.0308950777543105,2021-02-13,11.073050570224115,5.1573891810389725,16.992932006327138,0.041701977435030464,1.9928851693327032,7.736919725763117,66.87694460693285,972.4831272994319,969.059344407156,7.454820800586362,5,2,44
48665.507,0.0350175461874751,2021-02-14,10.62408359579543,4.214431623185541,17.033075891850235,0.09004244933091499,2.4535071551166974,8.278407492350976,68.48722680783911,976.001223943301,971.4539871333656,8.420472762952615,6,2,45
43133.02,0.0295355992241877,2021-02-15,10.87378211568567,5.663336740682167,16.08387445981863,0.020007079465519096,3.024384621369734,9.206396262436648,70.6719189840028,977.5087633244576,974.2574937241257,7.756351220267287,0,2,46
47359.478,0.0320063422023015,2021-02-16,11.102312920252619,4.807033492436743,17.395399483609378,0.07015911259953585,2.011994272080827,7.7937038699402,68.00114178070693,975.2474655113535,970.4802306109674,7.967397114036892,1,2,47
46906.642,0.0327651275594283,2021-02-17,11.9952281762937,5.275117204120091,18.714824967589333,0.05897412615151874,1.7478013594376565,6.689947909113954,67.00572332421989,970.8685581667739,965.1213830316287,8.102619465435039,2,2,48
43950.264,0.0292347502271579,2021-02-18,11.386307612878197,5.187111949415423,17.581878084829352,0.14732009881087826,2.0973102321232475,8.006593103759768,65.90338476514682,966.089335445751,963.3396750569223,7.83376336950214,3,2,49
47357.775,0.0311266917834677,2021-02-19,11.618738995288716,5.191696472154174,18.038868439509642,0.017988955030359924,2.4730772116170585,9.02131066649781,63.61270881759403,966.2673604951754,962.5540954468696,7.8202959894678585,4,2,50
36016.541,0.0252707583988415,2021-02-20,12.120617377122915,6.822025553533544,17.42011374780201,1.0830040319026475,3.8706856188071814,12.097646962685852,60.19453281700408,962.9903272653573,955.806804291113,5.413647972982676,5,2,51
12973.808,0.0098178839275323,2021-02-21,10.026974578891348,6.390433328505897,13.660531297546779,8.04977937430941,3.5668053708599063,13.957503535648659,77.04739913104012,959.9848203745424,950.8074090935578,0.8052565273635737,6,2,52
43126.242,0.0291380690920076,2021-02-22,8.535262298522579,4.096501130133317,12.97496428972109,1.3493516972832968,2.5497679943793203,9.723136703190326,70.72596156083844,971.9348924657656,958.1756792177844,6.187672911458512,0,2,53
53997.971,0.0369263000957967,2021-02-23,9.711394495886688,3.764810305623216,15.662384285999625,0.057036545499816634,2.472487715707268,8.697423575257103,67.12000816393832,978.4623412070624,971.9249332954212,8.847253011749283,1,2,54
48022.007,0.0302935267576143,2021-02-24,11.315023420706858,5.655162298448539,16.976119788006628,0.0757618737271707,3.318040208436827,10.607569150701277,69.87814250344879,977.8723456630298,972.7215614368303,8.25636485933821,2,2,55
28455.363,0.0203031316276651,2021-02-25,11.107693647732697,6.831413699712715,15.381041699793112,0.4299908195072834,2.457823540145573,8.381290390198073,74.44579503725153,974.5161470786428,971.4733799783962,3.8955105559912684,3,2,56
32332.361,0.0229291746623398,2021-02-26,11.677084256025383,7.176963849458953,16.170173670461537,0.2712039729847604,2.515870011594148,8.080874882597234,72.41508453967832,973.5368376845355,970.6936442109543,4.982351473965759,4,2,57
42150.133,0.0291639650299492,2021-02-27,10.857108969391712,5.355064375364108,16.36670530153088,0.04774242575890091,2.1867508484135634,7.409179370668348,68.40634786534943,971.727192972695,966.2822208495612,6.207912120261615,5,2,58
39904.558,0.0281048063664305,2021-02-28,10.029676957237879,5.349258859324365,14.709790427229729,0.7856052410116056,2.9214620154132502,9.609914629765596,72.51375999923776,966.9668326824809,963.5115858835777,5.99417288639436,6,2,59
24982.08,0.0167031455144961,2021-03-01,10.617716631936316,7.172529881002302,14.062825161333665,0.3552325674588986,2.9937609425824308,9.457992514037004,76.42033029676585,967.5765400884305,964.2237220437859,2.9423989605880725,0,3,60
29629.715,0.0208372541574533,2021-03-02,11.378091760307697,7.412589829853685,15.342283483135764,0.0794714688742837,2.255592090642825,7.673487353539699,75.6273814164071,972.741377450108,967.1330851663802,3.864222639914805,1,3,61
34610.363,0.0257240121960655,2021-03-03,11.980977023875298,7.312146348256413,16.64090119689251,0.08132524227929364,2.1636271022620646,7.35326800447071,74.21083706348672,973.5749878826596,969.959565101879,4.34148930202719,2,3,62
36652.91,0.027034460519713,2021-03-04,11.138172456574328,6.453582940102643,15.81895955843075,0.9446430422744736,2.3215478303630026,7.922995439677181,71.58806917245161,970.6423300850842,962.9419209633921,5.840792310478722,3,3,63
28876.406,0.020744436585705,2021-03-05,10.823862821434597,6.634207484594583,15.013746626323663,3.0644251793823845,2.493899746209836,8.388629450765622,74.96934158748586,964.3652983513656,960.9237818701644,4.414890763205496,4,3,64
36047.638,0.0275286507110874,2021-03-06,10.8741980014753,6.479520997656069,15.274291768776337,3.686321228516759,2.281386285922237,7.989605060539282,74.21489160858647,966.5798605484189,963.6986580344906,5.0778882278223945,5,3,65
32800.862,0.0279660129450419,2021-03-07,10.532446847988266,6.524970887530163,14.542387209343238,4.476838373120006,1.8054415189089827,7.199060273447263,79.74610128687459,965.8850749563741,961.1953422147488,4.0588524358945355,6,3,66
32013.065,0.021771542038501,2021-03-08,9.489299295303233,5.666935093917811,13.310323565429297,3.558734344685861,2.114470311373772,8.206966787944827,79.47442555159651,962.38969141563,959.0676832364545,3.8811533637377784,0,3,67
46660.543,0.0315298001539647,2021-03-09,9.019345620383307,4.0710659858690486,13.958364668690928,0.4442874181017789,2.089220076112128,7.672043506789886,70.95915051789859,966.054230628393,961.5392761739328,6.747894497037103,1,3,68
64885.785,0.0458364612739894,2021-03-10,9.50749511664813,2.237225714504618,16.770386905257585,0.019236376167075755,1.8680316757782378,6.916067619427635,62.05996645545585,970.2788089479311,965.4560399624844,9.974066961318458,2,3,69
59363.722,0.0402407340452934,2021-03-11,11.886072640103057,5.057789391088172,18.712619119061205,0.12911470676548475,2.5510922652643773,8.579277189546257,66.40921045710431,971.5898003182358,968.1870937446319,9.239891717925415,3,3,70
54555.988,0.0388493330884145,2021-03-12,11.377248505636139,5.76651353355632,16.987485894170447,0.06682892203269196,2.7759263550106925,10.018013051414332,65.54604462800864,969.5927071696344,965.86973639315,7.707386500480493,4,3,71
67537.263,0.05356728126723,2021-03-13,10.34865439912553,3.5512751133261036,17.143129572207652,0.09802260057351064,2.4013862965708253,8.779763220156974,60.9480788538634,969.352911232754,966.0136388955407,10.07096104704143,5,3,72
66529.603,0.0500383851534032,2021-03-14,10.93301995604029,4.435555174095205,17.438115915900646,0.0903723189548376,2.76551001216981,9.559032295619804,57.21705494224188,971.0751797085989,967.6377752541614,9.69561418845458,6,3,73
67685.137,0.0447881501296018,2021-03-15,11.483387655700644,4.477960258960899,18.487226977392172,0.022529584882337878,2.4781144830210766,8.572928949135312,56.44140398502883,970.3234615274399,966.9741556499658,10.224060221257513,0,3,74
68601.282,0.0425561805557603,2021-03-16,12.049985887077675,5.39122639810245,18.706291499159448,0.01574881509230773,3.0815854497130513,9.663451062218835,54.70094403345333,970.3419549387647,967.287320884927,10.204463661064777,1,3,75
69217.844,0.0427543614321599,2021-03-17,12.47256068220257,5.679742815505231,19.260943376451262,0.07421491186052928,3.5120995610402574,11.306588807001603,52.75468026707263,970.1453236806101,964.7513538461966,10.415935450503879,2,3,76
56338.422,0.036187977613991,2021-03-18,9.613392615546656,4.594484396948327,14.628229472125746,1.62844862337672,3.84274782260942,12.207389813199324,53.36434138439702,965.0700989669941,960.330542523872,8.229511438894814,3,3,77
44326.934,0.0294285859808476,2021-03-19,8.116243964349437,3.11591195815577,13.119728456873478,1.893737119634272,3.1256170254200772,11.848330836768406,60.85013084727759,961.6011328892944,955.9043035104111,5.748215491759026,4,3,78
63294.359,0.0410470211979132,2021-03-20,7.299242578750062,2.5039640097942235,12.091195574906783,0.21634882816662865,4.1847214882522765,13.42494804326408,50.71210239311635,965.2151506342872,958.0387084387368,8.790487850678842,5,3,79
71240.6,0.0481428144644011,2021-03-21,7.897328936574939,0.9890348130003045,14.80095578038532,0.014108231155288418,2.930501435849018,9.836866440434708,50.188340411182914,967.4121065254094,963.7687775325693,10.30978428690704,6,3,80
71056.766,0.0456475861941777,2021-03-22,10.201482098588956,2.783869585785582,17.620771733990534,0.001986354732104014,2.556975852931804,8.996790309851479,49.76771749932153,965.9968994249081,962.6779506282977,10.461321487886382,0,3,81
74242.146,0.0546306031751548,2021-03-23,11.530435352460879,3.1117403615630477,19.958041529684706,4.931196868232184e-05,2.1418909671821766,8.027246495083766,50.082581290102894,968.4481408361561,965.0676673354577,10.922608996362504,1,3,82
72012.259,0.0563888261722193,2021-03-24,12.559145995411633,4.289929986781411,20.828685588225365,0.00033254367491444007,1.9945544997540012,7.172667543586772,53.16886567963208,971.3033385290461,968.3955351080357,10.46925181766598,2,3,83
70774.038,0.053718344072508,2021-03-25,12.94078685036139,4.978695155595664,20.90682237648515,0.00035815899842540265,1.988831401867066,7.432628249691849,55.424273040962554,969.8612583301303,966.2687387754028,10.497913189170967,3,3,84
58093.269,0.0441740597809003,2021-03-26,13.228940467381745,6.347338614640328,20.110728458693803,0.011638530347713161,2.296545495042905,8.681436260716819,55.71593244969381,969.0595110509574,965.4559146749071,8.309392393283977,4,3,85
56860.182,0.0457219149477066,2021-03-27,13.06940106145667,6.495466479330193,19.643301536752066,0.027016365236598144,2.6749743262151964,9.176880632648444,57.61155351975075,970.8856807921253,966.8848239508305,7.893522834282555,5,3,86
67876.888,0.0590701427464462,2021-03-28,14.040833530136146,6.920955153529006,21.164320904788898,0.02854165338644946,3.1548153912420087,9.835666418187998,56.707953981345895,972.1924719628938,969.0516213068582,9.27007238611819,6,3,87
51357.872,0.0364194220696586,2021-03-29,15.290256688082208,9.293447308920216,21.292884748742708,0.014766257780019918,3.4915199077558876,11.066431742695913,52.31894259060111,971.2069834570566,967.9826457456763,6.600710027458338,0,3,88
44697.911,0.0328736381256708,2021-03-30,15.942074490583675,10.274786847552756,21.611217205606447,0.006004354025649275,3.5903918829417942,11.124943881121803,50.310267209672816,970.2380993056784,966.1247336068229,4.822937821696299,1,3,89
65935.413,0.0474727571116016,2021-03-31,16.62260536799635,9.494834932340678,23.7502462224995,0.014213658816256816,4.0342927816043135,11.88167261137001,42.95802739751629,967.4218899738279,960.5312842480257,9.515797009360607,2,3,90
52079.778,0.0398172660438485,2021-04-01,15.91745945147291,10.267248951622326,21.567286869355286,2.5193517481207763,3.2771931196597666,11.468520898650757,53.73460040581202,963.885064626003,958.6143558410404,6.982518794818886,3,4,91
53868.902,0.0477977574208635,2021-04-02,14.558761812764027,9.215907484636007,19.89623364501112,1.0278520818643275,2.6856575320268115,9.343381220976351,65.91814862678663,963.0013386294482,959.9812670682055,7.1761967046793345,4,4,92
58922.225,0.0452325696207784,2021-04-03,14.253189463122629,8.06016229362143,20.44575168731682,1.06797338297564,2.411328728399736,9.627956430247881,65.67676936974127,961.1062847689204,957.2513665904634,7.972689971378041,5,4,93
68324.129,0.0548430904690647,2021-04-04,13.686047444175221,6.847414397960417,20.520458928267413,0.3742504310829254,2.172866996080471,8.19989584772493,61.97236185533137,963.2722056161076,958.8660761138601,9.463335121270246,6,4,94
71592.603,0.0622484588328016,2021-04-05,14.394750832098103,7.176679037313634,21.61455777075425,0.024671752380027008,2.0196279081792174,7.446020618532636,57.481442694265,964.5873806750998,961.5483773409131,9.938918834733137,0,4,95
72915.356,0.0483935213370324,2021-04-06,14.781030252803244,6.9912674007183675,22.57562194508531,0.017589947313003815,2.603613356977736,9.133147484933218,49.84209383602103,962.5101080355316,957.1349896009625,10.232855979034225,1,4,96
62857.179,0.0420374363073159,2021-04-07,13.545448363090166,6.871186403752865,20.227223176709288,0.13206866951565244,2.9604666647862965,10.440809708916229,54.33286416372551,966.202172889745,958.3986545790332,9.125070333436353,2,4,97
46867.216,0.0332729294281231,2021-04-08,13.291691631637054,8.58293104597319,18.00094092115319,1.8981677686509317,2.9012187409889543,9.463491636430614,66.25585486449499,968.1897228144189,964.4158490461933,5.281158501742552,3,4,98
38404.394,0.0275036875826044,2021-04-09,12.850328598369387,8.759586521057948,16.93873875648274,2.4334540095665997,2.439375363557524,8.297556187240172,75.67442514479318,964.8138548170709,960.869859252171,3.670026828456383,4,4,99
41273.187,0.0355947612207071,2021-04-10,13.649798821654205,9.356012549984523,17.934879105824923,6.362649109080921,2.5028745781738,9.754453546161432,78.46814638776573,961.4608811543832,956.9927711013847,4.322214348584518,5,4,100
50314.874,0.0381439032985441,2021-04-11,13.343987620578297,8.654405894184524,18.032657938632966,2.3514125555833463,2.8285447557724765,9.693200464308223,75.63363281752075,965.3376564044287,957.9942834490407,5.605795361946168,6,4,101
67145.499,0.0467419281136165,2021-04-12,12.636671680710513,6.712280888567027,18.564075012730587,0.08363913573215541,2.51790449256637,8.540854379069627,62.4549136326323,968.6789126292646,964.8633433300716,8.999644529588712,0,4,102
53597.857,0.0382192679264596,2021-04-13,13.937852016127044,8.775267367185409,19.096498444065485,0.420999989859075,2.2625856425240594,7.445532048017195,66.28909953979041,968.0414805852638,964.1100596607225,6.524099030443239,1,4,103
42017.205,0.0302865352469023,2021-04-14,14.201996849417489,9.927528079632008,18.478238923188528,3.988777529595086,2.601209495614141,8.716443636325726,71.76484453045416,964.8320511883721,960.0976538423995,3.480091605752855,2,4,104
35738.408,0.0251791148281993,2021-04-15,12.137231335231023,8.575022532863073,15.69296377110128,4.450564306116862,2.5786418538853724,8.504112550255213,77.58887047390354,961.9012187289019,959.1502639906242,3.430974179192464,3,4,105
69453.45,0.0456117266002237,2021-04-16,11.961075015243047,6.310996563500494,17.610937694428443,1.3103186635961843,2.5198839629883407,9.866021724063753,63.135318107005816,963.6388928634726,959.7792679581173,9.045389087425292,4,4,106
78819.928,0.0565227909667645,2021-04-17,10.993791416763454,4.546224375578564,17.44611068595258,0.044978591719764975,2.843172852413291,9.45274599678323,53.354522896705014,964.8701003704857,961.6483232489869,10.576260062339097,5,4,107
81000.804,0.0653162277647342,2021-04-18,12.297106625780435,4.925280852723157,19.6775061408298,0.022985137023298324,2.210225120203161,8.083609876851416,49.446579708725366,966.7868743493075,963.6845824250437,11.21595709721829,6,4,108
62225.679,0.0459275981432613,2021-04-19,14.283676755993621,7.394269440989806,21.175434520184602,0.4125956154913103,2.3505728576512577,8.694411435831341,53.933870228300854,965.3186291542878,960.6158241058813,7.934575267356844,0,4,109
60296.964,0.0454483766899262,2021-04-20,14.244748731666988,8.858640265762094,19.62946483858839,1.719993885276159,2.6283534579141077,9.41857085178996,65.21289861917352,961.9062081960724,957.7048221645437,7.453449885395317,1,4,110
44588.144,0.034567975055852,2021-04-21,13.487349146678504,9.04988094480414,17.92578883288176,5.887899841445033,2.3056367753510463,8.801523347781666,72.81026549561622,960.1240798139155,957.2386505228085,3.404506188126763,2,4,111
50995.374,0.0390873237321027,2021-04-22,14.257459819396946,10.0002487582429,18.508043775519788,2.5402110633752337,1.9846307979947897,7.680261356556622,74.43941751498629,962.563146133221,957.8089915836191,5.445133373251771,3,4,112
58216.302,0.0436139677972811,2021-04-23,14.558162937793007,9.456814739645568,19.660235423828446,0.06687893444767495,3.751785988675847,10.772146477981128,67.1329313158357,963.3992549989621,960.6263837557484,6.993177912971805,4,4,113
42255.099,0.0341801605534032,2021-04-24,14.312609588095777,10.030917158268904,18.598190955299067,2.3648535323872393,3.6142463426813607,11.587982471581645,69.20056948308924,962.2812758055686,958.6272285878978,4.578275315397456,5,4,114
39573.689,0.0349489253218152,2021-04-25,14.504745495606773,10.525831033402117,18.486698374836987,5.6503051889798845,3.0377508611876305,10.895329722349745,75.242467237105,959.7584533780424,954.0354017011533,3.5039969831756195,6,4,115
43345.481,0.0355974590281078,2021-04-26,14.54619030359627,10.416823270777648,18.67340355250445,5.8559039708182095,2.2040283646133423,9.00285092712878,78.95623265215858,955.6240574807646,951.8435189814761,4.4289603703895715,0,4,116
48243.712,0.0380464517741704,2021-04-27,14.468042068945875,10.128859401225808,18.807996845719877,4.517764033951918,2.070833849305553,8.483256476794345,79.70234701945806,954.0863093407258,951.1159309504235,4.459629302134438,1,4,117
53848.856,0.0424890795380242,2021-04-28,14.41350402790709,10.191133988882777,18.64133727469691,3.7607603741150593,2.50418464148025,9.459413620451635,77.16767098777139,954.9457763820996,952.2669603721976,5.700203882486973,2,4,118
54387.936,0.0437041131885085,2021-04-29,13.228143650954685,8.884913376039066,17.576399578047134,1.462614655572235,2.861219183769499,9.227464540878909,69.99350603470926,956.7404753704013,954.020735435407,5.442779404378508,3,4,119
62401.262,0.0482068816434827,2021-04-30,12.536849550320095,7.361692104619117,17.711166495244612,1.424780052200345,2.337477897011917,8.843589562335037,66.30495176979514,957.3846918385817,954.5599198522333,6.742935851305269,4,4,120
74065.362,0.0583333176208645,2021-05-01,12.37455956063881,7.042310393266586,17.708649313472762,0.45185624575952865,3.130303982910253,10.165547823160942,58.668188508858826,962.245389310022,956.6083892992501,8.680853742546136,5,5,121
80649.735,0.067010617467986,2021-05-02,12.557576733075852,6.037140707955767,19.085473813706773,0.20526237875760012,2.030942990403767,7.961882472733972,55.74620954874613,964.2325244877943,960.5308713259142,9.980622844470217,6,5,122
60167.138,0.0469329645929937,2021-05-03,13.817556134093781,8.116869190807138,19.52034132491803,0.7818084472451401,2.630997287872361,8.828300304156407,61.6540695252272,965.3132202731949,962.3330802401207,6.3064329554720535,0,5,123
86984.602,0.067285334523491,2021-05-04,15.609573653890338,8.489747412385126,22.73034746748834,0.016397228971913425,2.1791328563303645,8.237425803405728,55.682787110803595,965.5071164074574,961.4080887151027,11.31116440786039,1,5,124
88099.517,0.0702476403807836,2021-05-05,16.715376341566856,9.176098715890875,24.25794266349332,0.01077638584640318,2.107466450356835,7.919873681004922,51.775056037373105,963.6982332490531,960.9525211993501,11.7220857971755,2,5,125
91047.236,0.0671316543555468,2021-05-06,17.65634247027482,9.846699401370708,25.464933674045696,0.03176124206122289,2.6542737421980687,9.219176744820933,51.17871202583828,964.5825511715931,961.4430831999072,11.919385040939018,3,5,126
90684.033,0.0685999321901521,2021-05-07,19.001415168605295,10.852706416055472,27.150802084794005,0.027684459408320157,2.1300833909920995,7.88632505506543,47.46200876419859,965.5082543072591,962.4775702377831,11.980059584725332,4,5,127
80066.072,0.0593597824062395,2021-05-08,19.4173454004716,11.570313555311024,27.264141805419285,0.4526567223651591,3.3430855013901706,11.73950507937762,45.534926169976536,963.6429975589306,956.4984171970982,11.075764110849976,5,5,128
44242.224,0.0339228567228298,2021-05-09,16.036554419439128,11.016897836553552,21.06487830122267,5.8844117213812765,4.405410524140951,14.67558191029769,67.98186549586553,958.5240426061335,952.2114801000828,4.849088567815518,6,5,129
60336.343,0.0458219898175271,2021-05-10,13.333543553348273,8.482383486656975,18.18421145645267,3.267456034527411,3.3631883342748434,13.1173695733628,67.09133042390299,961.5508923695196,956.0090517560477,6.7564778371333265,0,5,130
81773.467,0.0525037385096199,2021-05-11,12.93513542406894,7.200650866546102,18.671580738874233,0.3473106079590648,3.5896448826288108,10.897233429853394,53.153679107986086,967.4686667281135,961.6017269805334,10.73939868427435,1,5,131
71062.012,0.0464300718786551,2021-05-12,14.881787014026074,8.648213103102464,21.114922740264934,0.32883102392845803,3.9267802062101214,12.22049443894103,56.49905463136746,966.7608554624535,962.7745190431837,8.46786258869388,2,5,132
75049.974,0.0521300802725718,2021-05-13,15.153261760980982,8.775527781355285,21.53248308060775,1.2626715717996058,3.5215680408601155,11.474522687723269,59.19393968258875,965.2567102907369,960.3012688435854,8.878037715932564,3,5,133
88684.749,0.0617864935653983,2021-05-14,16.543781263440074,9.64727414305197,23.439627238706667,0.07319912102775555,3.2016909109433196,10.152255294174296,51.116936944398276,964.431388081097,960.7956463449601,11.17701843906968,4,5,134
81847.121,0.056477832630098,2021-05-15,18.482690925742755,10.773114177704356,26.188431658762237,0.22380575312997372,3.1238333614728315,10.011495713274636,53.0844410735001,964.2032834218278,960.8650339055979,10.280563586820572,5,5,135
78200.105,0.0550811144885869,2021-05-16,19.79498315232881,12.84420370018335,26.750440223645082,0.12419823268428896,3.5531090860503047,10.924773203728046,55.05533499157705,963.2044092929128,960.1308403348396,9.575524206361447,6,5,136
85661.56,0.0706061493473208,2021-05-17,18.994476771206283,12.117352739958498,25.870012467118475,0.018204857202400476,3.0528448049460235,9.457140637126313,48.4574150496843,966.3549476064816,962.1472005095246,11.377600518253823,0,5,137
86151.935,0.0624694289167712,2021-05-18,18.776760754672974,11.209380675191598,26.342603119375003,0.06994773412425631,3.2160236632575225,10.801352152411253,52.03431560516462,968.0739960701002,964.2706490938982,10.885475686486142,1,5,138
89856.132,0.0674519575534318,2021-05-19,18.844656155999225,11.680118239586934,26.008445557444798,0.01125044455737175,2.9850860908591965,9.353424977671983,47.417774444642426,969.4249847691457,965.6310794046666,11.835716228265033,2,5,139
89949.473,0.0707139962731784,2021-05-20,19.740933687821673,11.596391220073459,27.884807557627145,0.002681897364182825,2.4343325576997925,8.165824425604058,46.19109597669121,969.8941634480911,965.5421082241984,12.17465474662019,3,5,140
83705.87,0.0648902085672188,2021-05-21,20.03940636113822,12.493417375907342,27.587693123058777,0.041883202171114194,3.246879483813488,10.715767799829589,46.930125219679354,965.8551141231835,960.0731042098593,10.895184501360895,4,5,141
72179.886,0.0612308083782473,2021-05-22,17.37023512730874,11.407186592719032,23.346290634838553,0.11268909329754252,3.1933284701975455,10.16754297943932,46.402331832125526,963.6628602343349,960.1296764092586,8.131545627653432,5,5,142
50523.534,0.0460125820236436,2021-05-23,14.581448155655938,9.763731125216554,19.391935423368935,8.817386954575634,3.068337149282876,10.683071642805992,61.13053263061477,967.6077893462242,961.5579827224412,5.0415480561897255,6,5,143
83806.643,0.0648647669457826,2021-05-24,15.625979961641203,8.378430898865826,22.868237138035806,0.05123689771872896,2.9313067326999827,9.818472154571745,52.9562719887067,969.7137686304118,965.6364214702567,10.701341842645432,0,5,144
87685.132,0.0676984439063011,2021-05-25,17.687870895946705,9.993702376286885,25.380301490844673,0.022065204308175785,2.776264668647234,9.343500329887462,47.74261424139053,969.9036277275576,965.8061509988487,11.7917382298736,1,5,145
81638.392,0.0650884684516931,2021-05-26,19.147252043652518,12.181842508389405,26.121992529644274,0.4407638131717351,2.5183731996791807,8.783171568806521,51.3431935878673,966.6028504115621,961.9375082190206,10.517361874703676,2,5,146
48993.462,0.0401404804760618,2021-05-27,18.501121770928886,12.576732634811227,24.42699480920305,1.207118054837276,2.272113430014712,8.507402923585394,58.57276585828178,963.8347788761157,960.5370659942689,4.635791688474054,3,5,147
73885.481,0.0592177310509984,2021-05-28,20.525747776176523,14.2701780468338,26.781137994545524,0.2428212741848206,2.026649130097342,7.994009122858503,55.53487411224377,965.5305167248669,962.1514103374111,9.000525354036919,4,5,148
85134.78,0.070965960457883,2021-05-29,21.776318802435267,13.909725945138407,29.643371168330557,0.8032491747792897,2.007353886199934,8.103517480026758,50.17342782418188,966.7502913445852,963.7231273072558,11.35818935321911,5,5,149
70784.001,0.0618237358640175,2021-05-30,22.29920362257347,15.431567621939552,29.1697420808238,0.7727396392843737,2.4728028928989603,8.859023739010032,51.93828483418145,965.6846849322278,961.3802114410199,8.5625232281756,6,5,150
65915.881,0.0520710061985543,2021-05-31,21.965441021358753,15.488950727688248,28.438324755239307,1.782187155110456,3.0482249033919517,10.76403222453976,53.675183141078264,962.9969086664928,958.7284022880281,7.807691562452013,0,5,151
60653.924,0.0470673573589759,2021-06-01,18.68293322720569,13.6034522888391,23.762004199517715,2.6249791248133114,3.00979592580882,10.330957894787604,64.75142265473208,960.8387732958729,957.5618180178093,6.7914502060541855,1,6,152
86832.996,0.0657879657456041,2021-06-02,19.173308065770744,11.65465081316386,26.697086392849826,0.07173255767316661,2.4035155545642906,8.86416818234038,55.39167928263292,963.1660318650278,959.24923932959,11.560025903507848,2,6,153
80467.74,0.0614114063641071,2021-06-03,20.23057297392903,13.485865747717284,26.980500487496755,1.5403973524227295,3.0157796201837086,10.158703833561981,56.61660569102259,966.0540391337798,961.9804901405571,10.486625831155704,3,6,154
69353.372,0.0545829141547043,2021-06-04,19.80606672024633,13.162605888202073,26.456447870672463,1.0706552600434411,2.2808240726432967,8.76697366919024,56.88281892361317,968.1481432339405,964.5386976196367,8.250145825818818,4,6,155
55434.591,0.0488739296521619,2021-06-05,19.41505560205802,13.671666710111756,25.159092435096614,4.981379565360801,2.4949716053740154,9.897130706835297,64.44696338069802,969.2133723832517,965.3547365269318,5.787288294855533,5,6,156
90738.724,0.0755594243975642,2021-06-06,20.60020717736798,12.846580650771742,28.352899209258783,0.038637436243822834,2.2473121172899377,7.902927051325686,51.83347534146509,968.2027501331572,964.8158645473695,12.241160295482498,6,6,157
91257.876,0.0688616462307643,2021-06-07,22.368587462139008,14.055934039732518,30.6762089824548,0.033685384166046876,2.349097405677437,8.408991248911697,44.31019022030108,966.7675987169898,963.7307060595402,12.311954487538067,0,6,158
88352.957,0.0681643109519481,2021-06-08,23.702354936552535,15.112466628477318,32.289008144470365,0.09853141656373242,2.4047907052698365,8.806533384339907,40.39104824259205,966.9255493043897,964.0714572531409,12.023142968846505,1,6,159
86996.899,0.0661569374811553,2021-06-09,24.12512217783877,15.654087032027137,32.596474147023386,0.08209594381203825,2.411166191566775,8.783245837090538,38.63279213813519,967.0709180874625,964.1042067826813,12.099985446787326,2,6,160
87606.534,0.0657487561037988,2021-06-10,24.1139582377383,16.01972058899433,32.20249965118875,0.2638034637083269,2.5762467859472182,9.13910026076965,40.654922469485165,966.4278934962579,962.6328845441745,12.247869826640509,3,6,161
79703.05,0.0576231915942568,2021-06-11,23.623787168039307,16.184457140103145,31.06509106818081,1.6187793398320058,2.923167810064508,10.624110369087399,45.19729863086271,964.2866204598812,960.1465238135831,10.882496046017875,4,6,162
80261.408,0.0651479170576271,2021-06-12,23.24868939513433,16.092702490226866,30.403232813327755,2.330750325195518,3.1927733549697037,11.375367061519578,46.222957390091736,966.7923028484507,962.6241301201937,10.673481830014522,5,6,163
81174.473,0.0687675874405522,2021-06-13,23.795678267356084,16.515153483857887,31.08597784260461,0.21095393380577834,2.9985756923616,10.295134817450926,47.01897109720766,967.5562351372522,964.12146743839,10.798682299216608,6,6,164
82682.411,0.0608819905580146,2021-06-14,24.383538297551855,16.64257553625983,32.12040472278531,0.6049937688742146,2.3124146386118145,9.049715284574862,45.24843674185571,966.1854086255476,962.090390830554,11.188644618363643,0,6,165
67492.274,0.0486658219427973,2021-06-15,24.546533047414634,17.640142377132282,31.450138747413185,1.1303050382283404,2.885320858202127,10.227800602481087,45.76785494784646,963.5697826439607,959.4291837708231,8.634874522297048,1,6,166
65735.093,0.0467900815895581,2021-06-16,23.12671273651275,17.274551156733374,28.983704508723378,4.96499116039292,3.0836283555291537,11.11410775517406,52.76052146403051,960.8277034052546,956.0562653811659,8.250119714528317,2,6,167
48900.77,0.0355003629415743,2021-06-17,19.527745234272476,15.22711851213903,23.827037186567914,7.008624466477618,3.073527953586872,11.782420771412335,69.70129001053542,959.6124282463378,956.1763356014585,5.069508052225583,3,6,168
55868.242,0.0414929880065374,2021-06-18,19.344315353058025,14.032851968561992,24.65432389930708,3.0797956157109163,3.006377389364646,10.863463601138989,66.41516713883543,961.771906657212,957.7633729286973,6.170251585424723,4,6,169
54624.841,0.0456513390638509,2021-06-19,18.86568411095141,14.016836043272061,23.714657815803733,1.0928520820896188,2.507075647470681,9.086819837347935,64.18928467746558,961.99758250234,959.2623764472404,4.780823837807106,5,6,170
56677.839,0.0438240780127527,2021-06-20,18.504225632364083,13.76262606173385,23.24259260674474,1.086555861937649,3.7750859162186066,11.186075051213527,64.67441057781198,960.5831511811385,957.1311940661034,6.057216649531622,6,6,171
71449.135,0.0535124395272154,2021-06-21,18.59068666335896,13.18812280530923,23.99818997787223,0.27362959798495906,3.465039899152338,10.420616698520844,56.03233293430682,960.510598327438,957.2602931884461,8.794531715685425,0,6,172
74511.356,0.0569756619557167,2021-06-22,18.81198465775607,12.571238624715715,25.053693192016535,1.3718762581380908,2.7218996101913984,10.096917441493648,55.087432588807495,963.1903873000871,959.6378126398956,9.15253113556701,1,6,173
81740.639,0.0597923638544553,2021-06-23,19.22803792275846,12.73791069086798,25.720493844620258,0.46405553286536483,2.5191901020230985,8.562811664197937,53.48229117767555,966.032692811255,962.5109114892077,10.607631962387082,2,6,174
91965.51,0.0689728785385817,2021-06-24,21.100007861417694,13.54527617805601,28.659071115556824,0.00395454095698644,2.7304996189183828,8.805148919705193,47.15657276308116,966.0748516696526,963.5576897782789,12.56761787386215,3,6,175
90219.956,0.0663225620328523,2021-06-25,22.922919828795905,15.161615968568892,30.689193210491894,0.0031260532849664347,2.6644338720872955,8.819341893362639,44.74833860475531,966.1628537086667,961.8521956027187,12.66801654937438,4,6,176
84593.518,0.0654102991678482,2021-06-26,23.667140139769362,16.345832469397838,30.987745264008463,0.39153131137274705,3.215728810988255,10.694222221586266,44.6408950972597,963.8765028130889,959.8623920465798,11.837201493671795,5,6,177
86102.902,0.0652971369532499,2021-06-27,22.160270937189416,14.935463585895157,29.386036464507672,0.2511799387197426,3.5812607949179784,11.26250642746378,45.468419963657276,962.4753389085731,959.1954244103121,11.943778712869777,6,6,178
92237.382,0.065206639427804,2021-06-28,20.85120226542521,13.392424175640556,28.313936308118677,0.02363556258633957,3.08975790026844,9.811277443955081,41.30666697268388,963.8385960613651,960.9791504504797,12.517512399253851,0,6,179
92351.986,0.0654171873377931,2021-06-29,21.535735933265165,13.572874292076122,29.506365574423288,0.027640508596170146,2.6829753811315866,8.936880197487303,42.67482970679151,964.4265718218916,961.2231437712721,12.678750773672935,1,6,180
89583.331,0.0630151429155693,2021-06-30,22.785378552066348,14.551427732104312,31.02210673089677,0.0072171121191826745,2.6496038953132452,8.808312878302809,45.52586723905323,963.7723977647257,961.1056577301204,12.50242695432868,2,6,181
89675.729,0.0617408789992529,2021-07-01,23.934961482946573,15.797931865697233,32.06580210587319,0.0017146962265743562,2.5271161754571123,8.769945808218445,44.06631326473269,964.511881833443,961.8417557160477,12.518298950605649,3,7,182
90778.049,0.0602979913192832,2021-07-02,24.664171747164165,16.19251514707901,33.129613629227,0.05911850244606942,2.676187913748521,9.315011501828716,39.9073736212939,964.9650095297632,961.8944256385128,12.746742140407175,4,7,183
84599.393,0.0629219944785032,2021-07-03,24.55061998589119,16.843610010409517,32.25577414436173,0.05791480550664878,3.043539855151225,10.02863287515474,42.35727980682754,964.5903993355357,961.4621355281519,11.908068733165432,5,7,184
89855.968,0.0646445949679934,2021-07-04,24.509348286759966,17.067359067407182,31.953706973260008,0.004359774459878531,3.2137029396219505,9.844118394352057,43.427246878623286,964.0491038158459,961.351147153191,12.482341984344648,6,7,185
89920.857,0.0579623304367729,2021-07-05,25.108944927158532,17.162792276396523,33.05380802665906,0.17239817265825594,3.283020441338567,10.638297123193139,45.141955671058284,963.7682123201458,958.8183017514273,12.757730785752127,0,7,186
66480.987,0.0445587424905256,2021-07-06,22.478683588150172,16.47485542762118,28.47956334617572,0.6224170653562058,3.4055167385824823,10.809061766266893,54.06862596348595,962.6018861214391,959.3473502398546,7.840919510837907,1,7,187
84136.904,0.0573566651981347,2021-07-07,21.171602364546825,14.570035090197177,27.779700457470764,0.10816871409914458,3.104508709089617,9.918910982993786,47.63233776739907,966.9164549342892,962.3003319890064,11.23455305619739,2,7,188
88793.275,0.0595421120152125,2021-07-08,22.20765658967491,14.212146320315634,30.201974823665285,0.01099618479099882,2.7012089181917025,9.117768854785377,43.32609964494814,969.0209203165923,965.4787417331886,12.420335017017546,3,7,189
87083.302,0.0601718992634346,2021-07-09,24.429695662096183,16.432780837681467,32.42796087282093,0.0024362836762368027,2.9491458226222855,9.315061456745385,44.51429788865048,968.1196428605405,963.2049361228455,12.41758265490094,4,7,190
82981.952,0.0619234678685564,2021-07-10,26.810204438787505,18.0239786128453,35.596102407694396,0.021582750028170283,2.422690909999252,8.519779141032581,39.380232118082894,965.1531366826879,961.5732133884668,11.803778838356873,5,7,191
67079.337,0.0516125953908176,2021-07-11,27.806059208869975,19.57562884378021,36.0320857964922,0.18914146539872626,3.2190348250853416,12.136054958015142,41.13032261056513,963.899587547485,959.1656140498673,8.891801394890539,6,7,192
83266.264,0.0515318303852552,2021-07-12,23.371664698554238,16.880988252984256,29.864887936856142,0.16050429493815044,4.747974277358495,13.549389464543266,41.52746709414882,965.3531528872487,960.0179848409422,11.280653663161372,0,7,193
88268.748,0.0590446142751077,2021-07-13,21.01066876354867,13.857746319645603,28.17049933985309,0.09592092384647996,3.254783756258172,10.327626385989689,40.18947372232204,967.1048510349401,963.806183539678,11.924598965338287,1,7,194
84745.232,0.0573948426991922,2021-07-14,22.326296544498664,14.82094293905259,29.83062157518716,0.03664065732783105,2.7659293907545024,9.320272895930902,42.79156938561215,967.2587265983456,963.9778324503853,11.720246857772828,2,7,195
86392.226,0.0587349865304205,2021-07-15,23.696092155862548,16.062851269870336,31.328822163910175,0.009679434443446976,2.8721910381219637,9.06727237833535,42.807984500083265,965.3413229357337,962.4266724667497,12.163122286728772,3,7,196
89301.32,0.0603378010168194,2021-07-16,25.372368012807637,16.82138623609267,33.9274146161861,1.9693623062384916e-07,2.6108312553944457,8.580372169953824,40.03699477978439,965.4677700791483,962.4405426073878,12.646376965827981,4,7,197
87807.181,0.0659002375834998,2021-07-17,26.63209664005358,18.023924308236275,35.23721987237229,0.00038346078807764813,2.7525710142369304,9.189857345370976,38.0107153756411,964.6859751064887,961.429506018257,12.2787622828038,5,7,198
86159.889,0.0635303973095001,2021-07-18,26.486550902969572,18.376016158736928,34.597553636577416,8.650179860729915e-05,3.1335230654914334,10.335997966781829,40.214668192085874,963.4115646323595,959.4379317826979,12.137314804623998,6,7,199
87584.542,0.0619924931309573,2021-07-19,26.010434658433834,17.993722260768294,34.024293268440445,0.0003920330996319429,2.87588569909506,9.415591589508727,43.206028943137895,961.730372996113,958.5040510242352,12.224844007462927,0,7,200
83765.263,0.0595843186487512,2021-07-20,25.305679778698916,17.310349823841452,33.30057177185135,0.3383987535741222,2.572929399898165,9.103816509403,44.96701039809781,963.3397399298257,959.830018246658,11.261654122789405,1,7,201
87478.141,0.05969348417676,2021-07-21,26.157576885872384,17.362664039792513,34.9473571968663,0.007594640354087395,2.44538704601187,8.673324397921553,40.435534138281355,964.6537031893339,961.9872169155541,11.94942537725018,2,7,202
87662.885,0.0586858127290394,2021-07-22,27.24420480515053,18.360023906551746,36.125428159649765,0.006651047606796185,2.8377156949877977,9.543249291146092,34.12106022636267,964.8408304263361,960.6872117756924,12.04106736070844,3,7,203
76556.528,0.0500278667070988,2021-07-23,26.293648879853865,18.873865072994295,33.70962447596264,0.013189804558196646,3.199705034138643,10.666151861491214,36.824301533990756,962.0515133024264,957.5748905299774,10.26030091616907,4,7,204
85292.405,0.0632682918669676,2021-07-24,24.793402864372595,16.9732283382607,32.6063831469825,0.0024137946392319186,3.2283321748324507,10.225197980181036,37.551964453814556,959.6580196004088,956.9949510116176,11.556390328410853,5,7,205
79687.874,0.0622135683191595,2021-07-25,23.56897885746957,16.40291207376024,30.735349423884088,1.1863462419735051,3.134437892358119,10.426266305535576,45.31242489063197,959.6702581777142,956.8002946345216,10.296151488717738,6,7,206
76957.153,0.0547987726022182,2021-07-26,23.64693545534306,17.254812779485516,30.035900941206265,1.3055055291378905,2.562777561304237,9.599587068177177,55.3196117752212,962.8701082594258,959.1021517362931,10.284933594578996,0,7,207
85102.676,0.0587309506337327,2021-07-27,24.589416616972105,16.94631300385682,32.2322526938905,0.16841331667340415,2.773821622699021,9.49388194377491,48.968721105920785,962.4828336947452,958.3790302480961,11.391117118972707,1,7,208
87492.61,0.0589980504291794,2021-07-28,25.446446717882633,17.65815599016465,33.23657973189007,0.003656542348818753,2.7264363117478303,9.223991219254362,46.54909080335846,961.3515345338013,958.6091546077757,12.00034434434964,2,7,209
86325.549,0.0584109438595145,2021-07-29,26.10891795537056,18.560921501961317,33.65264548912891,0.06868862616714175,3.093467446996485,9.93464924042555,47.02769341844995,962.1809076060764,958.8418951660187,11.754525406381328,3,7,210
88565.858,0.0599547071064619,2021-07-30,25.54331601533366,17.68981897128099,33.39257520134837,0.24661981028998706,3.2185108728548517,10.637054962424392,43.88262363896756,961.514705566667,958.3911403437921,11.740234642545317,4,7,211
77735.959,0.0553147435687586,2021-07-31,21.873469842365143,15.793356071878407,27.956455625401876,1.0374218521014469,4.155365638624519,12.763607170867374,48.375677052222564,962.0359768230708,958.3086354999984,9.90083162664916,5,7,212
82015.888,0.0671865978413785,2021-08-01,20.700312719749487,13.676442946124004,27.73281425299202,0.056712392517273356,2.8760758148813177,9.742457418827009,44.84675749836499,963.5408703295539,960.0497224583542,10.820703353817546,6,8,213
78554.656,0.0605457807015637,2021-08-02,22.248535212710564,15.159477667036283,29.335900188423476,0.268906981196143,2.3589247868283807,8.529820412856768,49.64266604714172,963.0711176232161,960.1244910846822,10.037203941997298,0,8,214
81358.216,0.060869073148415,2021-08-03,23.787319857317932,16.223134709087347,31.34474533523425,0.5231970512426305,2.5053136882826452,9.244679904762881,48.08357990521898,963.626318862812,960.1169127516757,10.729302959578918,1,8,215
83243.632,0.0578777418394282,2021-08-04,24.790880063772825,17.90090051981014,31.681240331483526,0.1426229641808179,3.1250440839643185,10.137461603012511,45.52163815012561,964.0159017385946,960.8545097226402,10.994236401181594,2,8,216
86810.142,0.0622610625362457,2021-08-05,25.457164164457275,17.00271733788829,33.90590596860928,0.029654304355330948,2.794045168484439,9.39294476276803,40.97434679998065,963.376158685069,958.8343555456177,12.242669435292344,3,8,217
89529.382,0.0642916734861695,2021-08-06,25.281664315073858,17.48912333602358,33.08251646255348,0.048358353297503584,3.4318319365913834,10.667359340304825,41.933882937707196,959.6351200442795,954.8911449284658,11.987590584972486,4,8,218
86411.471,0.0644970601656655,2021-08-07,23.38698986607823,16.683321138306884,30.09384170733319,0.018532565787789754,3.4307674047279058,10.561020495249442,44.88268464684091,959.7357669064279,955.3864766078653,11.381284878274126,5,8,219
83286.744,0.068002156029407,2021-08-08,22.668525381553234,14.967377392370796,30.36961290322092,0.05987827210467283,2.6948280629823436,9.312164358296549,45.87144194386121,962.1523356022983,958.6223984585041,11.27191959312245,6,8,220
79491.757,0.0615068848135261,2021-08-09,24.430781525791225,16.8358824791327,32.02703713704302,0.006368179362879702,2.6161353625696915,8.755012582225815,48.142277992827644,963.0541690713587,960.3066762755946,11.164977244365787,0,8,221
68264.557,0.0506908225623491,2021-08-10,26.08268363949456,18.630391416690152,33.53378285947449,0.018851567175731408,2.14755334010979,8.711576845656728,46.495035901924346,963.3081898015765,959.777422838761,8.885057903436163,1,8,222
66215.812,0.0488397119722767,2021-08-11,28.21638776172738,20.386745349410248,36.04894348952094,0.7141654634021635,2.477265105941215,11.018728473807206,44.75679677198972,964.2453844303728,960.0904795606638,9.301153652350498,2,8,223
74690.898,0.0517401216362176,2021-08-12,28.879426562243832,20.822444812293178,36.94061973956684,0.027357837918882206,2.3147171067885295,9.200511285223456,42.60114824987443,966.0995942291927,962.4025881917898,10.579669682766744,3,8,224
74519.229,0.0523154454790376,2021-08-13,29.905192122330767,20.856071287548044,38.952132875103516,0.012761175971614337,2.4247682747979598,9.77567942770932,37.29061772772758,967.2153405910191,964.245831189258,10.393217216944898,4,8,225
71833.274,0.0506072358319376,2021-08-14,31.22139167479665,22.299636286220398,40.14250343223563,0.1288806824371677,2.534292169865131,10.614151993400899,34.8054397115574,966.4535670994809,963.0338059685903,10.14691244147725,5,8,226
69229.401,0.0507705272642686,2021-08-15,30.42026813610806,21.744407959866287,39.09545016585905,0.04935979268645059,2.912139518390472,11.395191435289421,32.67562921020639,964.9454285322164,961.5751733013641,10.015320339449172,6,8,227
82231.249,0.0536515642110514,2021-08-16,27.478448746613555,19.28046269420136,35.67962760331718,0.03237215872542364,3.204445840451408,10.544189415271791,35.23413406079355,964.8599683775151,961.7083931996826,11.169077496284764,0,8,228
80221.807,0.0515805263010978,2021-08-17,25.30152793118371,18.250086721298548,32.35743947050016,0.017935950067452654,3.1746182210363667,9.659468946991636,44.755514730306054,966.4206203015538,963.1896694772593,11.07982481857792,1,8,229
81660.037,0.0557547573039187,2021-08-18,24.786140395000377,17.594813675007433,31.985335964192103,0.20506051124330413,2.7767788148944486,9.258347646000804,47.239647704095184,964.8522190445292,960.1137289071737,11.067246459526443,2,8,230
76601.307,0.0559528508651775,2021-08-19,24.381402926548187,17.142304203901823,31.61773170402678,0.39200587624028876,2.5124592191241937,8.565937917227146,50.36416494900938,961.867780594468,958.4230170834572,10.720335393538921,3,8,231
84213.916,0.0614302740039655,2021-08-20,24.90082198382364,17.017709067480677,32.78838473487325,0.031384529251436054,2.4637116118930673,8.745084323623402,47.287993764766604,963.6236552025036,960.2905087112302,11.543081845049391,4,8,232
81907.599,0.0630146977863061,2021-08-21,25.51783903133368,17.287408355093614,33.75026890988529,0.0225935737445151,2.220451240547062,8.317270305506439,44.38500951570468,965.4700641666963,962.3005808826873,10.973510007799879,5,8,233
69817.882,0.0539810129580412,2021-08-22,26.676295987324547,18.569030959251283,34.78626237768991,0.020850234941374578,2.3603909150751194,9.252471740034304,42.84716027196723,965.9670220851916,962.3695207790063,9.070122089192866,6,8,234
71943.887,0.0479965903260476,2021-08-23,26.782077640730883,19.568638783693117,33.993956522621765,0.3174362245425329,2.9281164360127225,10.226983066891664,45.0332359765567,964.1507681869612,958.9832114234298,9.334676067242231,0,8,235
65093.248,0.0437267882646918,2021-08-24,25.18256966238743,18.891831902895653,31.472176113528537,2.9619786822941006,2.7704321826181824,10.850282907978483,55.67892108747674,961.4995965763303,957.1417777009917,8.574832028485782,1,8,236
69217.219,0.0491070721261921,2021-08-25,24.23038002691571,18.078983961849843,30.385413753844063,0.33274378660157655,2.346214941196159,9.086817257232305,59.41274465252822,960.6221653494365,957.4873744005133,8.974067589427476,2,8,237
77038.017,0.0550808074834585,2021-08-26,25.091680413778644,17.863675849939064,32.3214911073467,0.17185810242334576,2.0758060793279784,8.182716928757964,52.63037058584412,961.5521209562221,958.738375995685,10.589089386322163,3,8,238
80458.279,0.0564636977367894,2021-08-27,25.451785797537035,17.691614312919306,33.21961982605602,0.017078478142450098,2.548129480525843,9.114053039959709,45.446302090907224,961.8673419449158,958.8934160447986,11.191391325350244,4,8,239
82353.805,0.0589858552237467,2021-08-28,24.076823486257517,16.6166482212943,31.534937632591774,0.06373077664886695,3.062021756660344,9.727789840552429,47.00843449721696,961.7839385507999,958.9123615701847,11.097329929722697,5,8,240
77100.115,0.0609903463184118,2021-08-29,23.22631893503475,16.711515027982113,29.74200510822509,0.2102282605901058,2.6585724481771247,9.061316118366184,53.28913110366258,961.5108912723307,958.0622919141033,10.417418549626595,6,8,241
73441.131,0.0531606088844194,2021-08-30,23.043796442643607,16.355061077288283,29.729732776991078,0.8063073071324061,2.3633137813226406,8.600523607641867,55.022747649150155,961.0138510149575,957.8280791927496,9.913366262521192,0,8,242
67076.343,0.0474835420135467,2021-08-31,23.937408547916654,16.885460667517794,30.993903555020708,3.7711987436544816,2.4818134300949564,9.88825208968787,55.937290249575014,962.141106455368,958.4855837279749,9.352896588358837,1,8,243
44852.752,0.032102643413682,2021-09-01,22.014242560800064,17.138896440408047,26.888772742680054,8.251588752306255,2.667644850185997,11.052229787459986,70.05250969380975,962.3971593957345,959.0031297674111,4.859918250565736,2,9,244
67330.671,0.0496286327819272,2021-09-02,21.8578357134482,16.012353730867357,27.70489040568802,1.1974785166363549,2.0207952095613786,8.127297208777316,64.75357286250875,963.4176483516884,960.7704681755308,8.345313833910538,3,9,245
77069.717,0.0558938431166053,2021-09-03,22.784780039729068,16.31570381717579,29.252359068781796,0.4481043238156289,1.9031590384415698,7.548082683309322,58.05140038389553,963.5639301288617,960.3374205750476,9.948502221585056,4,9,246
81054.709,0.0623424992495991,2021-09-04,23.548039815776825,16.12437791295824,30.97501126554028,0.029287595720259796,1.987916550178802,7.710052373513312,52.67850837527548,962.666374410513,959.5468616176058,10.716643996555922,5,9,247
78799.101,0.0616070151839148,2021-09-05,24.949854544465108,17.21864007727402,32.68326936117472,0.0031173536542879036,2.3428492965662056,9.393587432299265,49.3325316570421,964.5591067927412,960.956032641425,10.761529129118964,6,9,248
46066.132,0.0322208563731275,2021-09-06,26.304224238069164,20.41959123799402,32.1903701757063,0.06030180031482175,3.085718968104188,10.360462518279924,47.26010321309164,965.6392199297532,962.4610173191396,5.261033226012649,0,9,249
66948.986,0.0431265001397004,2021-09-07,25.25509991289511,19.183727522417993,31.321315388209545,0.07982896212977374,3.3953233475960642,11.089480576160591,50.7358128667022,964.9054383804568,961.024971683676,8.3534810314282,1,9,250
71169.9,0.0481290681326135,2021-09-08,22.8338778916516,17.107211340388442,28.55021932633135,0.29781156410159476,2.9410424889300333,9.732499770597354,58.26052751511415,963.4170856609591,960.117851379458,9.26730856033424,2,9,251
61946.495,0.0420981945746423,2021-09-09,22.39433751949415,16.93913677686647,27.844892947921394,0.4708593000421106,2.817959288502599,9.480298062747105,58.544619573637306,962.9992497609163,960.6032813819875,7.043702529309211,3,9,252
77420.61,0.0543314682076276,2021-09-10,22.528658120780616,16.188217731770887,28.862144173070405,0.17004156732888054,2.5443708260932443,9.01419008204123,55.363618622854055,965.7945855418905,962.6555762778171,9.816708560622752,4,9,253
68051.618,0.0533030743661422,2021-09-11,22.60734654903983,15.591025833942806,29.628928266901408,0.03785282147856911,2.009819455871432,7.871904244289217,52.491429171412314,965.5325722467143,961.7440171419157,8.827268112441118,5,9,254
75727.599,0.0619807815475492,2021-09-12,23.804132280166282,15.893358652387287,31.722505262531012,0.074755113135473,2.291824167078833,8.81632914286165,46.89455914382219,962.8340559591337,958.7384620385445,10.09972891411898,6,9,255
25534.977,0.0180122521996295,2021-09-13,22.490442954089655,18.11465274510928,26.8663024836711,5.50095985913201,2.92653834508348,11.282973309176855,62.095368443350814,962.6650329456193,959.2155865372467,1.4409701665169965,0,9,256
22826.606,0.0154244145133576,2021-09-14,20.036335332013405,16.639572315326856,23.4314060057059,13.433216235523693,2.781321551660767,11.291295628582684,78.46188825422377,960.7035641458868,956.8147254586938,1.3116244246847946,1,9,257
54861.448,0.0362823525235798,2021-09-15,20.607078175050656,15.755450301419557,25.456673629946422,2.5948825568428475,2.013545882724587,8.57497453735547,72.2544499406737,963.2880369161641,958.8001599173998,6.070320856191998,2,9,258
69079.187,0.0483475375166434,2021-09-16,20.670246799576425,14.975882272099046,26.366072632426114,0.886081919150338,1.8868837224710246,7.464971683123427,67.87800731042316,964.3324877540344,961.5617052620894,8.385779871605143,3,9,259
76512.95,0.0540868521730199,2021-09-17,21.15419684022232,14.722715248793104,27.587182890522147,0.575786750553485,2.08129151002728,7.9998856539312415,62.20776805219898,963.8881736010132,959.5048360145264,9.741741253650035,4,9,260
75118.435,0.058277369265148,2021-09-18,20.34874484461256,14.421815201418571,26.278112315421883,0.7960074386668574,2.5730420270841905,9.272234525744397,59.9639627834211,963.2450581446285,959.7687938872592,9.243671316340123,5,9,261
79670.048,0.0648760031976269,2021-09-19,19.780745482448307,12.711417639138958,26.851016821503784,0.08265546141480393,2.116533969175784,7.927330214099278,52.645572041265446,965.6957692319392,962.5265342600574,10.388091711667546,6,9,262
73744.057,0.0512777422495404,2021-09-20,19.813652153272052,13.39527569884935,26.23807875886658,2.3205592467812655,2.5128528260907323,10.06340540043343,56.69954310980691,966.3925871651139,962.9623006404141,9.049977632151597,0,9,263
71078.593,0.0504617877434666,2021-09-21,18.18588608623672,12.865614173761664,23.50772859175279,1.4223705922902306,3.292918997025222,10.92833553867759,58.50984911226876,966.2660020047118,963.4430887769723,8.147312908968463,1,9,264
57438.749,0.0428081687259426,2021-09-22,18.501811368809232,13.28133094216903,23.724225155392563,4.8455431858649485,2.7711755413796224,9.850898091673498,64.23394556309627,964.8698787083256,960.8344618435036,6.729205580154032,2,9,265
48018.833,0.034920391208644,2021-09-23,19.28761774885563,14.580185981506679,23.99764997760056,8.850284737023463,3.2944449569196648,11.237269713127304,72.44682180343494,962.6855270619926,959.517451140336,5.887361555932149,3,9,266
40237.069,0.0304350899876106,2021-09-24,20.125694896915615,15.913829993057956,24.34333983564918,2.9986299126597404,2.5310998966896094,9.42877934617078,73.73888274989298,963.8099073451491,959.9134880775646,4.333580080451972,4,9,267
53963.472,0.0430076731671005,2021-09-25,19.530794734167447,14.847469872667837,24.214017920475115,1.1328572329098985,2.4501150146204393,9.441430006737274,72.00404093020582,965.5812560923725,961.4368392890609,6.756855474686027,5,9,268
73417.222,0.0591610260352176,2021-09-26,19.404378806343907,13.006413939463874,25.803464932994185,0.012754441565801248,1.6334429038908533,6.735837989813723,63.33044139104076,967.6852097495206,965.0637029928413,9.566969609214745,6,9,269
75774.822,0.055686172077065,2021-09-27,20.227988032637526,13.219140130935722,27.233992669321875,0.025202432962678413,1.6645164155963585,6.762765682024215,59.06633850591585,968.3712282789429,965.7060432011842,9.767093344641232,0,9,270
69556.832,0.051745688620078,2021-09-28,19.711325580237947,13.052515793313775,26.37023163782455,0.011528116946657082,2.0621202041160536,7.828067000456589,61.26620708753976,968.4887271488444,965.126463742035,9.051813497661495,1,9,271
76306.955,0.056352450171077,2021-09-29,19.439572981548302,12.460694904624736,26.414370858676268,0.050756199733946655,2.047669881951719,7.71104710961951,58.51389193548625,971.3136314486709,967.865938500503,9.694643896518082,2,9,272
68338.066,0.0501301638592662,2021-09-30,20.1018560519287,13.565002445476049,26.63709554692772,0.012986293686819727,1.8894450261244924,6.997878350402016,59.86983751479477,970.6080973715392,966.5497146672686,9.407057665251322,3,9,273
59388.657,0.0458244638408386,2021-10-01,19.877329010759787,13.336668181871133,26.424414418288716,0.06915817393365765,1.7033793738641254,6.7029373255671985,59.89893330506933,967.9620834960821,964.3775874583627,8.10347569144179,4,10,274
64414.383,0.04989303308375,2021-10-02,19.767082194060034,13.29888900876927,26.234394960224094,1.6204681023266194,2.34971591186872,8.858173467217343,60.65322524422082,964.4689114046264,958.2239693251365,8.796731514298864,5,10,275
41894.106,0.0327326290984938,2021-10-03,16.47319797531584,11.342963808118542,21.606610893861433,6.507538789306486,3.6523060617096594,13.042194093599228,71.23467984489795,963.6838517016505,956.2126613127301,4.809750032997342,6,10,276
66048.247,0.0481535234914949,2021-10-04,14.872187723378705,9.070036325956195,20.672152019654046,0.15226960104288378,2.308443264294154,8.811388646518171,57.214420466492506,967.2731831520858,962.9569647841635,7.934181090344229,0,10,277
66451.358,0.0477449099290024,2021-10-05,16.54783361434935,9.68655407251682,23.408604530587297,0.1449042418448358,2.216112912430806,8.316783798445934,63.734887342224404,968.148306455264,964.7388837921761,8.322069244298172,1,10,278
71844.586,0.051622509382076,2021-10-06,18.708865151208524,12.104495474964345,25.305828067022752,0.011275398214355395,2.08695980345288,7.758864753484125,60.486956578997884,968.6084293334814,965.7712238942842,9.722784626906996,2,10,279
70153.613,0.0503212947826505,2021-10-07,19.06153131935887,11.803859575219755,26.318327627233927,0.0008379111720971795,1.830599462076745,6.842332451144204,56.62048708326757,967.1542657908566,963.0803060870987,9.650956391467869,3,10,280
71605.356,0.0531501730889261,2021-10-08,18.829362594159257,11.50274428941461,26.162766020302065,0.0019836221150499015,1.7205133136535333,6.6565354089110365,55.63204615100919,965.1623762925028,962.6484744325695,9.733231180237329,4,10,281
66188.804,0.0534769468754676,2021-10-09,18.4651985288443,11.814920633051985,25.116932806305982,0.011705594757318803,1.7579292938723476,6.737225842082331,59.70074300844477,965.7277901778635,963.1357176499279,9.107315621030612,5,10,282
64404.379,0.0502935219307546,2021-10-10,18.184758739161143,12.036464879676204,24.330450435157257,0.06301180218762494,2.3228269814664353,8.008063361889013,62.120944043107706,965.910456376578,963.37821355495,8.928347150163594,6,10,283
61926.157,0.0484718144314852,2021-10-11,18.148602084294485,11.99935572998131,24.29282532094409,0.004514780837544156,2.713044016654207,8.857425933647313,59.945979880413425,965.8781574443667,963.3308696303789,8.6126772215492,0,10,284
67149.839,0.0519950192136575,2021-10-12,17.982767103224877,11.25457004200771,24.714930582392537,0.000715656530572625,1.9588630508070415,7.497203009890409,59.30263252940194,964.8170083832543,960.9126841682089,9.275914937355369,1,10,285
70993.393,0.0510031760478175,2021-10-13,17.46793367624622,10.194265877738001,24.745526983812308,0.0040018017733784985,1.840065850317482,7.03815689949578,54.50826777152734,965.6944747485352,962.301965819204,9.723509909492691,2,10,286
68089.132,0.0516009927808965,2021-10-14,17.264802007403468,9.899901966869114,24.636435028714505,0.004126982788841395,1.8521791579539137,6.912338637398018,57.46163201348033,967.8882976620163,965.1588277172392,9.375717220149754,3,10,287
65460.938,0.0503394395290498,2021-10-15,17.736284299452706,10.605299219182145,24.86636182194666,0.00020095972228721204,1.8118205205771336,7.211764371557107,56.10547282676427,965.7350282700274,961.7154925673425,9.227209122009942,4,10,288
46860.901,0.0397991653825355,2021-10-16,17.095368468382595,10.528996461611392,23.662749667180382,0.5328233995803395,1.5481798893083076,6.35884189710364,56.58496479056805,963.3397344465467,960.9648279164566,5.6021921256528415,5,10,289
45192.631,0.0396123944855702,2021-10-17,18.126333765144402,12.976285995383709,23.279459451196765,0.2630211968648425,1.4807302981408477,6.273853173748335,67.76173810942008,966.0553146958678,961.9985533671444,5.646066016112741,6,10,290
55091.989,0.0417881353614488,2021-10-18,19.059004438449513,13.16109284149636,24.955342959115114,0.022234303787532494,1.5064294706362478,6.004792129561524,69.25019490375408,968.8603052985181,965.4129257858353,8.000517764193932,0,10,291
63413.652,0.0457417457757456,2021-10-19,19.60152445354018,13.523138360646886,25.68343685827879,0.012568225209479734,2.4125141017490854,8.231425482827722,62.822359643609325,970.7524866120461,967.717688489454,9.232980273447257,1,10,292
60687.074,0.043760837765277,2021-10-20,19.02977700606087,12.509766268929088,25.552062978921796,0.023119404493477817,2.1802606662328468,8.245866808688504,60.20791504758687,968.6400728061493,963.9284479012645,8.738893254784768,2,10,293
54499.032,0.0422479186879231,2021-10-21,17.16651672791052,11.44638913721118,22.890380032593114,0.28117797311146625,2.2523841514480236,8.291312423215246,63.00223579027932,965.4552432846657,961.7879841019598,7.574056658801905,3,10,294
53900.843,0.0396964660071987,2021-10-22,14.661058468709586,9.077454398586644,20.243430406320464,1.9611898783095503,2.649938297920449,9.595240818603305,65.20946626568083,965.4366774458429,961.3027880744723,7.141993414734535,4,10,295
64591.866,0.0521081827622727,2021-10-23,14.705363344776051,8.148660209503491,21.261137170259456,0.04698130763354121,1.698385201333141,6.745171548048091,62.01435402564441,967.6946216741013,964.4132171394546,8.911394723312105,5,10,296
66654.312,0.0569512290392621,2021-10-24,14.698084853626902,7.34831941008068,22.045248069844813,0.04912713918445816,1.570619395215167,6.122645388121984,58.78552425289779,968.331603402101,965.5989535225127,9.366101876774444,6,10,297
59003.494,0.0446233934200298,2021-10-25,14.651388841939674,7.389895016845232,21.912398785803394,0.022610059047045963,1.5567678554310165,6.067804585228372,58.97259992659511,967.1285690933831,963.7862712363226,8.757934327624218,0,10,298
55802.825,0.040620811905126,2021-10-26,15.106903948378234,8.651033066187063,21.566894595798857,0.5548373217386918,2.1018775439457014,7.589580211368759,59.73647826666177,967.7361336342466,964.9839779223147,7.880633874498893,1,10,299
59118.484,0.0427497100519844,2021-10-27,15.103502298444154,8.256668456032253,21.95310330115916,0.026149909482097184,1.7582160162909073,6.596291739446316,61.24971661782816,967.5235536722689,963.827615828175,8.606631983502542,2,10,300
54236.359,0.0395926837999302,2021-10-28,14.868929991559343,8.297394965908744,21.442546340448235,0.5770809535821587,1.911000732100567,7.57906554423386,62.34072722666871,963.9610216239779,959.3203445346147,7.839879699805626,3,10,301
21140.397,0.0155525423949267,2021-10-29,15.008959962649355,11.61709495392108,18.39547782454258,20.445332129434174,3.0195722664745985,11.632075052286922,78.16358110712666,960.0617576187183,954.4503553530527,1.912178451244403,4,10,302
15079.026,0.011423643931219,2021-10-30,17.087296994709806,14.700634611167413,19.478584225028985,16.99792105657925,4.069056663342623,13.779237504090927,86.14662713855809,958.8702271079919,952.6221594011245,0.7819006075315501,5,10,303
25988.978,0.0192959078599209,2021-10-31,18.370189985560877,15.498365003903144,21.245410155456213,10.863696383651039,4.344123318948391,13.0541357480509,85.4134260491227,960.2149430946938,957.367396667143,2.569359284868674,6,10,304
35297.569,0.0264653714635537,2021-11-01,15.656708144438563,11.801683084915418,19.515061925749848,1.802178424506812,3.723428253060943,12.461516352607289,76.29125630640999,960.7754620752884,956.8883124409382,4.357263745872905,0,11,305
29545.751,0.0197769738040026,2021-11-02,12.762434916191834,9.18665592669779,16.33873166040173,2.8297572000921716,2.8764859929447018,10.63878314019301,75.98893288862357,960.1737901845277,953.3247052342504,3.1525523863902984,1,11,306
48105.043,0.0316154992520971,2021-11-03,10.269083950309598,6.3866552264265914,14.15590998294372,0.42887810867266957,3.443185111451954,11.679120140609209,67.61420208573395,958.2817510720059,953.2503417422942,6.4307835979048615,2,11,307
54318.176,0.0364971009557969,2021-11-04,9.019242067150339,4.076639895256051,13.958645804337818,0.568952955006427,2.2914900245223744,8.80347295412478,67.88796347288077,963.922625235025,957.4448358581691,7.128164283636607,3,11,308
59090.945,0.0382021797125974,2021-11-05,8.862421273382266,3.909312864338852,13.816409662086716,0.57799017538832,2.747151258507249,9.934002216436342,62.67103755556555,968.0143143384785,963.3446918536112,7.698765010425194,4,11,309
60978.938,0.0416473694201439,2021-11-06,8.708270366823802,3.4070875182875646,14.007582315593767,0.02028840755272007,3.0001208343203767,10.45140455890417,57.53059216653728,969.9596547070996,967.0131069934673,8.331894869941761,5,11,310
59471.045,0.0410721968893949,2021-11-07,9.1730955587551,2.8874788544315244,15.46498123671875,0.1338045188316584,2.6107231321573736,9.265555308476365,54.55052738011025,968.677830263773,964.8012405258819,8.391608510153246,6,11,311
59845.652,0.037834760855224,2021-11-08,11.362214386095397,4.735461285704377,17.986033122771165,0.04044608780266397,2.8254572277530694,9.694059775070134,57.610276848983005,965.3730551681364,961.8414591538349,8.686980179426234,0,11,312
59416.184,0.0388562582535041,2021-11-09,11.476913270718729,5.100539448498954,17.859105078199892,0.3574251861060259,2.0080342839068233,7.721591751648089,60.04759248453727,963.7052206809444,960.6793534661825,8.496153248015705,1,11,313
55082.01,0.0355883144071594,2021-11-10,11.190352390958482,4.739959436244849,17.651566493523674,0.42705973963459665,1.668980938799201,6.388535343985978,63.623597437760154,964.0353445164913,961.2563873799005,7.9292295429782,2,11,314
51836.694,0.0338349777021566,2021-11-11,11.313116732009766,4.77211364612729,17.847608659181834,0.3195326720842637,1.5040142697832228,5.922571777250338,64.91731653571038,963.9326645352014,961.5431741199714,7.577899462132496,3,11,315
49768.8,0.0338439014904295,2021-11-12,11.7849109492808,5.412422115101516,18.15434495383847,0.17671706757437866,1.6222977448986042,6.222405871065978,67.10938954290631,963.2163484636508,960.5407549157725,7.261403492945133,4,11,316
53482.281,0.0405964163519198,2021-11-13,12.344676135674483,5.946232344458417,18.738475469157635,0.03887159209703163,1.6296023526047234,6.303683888436349,67.45037308143138,964.1594703366206,961.9078841751673,7.59391699867614,5,11,317
55030.357,0.0404326876104797,2021-11-14,12.196596886496671,5.858279336807455,18.539061210463224,0.3537679098967399,2.1817617534397673,7.83410214713643,64.72520934578326,964.1637689494091,960.8308130429238,8.20555531641733,6,11,318
55021.192,0.0351030725611364,2021-11-15,10.815815033860657,5.360466624767638,16.271099389867672,0.12859784178679554,2.7118907647853434,9.86173920498992,61.04288218869442,964.3738397803162,961.4686220951687,7.7330878065077755,0,11,319
54586.589,0.0344394070206554,2021-11-16,9.73700440511433,4.061157329012211,15.421486326026313,0.10837579022203776,1.9682171207221268,7.019463113379245,65.25291152134555,964.1767560655359,961.4598480291735,7.614332241419951,1,11,320
52915.945,0.0340880487303193,2021-11-17,9.765518694662356,3.951952569760396,15.574841873773122,0.7586946885397556,2.470953640621232,8.483416089610387,66.93208406973986,967.2090087594199,963.0942895073591,7.710257972770568,2,11,321
44005.824,0.0291707461748683,2021-11-18,10.062160369101518,4.653067652346812,15.464157501898676,0.6999959521207939,2.87972018004405,9.505658437368773,70.84329157225294,969.6064734761384,966.1810888227233,6.702577243794936,3,11,322
40210.163,0.0270000988128434,2021-11-19,11.34623890580682,6.574415406543646,16.11530784582143,0.632345211791155,3.723174584074514,10.875504916628023,69.60648739122384,969.7754449629409,966.5218895745677,5.878409942580715,4,11,323
13373.819,0.0099142712173827,2021-11-20,11.138594711479644,8.373299751167446,13.903327445997796,4.196163938318271,2.1207225258134943,7.9313643941196,82.98312212760094,967.6600756652142,962.88356560174,0.7557902304755517,5,11,324
29929.374,0.0231289726106758,2021-11-21,11.63360724975885,7.86685471903543,15.403856855278228,1.393881263632278,1.5130964103579714,6.030231651639668,82.56549680636276,963.0291869142236,957.5691287554816,3.586133239876815,6,11,325
23436.06,0.0152536422921033,2021-11-22,8.943965997474793,5.240338209148988,12.648743174834879,5.9729923565673255,2.5730718448811105,10.001022941929053,81.98339690398639,958.4195612063254,954.2465540374315,2.528708503063364,0,11,326
29688.343,0.0181026737352392,2021-11-23,6.637814776067188,3.249103180103963,10.031003151408989,5.122527924164864,2.118476571527816,8.866790478121144,79.64266772086908,959.1156526567046,955.4547166952772,3.6576206120956005,1,11,327
28010.055,0.0170733981188746,2021-11-24,6.535904717759151,2.987354061680968,10.089509290565797,2.4020192968475564,2.4365108648582505,9.06846474607543,79.12958695432226,959.9106281462006,955.7152729139332,3.3860801061421824,2,11,328
28800.898,0.0170634994885725,2021-11-25,7.221369486554882,3.75513284217816,10.685681081646647,1.82613544384113,2.471696391729156,9.101307921958957,79.24077599980183,956.7255761725875,952.672164843015,3.3004868480730916,3,11,329
43675.919,0.0262146296206102,2021-11-26,7.073766495067497,2.890315663751832,11.259564338617903,0.6202782506806279,2.699705129698659,9.64168802931187,71.81581392010698,957.196170538002,953.9675035996952,5.826170543580224,4,11,330
38461.064,0.0243916947478589,2021-11-27,6.373430026462056,1.9246375823835704,10.815695132903057,1.699268041957603,3.8870910947403035,14.187821722356272,71.05343743655531,957.9740242477404,951.6162081432617,4.900073305455132,5,11,331
46354.329,0.029967843763416,2021-11-28,5.506324176222236,1.3365396891760075,9.675834066548635,2.0112038730045074,3.9218483647601206,12.922846496825027,63.806109444076874,963.3722124648999,957.7200577523073,6.529879483392169,6,11,332
41319.344,0.0240955373693848,2021-11-29,9.233976524501468,4.983721441157983,13.484544813261198,0.3455731708604193,3.6785366781334305,12.548465950639901,70.08107398972196,969.4116969919523,962.4592973206134,5.502712112080159,0,11,333
46898.993,0.0286188834649997,2021-11-30,8.385304849018297,2.849184059771121,13.928014854740074,0.014857266869428454,1.4307028435014613,5.8506732839741264,73.62918199203806,971.8747268807999,968.2267644481585,7.021733479652848,1,11,334
38636.338,0.023573134138814,2021-12-01,7.2017990845093145,1.6613397438916813,12.742819632020876,1.8331647450656408,2.6968730792209494,10.349760973656092,77.73459722489946,970.217160650704,959.0022295045175,5.661204558496183,2,12,335
41849.644,0.0242035974756644,2021-12-02,7.550208370009112,3.883047459686111,11.21451154885329,0.6058012963117912,3.9146172332171254,13.278657044233036,65.3698683800355,965.1989940530107,956.9644404196653,5.648670338227417,3,12,336
49714.295,0.0281087787564616,2021-12-03,7.717930558256356,2.1680364269372205,13.270789668200182,0.14637679393482766,2.7173981870978903,9.907122296063617,63.95477599059185,969.0178151786216,964.0468299439658,7.331614770773369,4,12,337
34468.259,0.0221280960328423,2021-12-04,8.254705898594702,2.976333975281382,13.53115077287157,0.9616291012381856,2.8961524487377335,10.377907361508283,76.9782565394571,969.0327145142293,965.7778345308894,4.471725510543485,5,12,338
41301.731,0.0264449108849488,2021-12-05,8.324171029784532,4.603644728023405,12.048602293558398,1.1662126977606064,4.337325532358281,13.602361516315735,67.43778867964977,968.1976275378589,964.3187100873615,6.000341766684218,6,12,339
45440.872,0.0296702083940729,2021-12-06,8.757337003396954,3.6828987087678944,13.837011701218962,0.5072298583021796,2.8153039462652445,9.972053624400345,68.89645225068766,970.5624556313868,967.4140850446967,6.9200991863983825,0,12,340
27197.906,0.0176362246790942,2021-12-07,9.752887180834914,5.230663045721768,14.27673325456585,3.571657494949323,2.8634101882738547,11.916061407590018,80.19041847953655,969.0006776515908,959.1405002651771,3.4470852347078424,1,12,341
32660.832,0.0200759110730851,2021-12-08,8.615152690973968,5.450127955173383,11.772428818888725,1.0577871590222048,4.791956932651599,14.932588108061001,70.13393302761195,965.3319741563157,958.424987588631,4.397338079658942,2,12,342
30298.89,0.0179503881084215,2021-12-09,8.426756055640485,4.242390433703406,12.600649104040258,3.4422864752571622,3.8087821040196106,12.267358541165189,75.65088787867356,967.7682324893582,964.3125173357018,4.035140894979327,3,12,343
20443.38,0.011873894040919,2021-12-10,10.85302671143971,7.596520163352237,14.113405924020512,0.9519751563894435,4.617140842017058,13.57795306131984,76.50973163478945,966.5198767563838,962.5331354582208,2.1638998153745455,4,12,344
44297.812,0.0287440262031805,2021-12-11,11.721605783998513,6.598595221130915,16.845751644120185,0.13351359547923988,2.688698741046476,9.97464674378493,71.32582757031719,969.6809530956042,964.6341737760551,6.8446775278902035,5,12,345
47224.865,0.0351178802597997,2021-12-12,11.011638342780234,4.976969292511368,17.05030847117653,0.013354240762306745,1.7921386651910258,6.703471477733827,72.52021060640543,970.9568677035986,967.9475962342087,7.427481846586123,6,12,346
41106.664,0.0256345391025166,2021-12-13,9.803050749631701,4.116142179370769,15.491649962774007,0.01509708172134824,1.8696689850339208,6.037493401684401,74.52115553409011,970.8783200504623,968.2441709134634,6.7047658714923335,0,12,347
41010.045,0.0252151456112928,2021-12-14,9.557792169541436,3.4449696494963944,15.672427583923849,0.03780702636300898,1.8617691736434263,6.074469801740663,70.74830829589625,970.6067498772809,968.4822126401207,6.852857780241377,1,12,348
39807.206,0.024543026283913,2021-12-15,9.321383420625665,3.4516727274106476,15.197737201891599,0.02238222329822954,2.128048044066668,7.197111279656116,66.10629368476773,969.9494288556886,967.443661696752,6.506433864618645,2,12,349
36319.878,0.0219461995232573,2021-12-16,8.89631188097932,3.928204808583803,13.86554855427717,0.006771450659715933,2.9177027286261343,9.311735845718147,68.46308625010133,970.706379969789,968.424730174969,5.8381589120401145,3,12,350
35212.755,0.0212882634531888,2021-12-17,8.580382150920787,3.7541716714299778,13.402695333291764,0.03328028845100969,2.444711986367273,7.9052189434033355,70.50359172753116,971.3338697167344,968.7445537043715,5.543886298520148,4,12,351
28220.235,0.0188310111008606,2021-12-18,8.029188611537586,3.8740456017724934,12.183959777972209,0.2244938001621461,2.182666270853885,7.167274169710346,76.76051737185561,971.8363175516212,969.4022156594419,4.280698115488806,5,12,352
32997.993,0.0236989009397149,2021-12-19,8.940657502349307,4.471741189157523,13.412375140379924,0.03858878142088335,2.5807861150836704,7.963912419405725,76.83899370779258,970.8662362652024,966.129741989798,5.166420314119836,6,12,353
22190.558,0.0140781715284478,2021-12-20,9.02639764181083,4.613839599357631,13.448875196743053,2.5596867546823154,1.914908537744329,6.986562680333085,78.94852576696354,967.5739631087018,964.7197507852039,2.832984924295978,0,12,354
19925.02,0.0120847186581823,2021-12-21,11.220294219419138,7.345273895077287,15.09784968341793,5.976553147010852,2.0823521419556656,7.657773587011891,82.32736952563735,966.217300421546,963.1649050161623,2.3771775369548447,1,12,355
24440.03,0.0154555119080658,2021-12-22,11.093895235707635,7.2701865254669285,14.919641993570414,2.115195322314272,1.8599524977463044,7.631771695654373,85.24834363742718,966.4626695520706,963.8953614997533,3.195692914901163,2,12,356
11637.224,0.00737310856716,2021-12-23,10.640220295827731,7.999438127330603,13.27941507141276,10.371644610839143,2.262086081562427,7.331429813425624,89.3414614538188,965.4420777180331,961.5130201249308,1.3838147672162806,3,12,357
16130.366,0.0119458663125939,2021-12-24,10.858161350642977,8.358545579116885,13.357147210809542,6.983317924989814,2.191544675589676,8.61472582640548,89.29693722214327,961.7520107036452,954.8623101966543,1.305821903868845,4,12,358
14476.055,0.0123210497524464,2021-12-25,10.770296411497192,8.216170542145166,13.327717445572372,6.18353654875858,2.8122838333212954,9.94980828551064,88.73832619780077,956.672276919392,952.0362291941346,0.9621323896621007,5,12,359
13596.787,0.0105687294418299,2021-12-26,11.641642286854315,8.919227239595138,14.36697101419813,5.203491800880376,2.8667149217714494,10.385189729369815,87.51633289893265,960.4948529370041,955.9359403526379,1.1777625703427166,6,12,360
31441.992,0.0199529920283213,2021-12-27,13.768922113346264,10.6409556651117,16.89692068889369,0.6280040650831038,3.9892349479182516,12.595942203161297,78.31008303484973,965.9141972675284,958.2278497801949,4.74640753455641,0,12,361
29268.765,0.0189581567379711,2021-12-28,12.777000090538348,9.009135447195675,16.547692413862162,0.13266212917647668,2.9233213209796536,10.02895330971689,77.50936279489217,969.9485125764267,965.2262123733234,3.747023453692023,1,12,362
37977.721,0.0288207183744852,2021-12-29,11.816379962776221,6.912902046261172,16.72078158538288,0.05398241689267797,1.880910547054902,7.048153631121933,78.40234470260766,971.2196574529452,968.4607294228944,5.805225730336192,2,12,363
46254.293,0.0399046931091705,2021-12-30,12.076067755230149,5.320320429182906,18.834030709761134,0.03360844323640177,1.4652930216364333,5.3906053198724315,71.67422305649737,971.2516838350795,968.1505600921706,6.982006842806979,3,12,364
48158.839,0.0432414548308968,2021-12-31,12.311057889928207,5.268860014039611,19.35549243905611,0.017375167359841796,1.5165416305589685,5.097415036859166,66.71954702058267,973.6385342208475,970.5124494178049,7.257887486845848,4,12,365
45824.194,0.0416264491623172,2022-01-01,12.082622823230462,5.093589773175288,19.07546498818859,0.012808984649155001,1.484689087055707,5.277237674683414,64.76190503422957,972.0950541426529,969.9259556571775,7.181784377435601,5,1,1
42955.896,0.0375203587701268,2022-01-02,11.373166039833851,4.789442795415847,17.961769786280232,0.00703509935844149,1.2487741846753908,4.580143729787882,68.630274276813,972.9417888433856,970.8208660411934,6.386796758253836,6,1,2
47226.381,0.0357372993972508,2022-01-03,11.29488927715979,4.697286906383656,17.893725564117258,0.023117339425880384,1.332668905234243,5.298126173425344,71.0452940911553,971.07691723962,964.112441874819,7.441797443126814,0,1,3
28149.755,0.0190924995404839,2022-01-04,9.819553737612926,4.510186843059923,15.127294751527952,2.8303115702382846,3.3833435678991846,14.493526038764408,77.19407839038503,964.4504854701834,955.4583561662047,4.3750572741599605,1,1,4
34613.953,0.0229951602396406,2022-01-05,6.836477644143795,3.362313335335693,10.31197133899206,2.4896261679919025,3.4586296186064,12.288779963578222,74.5054506549034,963.2554558481462,957.6823934455124,4.427415169721659,2,1,5
52717.779,0.0389822375260735,2022-01-06,5.879654017752434,1.429807300476296,10.322563000418953,0.16289059058097047,2.322917358959361,9.163819120134654,71.31655785036865,965.1697417504835,958.7705026635778,7.49513354350499,3,1,6
51956.984,0.0352119633504051,2022-01-07,6.442338466542238,0.9699049095853959,11.912217696478878,0.15407262022715387,2.4560578103753685,9.047873509099281,71.48307528623062,971.450728076662,964.9019098542773,7.043470565844163,4,1,7
44703.705,0.0318830671382059,2022-01-08,6.440283261529361,0.873759404886053,12.01241211595903,0.41332690040467396,2.1599092201193484,8.22340475324621,69.17583141210882,972.0879688679898,967.0593671611737,6.7223665212726065,5,1,8
39883.161,0.0249175756253301,2022-01-09,8.076812966735094,2.4887223542466748,13.667857434845686,1.8547655265414342,3.512758480191233,11.233048077838095,72.12849339188318,967.6382163319685,963.7172608200725,6.008236479474643,6,1,9
37640.325,0.0221344429256503,2022-01-10,11.29711101534466,6.937551587130021,15.646880871646344,0.7053290762390806,3.1777052897696336,10.801129156658476,76.21061645404882,965.9785906953696,961.554926817256,5.559045183750571,0,1,10
44564.886,0.0265234915901467,2022-01-11,9.457059236711828,4.225213107023448,14.691041980366238,0.17112844307991154,2.437858500669617,8.801677027150344,73.5816222947531,968.9322311089436,964.8205805249125,6.1428676569071,1,1,11
54425.33,0.0314183109627444,2022-01-12,7.797798112569967,2.3704463887043485,13.217504361612733,0.14775756837734258,2.281364995830405,8.014604095787263,66.18963155061807,971.5426233106494,967.8394872220854,7.660541323623016,2,1,12
52670.621,0.0314205808861602,2022-01-13,6.411476455232957,1.1003489549801102,11.723421172489687,0.07028096013702152,2.7134470735068037,8.603514644142319,66.45763701956567,973.768814559937,971.1684303867415,7.697627972837023,3,1,13
51637.608,0.0306611356403443,2022-01-14,5.724797633527714,0.23351488704968681,11.224345402810892,0.0107478233166548,2.358418934882328,7.698622176117271,67.20693830552075,973.828217266027,970.6312956126444,6.9568707778018295,4,1,14
52724.844,0.0368883261973876,2022-01-15,5.878316762374741,-0.05128059052278599,11.800547096846092,0.0026522301184285003,1.5327917944963534,5.832019116070037,68.16972007167776,971.340600602005,967.9812444839981,7.34549079969139,5,1,15
56701.321,0.0409562848391269,2022-01-16,6.087209014716241,-0.34909517866904416,12.523833656312172,0.03329716056980236,1.4607301925853897,5.449282613369824,67.00548132191156,973.8563711438906,968.7997772364059,8.132038368284098,6,1,16
59702.162,0.0360514146632257,2022-01-17,6.3023215491887905,-0.38769037234818,12.995314575580707,0.14464728729063858,1.69181469701535,5.935258899949787,65.077659241863,975.5857153873369,971.5573587586875,8.216139159558951,0,1,17
60576.975,0.0350942656743385,2022-01-18,6.619977314311619,-0.6280012289687422,13.86367929056317,0.0037914776395431447,1.5059198330261105,5.357396759023139,61.096497802218515,973.2170162719251,970.4235372756398,8.280944402694082,1,1,18
59132.45,0.0342095023386163,2022-01-19,6.397868970291875,-0.7255698909110325,13.51665989389309,0.005186333495968263,1.494709680623989,5.755561505284167,61.06604340319428,973.6995936098582,970.4388949591813,8.062404080904088,2,1,19
59281.943,0.033541176271523,2022-01-20,6.4729236032187965,-0.17340581522063173,13.123871212954253,0.09527919917410377,2.034379966687893,7.6810051796235586,63.28351739028389,971.3618110056636,967.1123852790527,7.8736231954942415,3,1,20
60353.658,0.0336903564148087,2022-01-21,5.553260584529092,-0.1352568457473614,11.247439343344686,0.043149663938169346,2.2432212583210567,7.965413145792155,64.80420146038043,968.901601656947,965.4788533008132,8.136159577588076,4,1,21
53945.046,0.0345877443366548,2022-01-22,5.951011214978066,0.17838681455765465,11.723812098523533,0.1523430150654874,2.4120590761905487,7.856471616114827,68.71725172859463,970.6537983677981,967.7890286037433,7.277859377727989,5,1,22
47149.617,0.0329065726336814,2022-01-23,6.542959154121061,1.131258916624032,11.957739455980432,0.10254517028288662,2.4258649496025515,7.55115206108686,71.66504690921644,968.8604772085607,965.8599634069349,6.362941998302862,6,1,23
44463.232,0.0264380471808967,2022-01-24,6.720848422722264,1.6338334547901108,11.80580465602428,0.4371717163509635,2.231781019591949,7.493560363560038,71.98881292213632,970.7759235250497,966.9929932221678,5.817083766848856,0,1,24
44158.014,0.025840099232129,2022-01-25,7.4319226628580095,2.244691599683836,12.621808534482769,0.1707068057604968,2.8476299230921627,9.147272866513118,70.02845749909461,972.7903159559031,970.4048560288186,5.8198065050327275,1,1,25
39290.116,0.022668501117829,2022-01-26,7.5015132228938475,2.459363798766296,12.544442977524845,0.22275632129290002,2.880552077258302,8.731128736377507,70.30055488439197,970.9319060540524,968.091066672517,5.141565686030468,2,1,26
51044.587,0.0297816401114642,2022-01-27,8.518817041410754,2.7276292459428393,14.306594063302173,0.05952002271645859,2.5178295139986293,8.235063502227417,61.83081529258671,970.7686487678947,968.1106406011224,7.051749422605949,3,1,27
65288.559,0.0392858310334749,2022-01-28,8.33514205961779,1.485120201472451,15.195014392412931,0.022411702806818753,2.691919036504498,8.775437192312445,52.575222741066185,973.0953534980096,970.037731445836,8.62936091028344,4,1,28
66309.539,0.04815473994707,2022-01-29,8.973160319839726,1.1483722873600604,16.794286003716905,0.003051070683173895,2.489176011894782,8.056525246980746,40.75017906896497,975.0020174489767,971.9965639845492,8.712974677332586,5,1,29
59624.784,0.0448937634875753,2022-01-30,9.53709003967673,1.5385556243073657,17.535046374540226,0.003977366860213283,1.751223905076957,6.323426973532991,40.35986139845301,972.8034769720189,968.0937469171507,8.279438781189594,6,1,30
60574.259,0.036895969006963,2022-01-31,9.563932113032465,1.7313493681153356,17.391480075154742,0.11813951026541446,2.628985032658458,9.944370224627104,46.245057612650434,970.6260864128468,966.9779847870367,8.399693405425795,0,1,31
65911.233,0.0389758302110764,2022-02-01,9.307393940885431,3.191870927361531,15.424785003449696,0.03452716596093594,3.149694745544917,11.417256577218861,53.102737622669046,971.6607289691982,967.4352649027765,8.639150586537871,1,2,32
69764.645,0.0418210462993607,2022-02-02,11.62434493494276,2.808679144085649,20.43262523945237,0.04983413244982147,1.7689648974728622,6.8517022130544,53.489580700260454,971.8089012998562,966.8330367426025,8.974861415523451,2,2,33
56041.042,0.0344700883054344,2022-02-03,11.06897032085877,3.2542883896513053,18.886953406327,0.0022478620734903264,1.6184190242140741,6.417543167893741,54.54388298842439,967.8063381993071,964.3292960457215,7.427521923869597,3,2,34
36161.711,0.0244762546275276,2022-02-04,10.443418855790137,5.147010947027211,15.739638465441233,0.22269267091876835,1.8156261527454938,6.776411237540121,61.18080662017599,966.5872848180334,963.8898414371365,4.070360290090888,4,2,35
49068.635,0.0359218567908336,2022-02-05,9.627827479653746,4.723679974673233,14.531031692560695,0.05972477332918127,1.948640538750962,7.1925048903049404,69.10921147465363,969.0616027218658,965.4666327112493,5.523481031943855,5,2,36
58779.552,0.0457102747509714,2022-02-06,8.941661792839318,2.651689219554822,15.238887752186397,0.008177597003191954,1.8212204046396476,6.898547992753839,65.48205491278055,972.2202600301313,968.6042282483891,7.567930012810813,6,2,37
71083.206,0.0442330394942916,2022-02-07,9.890040380593057,2.3443655742544816,17.439841610418423,0.01568864841719325,2.3436055117026764,8.47993345824706,56.29061381236294,973.2457786636145,969.2626253768797,9.033642749254753,0,2,38
68960.303,0.0438374257204275,2022-02-08,10.254866612476055,3.0503221741448163,17.463672977949603,0.0014112579043913554,2.41422118933949,8.153534620394543,57.463636488456736,973.718673659159,970.8044352455945,8.98004161924823,1,2,39
64567.582,0.0407336245444645,2022-02-09,9.887294519442396,3.0111874006996167,16.768853903827868,0.0014473256271840416,1.8836796465643737,6.705468164880675,62.080031141610704,973.3157175426022,970.347085901525,8.241585792286614,2,2,40
61435.205,0.0390278195785884,2022-02-10,9.774772597711223,2.506010664688153,17.043198264422404,0.05714867484989857,1.4950841399807888,5.679915392164834,62.72403706594056,971.388264831549,967.8326808490276,8.194728488841973,3,2,41
59213.173,0.0375947993558665,2022-02-11,10.595381638205454,4.056958994047643,17.139239568637752,0.05319370097664346,1.594460295923505,6.374975135075298,61.92002894874573,969.3608452512693,966.3384647606659,7.550887172599257,4,2,42
51606.72,0.0383255870054786,2022-02-12,9.94814375361682,4.199744433714993,15.699601753593932,0.1287993129597412,1.7757206511252923,6.794537846743233,67.47434628290227,968.1141701347245,964.898578244308,5.9157673338161105,5,2,43
43229.229,0.0314850974268327,2022-02-13,9.605537544630277,5.012730669804486,14.197444040289632,2.0843050708945277,2.67281159858281,9.602162746972525,75.19022346011033,966.2437462564166,960.2731153040714,4.217014821430723,6,2,44
67013.32,0.0414475864203439,2022-02-14,8.855614685240814,4.2834904527321065,13.433241887200298,0.4711569375693594,3.351798264559164,11.526872737255047,63.82470317941036,967.1329612757224,959.5183012417699,7.378913543106439,0,2,45
73935.609,0.0462238998494545,2022-02-15,7.960663694215186,1.5839886754272643,14.34158068187901,0.053192525000779256,2.399276549756332,8.944609769903682,57.37735595981397,971.147099731257,967.0501818823031,8.932570892600085,1,2,46
60872.076,0.0378926591870324,2022-02-16,9.784094523779912,3.271029462536775,16.30323649162341,0.03107572068201787,2.7464121619369206,9.33420829740798,62.2612194866098,972.0633883676779,968.9965916866228,7.630500241628197,2,2,47
74657.967,0.0482839074368435,2022-02-17,12.390612810014906,5.021102053469149,19.76709612781212,0.004800601249177243,1.9340763899809505,7.622652234624189,64.05045877219325,970.4699042447854,964.6825856269179,8.842801946471381,3,2,48
70854.637,0.0512619500063786,2022-02-18,11.728141990704298,4.129257774796454,19.329759752331714,0.09059879507515534,2.08758453775306,8.541250027463633,65.82116376781468,965.4468001860051,959.5602720542707,8.616636042042472,4,2,49
47262.841,0.0349188711016593,2022-02-19,9.405075866206962,4.877494413598172,13.932547255692802,0.7409479018880262,3.064399220911911,10.09692215766844,69.04862835133584,968.1430315057581,959.7538767575776,4.530404721928251,5,2,50
75435.898,0.0578437636726487,2022-02-20,9.272954408213188,2.6133962020061254,15.934471279445885,0.05870104854443633,2.0983218697799364,7.800272041210691,60.48382617040826,971.5935062157512,967.9048452570885,8.561510162608364,6,2,51
81567.652,0.0538598083743727,2022-02-21,10.85467664862474,3.3025035250732895,18.40273536259247,0.04229904037423769,2.561184314289413,9.22731408892175,53.26298147190747,971.0258067615941,967.3361746474783,9.552628693401509,0,2,52
84733.85,0.0554615714558198,2022-02-22,11.927162410073667,3.769013035608773,20.084848183498757,0.0013099588835474275,2.367704080418866,8.697576293477093,38.43814249136671,971.272037792066,967.332480019611,9.93783458956761,1,2,53
64282.037,0.0446332955488955,2022-02-23,11.58659360996433,3.9088087647882506,19.26794788031367,0.020333276106021703,2.159449766972626,7.67980108043665,43.76593060548135,968.8738280654749,963.5849345206992,7.650762649887104,2,2,54
43362.636,0.0304097957148248,2022-02-24,11.126943735867583,4.5525963107313006,17.70203738961979,1.0578150695390673,1.7630208310368347,7.352605241276898,55.644564761855214,965.1345583892261,961.396237217773,4.325923928976161,3,2,55
31393.254,0.0202148713520812,2022-02-25,10.491290446197558,7.108943151749339,13.873356585100538,1.520030051800111,3.3521595286806014,9.838482986335125,71.99318918632703,965.8764803327583,963.148002592211,2.4405347430220754,4,2,56
30842.501,0.0218635777076355,2022-02-26,9.512382761629452,6.108131601243294,12.917482906052799,0.982414648554332,3.046738934072218,9.527938278759821,76.80979726086257,964.3160517167836,961.220875131887,2.088043281614313,5,2,57
53688.628,0.0429224048075933,2022-02-27,10.625079050272904,6.069001582661137,15.180222498262282,0.23073488856057986,1.8255799279045104,6.922365685940386,71.52253433650955,965.6273357755869,962.2852930873267,5.116859734848308,6,2,58
77286.323,0.0555512961087613,2022-02-28,10.656869288350988,4.1183031627991475,17.18938239921523,0.014280443361390347,1.766625591367972,6.744891419249324,65.69916931382032,969.257521343669,965.472610384438,8.67472264879701,0,2,59
77686.868,0.0512266726226432,2022-03-01,11.10491332247186,3.6975382274361293,18.509586639104697,0.18368875951869917,1.8722870080521548,7.15321030163135,60.32745823799832,969.4750067093804,965.7308937043763,8.832497759820095,1,3,60
73292.636,0.0457284436432432,2022-03-02,11.062568383213327,5.081292889441362,17.045845465767194,0.4567386942615544,2.5502247155964715,9.317640030183982,64.14221771380512,967.4946066235708,963.0849837104379,7.78503717920736,2,3,61
37055.489,0.0262140112585184,2022-03-03,9.643494907954167,4.888804783502949,14.39893370673959,10.64813674620956,2.9178848576053626,12.787972885770097,76.16923602112728,965.2010111065044,956.8179282896602,3.1850818310045836,3,3,62
55275.305,0.0348283998173793,2022-03-04,8.61360952253046,4.525371435439575,12.69644431652828,0.7724328762193563,3.592870361715312,12.34993921529368,67.25571319506655,962.8911240540197,957.3295540610835,4.534019858106801,4,3,63
57336.214,0.0422990649350606,2022-03-05,8.22576579747205,3.368573921157206,13.082590109634888,0.9603034566347719,1.9316391200414822,7.25657257333221,64.60066818817374,961.9623425130361,956.7014261677991,5.5109514894948175,5,3,64
58557.766,0.0454176900495353,2022-03-06,7.655239598986062,3.1034902215768003,12.203381460718955,1.3347997837775305,2.1584026066237354,7.503717672868808,68.03341965127801,957.6587757537483,954.9194777604106,4.724215535627459,6,3,65
47856.273,0.0336159984164943,2022-03-07,8.294441098424317,4.091905968159995,12.501341812715902,2.0767306402266086,2.3234787686096356,8.755166795737216,72.00425506539936,959.0759027664827,955.2710363287048,4.146938544231528,0,3,66
53462.294,0.0360166550897783,2022-03-08,8.832721280547581,4.384191038473892,13.29145043368856,0.9875964771279048,2.2147973504923186,8.391101596488054,73.35252598457681,964.2571575402551,958.2143611627727,4.928433081874718,1,3,67
69086.109,0.0472679037381292,2022-03-09,9.46994210487123,3.3478013311493875,15.592330739107263,0.403414035471341,2.1101123677327736,7.67246066079618,69.19858713220812,965.8204117102881,962.717621349583,7.0866292157925415,2,3,68
68214.403,0.0459434989818443,2022-03-10,10.708682620058141,5.0881550570178185,16.326344994653507,2.232935760431391,2.436908603516085,8.86646886977532,68.14133531873226,964.5392106095499,959.9054662097268,6.824296527854274,3,3,69
26475.582,0.0179927988061411,2022-03-11,9.5878814886903,6.1451841200807245,13.023486248585913,8.233999071534624,2.7851396846423104,10.394723498376168,83.59900849130902,961.1171425836151,956.627989420651,1.1709939687173119,4,3,70
62218.455,0.0437820812599478,2022-03-12,9.32022228148926,4.6208909957719495,14.017296250558267,7.364322965636339,2.8202962058231664,10.163747031997032,73.54275498401371,960.9517609520376,956.8412940549193,6.086719783772692,5,3,71
76316.074,0.057052462741745,2022-03-13,10.547373653776127,5.935970712931013,15.165085473514877,5.080047806426175,1.8814570226463332,9.67794952401205,68.04700331556278,960.072437946905,954.7381272466447,7.922552923640714,6,3,72
19349.678,0.0119613809774823,2022-03-14,9.739960999218924,6.744953047479023,12.737250570622386,5.718788003222706,4.1592530896551745,13.47285098714431,83.06573065806934,956.9551546571317,950.7410188329881,0.7874179251542704,0,3,73
20170.948,0.0123454588133873,2022-03-15,12.917312682949753,9.599419383620864,16.24020276203908,2.8768433021591724,4.378366922108789,13.842299313499831,69.22640381695217,958.308214371631,953.3489591417723,0.6244505599204998,1,3,74
12125.688,0.0079219435457089,2022-03-16,11.592852303636512,9.27390741180425,13.907001093708958,4.669545314296935,2.590120265430648,10.993971559480894,79.3610864695768,960.3404489962484,955.8708584979975,0.1354981259409186,2,3,75
24216.382,0.0146918116656522,2022-03-17,10.656691681284997,8.130194465329687,13.183888436498313,2.92782418749951,3.88579085446987,11.792080401695513,74.596538179832,965.0735773845538,958.7452717068461,0.5225179222889003,3,3,76
39461.987,0.0279010986823058,2022-03-18,10.289171229924781,6.522372744784586,14.066449523466373,0.6718606128589514,2.6530835726760076,9.36801280635423,73.30217629028712,967.4502453396698,964.6784815258686,2.4170187078556458,4,3,77
46978.48,0.0393640778672527,2022-03-19,10.695616686425069,6.623790146403456,14.775809609759666,0.6015718839705163,2.9783404800310787,9.68401739068654,72.58715751230162,966.6006646694362,963.7653337750376,4.162689021241728,5,3,78
44751.858,0.0327688643731691,2022-03-20,11.572094127141428,7.717965122963184,15.422617764336517,10.276067106212716,4.385925269480685,12.697986481472315,73.72980039031599,964.8007071641674,960.4822857977105,3.9365735124858006,6,3,79
32817.423,0.0211703958445419,2022-03-21,10.843695061772303,8.016249035927077,13.670085008004309,10.453749279752943,3.465943282946827,11.510730777522495,84.51645687179129,963.9079387389355,960.7780674323776,1.8015981227259064,0,3,80
37223.468,0.0233454349132609,2022-03-22,10.96884755760567,7.942234248268959,13.992963565466217,5.463415876705998,3.576040096079023,11.248471848470812,81.3666647561763,965.0042695421834,962.2708421873151,2.4668939390644797,1,3,81
28595.336,0.0188821042390735,2022-03-23,9.932971953381898,7.563150702015594,12.301065847853726,8.749560465770795,4.801061087430642,13.087269708773158,81.12578035439668,963.7393281716369,959.2633254953987,1.382226417722659,2,3,82
23033.911,0.0160711642162118,2022-03-24,10.498837990215927,7.750567871514758,13.251360518257027,5.250626574171319,4.169190494606777,12.01889812115669,81.1805588546898,961.1393540401691,958.7911373971993,0.6983831644919869,3,3,83
27522.112,0.0198165288362204,2022-03-25,10.93216811828765,8.442043954855444,13.421157989606277,3.6838651979222883,3.5407318681716085,11.762676219226973,80.05450582310465,960.7794291918934,957.2763712680363,1.0182752165046869,4,3,84
43367.114,0.0354593554165652,2022-03-26,10.849980114144836,7.368718296489363,14.33161625826417,1.609977173427996,2.709896797126012,9.109559364648538,77.72182544655752,963.4245704815542,958.6570902528302,3.1686470604667987,5,3,85
69776.413,0.0594901191543304,2022-03-27,11.61059726941679,6.61439519259192,16.61260776275351,0.06765188415836317,3.394065684115137,10.317679762569773,70.78634030888774,965.823183683661,962.3024272391813,7.085318284072014,6,3,86
56997.355,0.0386265395120106,2022-03-28,12.510971702826605,7.423837041605367,17.603505697488632,0.6376698404209036,3.3488404942197425,10.716347184729786,67.0764511096446,965.0365196641402,957.2052552473268,5.0755946711139615,0,3,87
41864.271,0.0307031258831702,2022-03-29,12.561842169506908,8.791493557038018,16.333808691287974,3.8470491531100484,1.9405227487038073,8.32689299782818,78.65416192098256,958.1969270543096,950.138463616672,2.6801224427959696,1,3,88
55034.748,0.0376910088193899,2022-03-30,11.4141071409224,7.736160486546996,15.091009578089075,3.997097209295834,3.3283384354574044,11.033652386491372,76.81634877959996,951.0951735423724,946.9174723143298,4.109161303760675,2,3,89
69683.943,0.0446071675068415,2022-03-31,10.46178916705173,6.108096447644203,14.811717320172871,1.7928569443014712,3.972507303537345,13.049830614709833,69.42594651395999,953.5450796408593,949.4080922983914,6.087557895026287,3,3,90
89448.368,0.0552505583984584,2022-04-01,8.187796779779065,3.6611581254758114,12.716762374752982,0.3647111021397946,3.8875778952197875,11.95287830513596,56.35181011681452,960.6916747186062,953.5186768341165,8.736478264099654,4,4,91
106187.893,0.071304142162032,2022-04-02,6.826286994512394,1.2601795573746484,12.393508370754187,0.1808038576070136,3.480920108231222,10.929993431634214,48.56666229865095,962.0918485177433,958.4235942711251,10.39786512207171,5,4,92
100648.58,0.0709969785813138,2022-04-03,6.5123392585042374,0.7855388232744216,12.240422169707003,0.34991397120813333,3.6941227875577693,11.647441044362282,47.95707526693066,959.8983399003025,954.8671270999074,9.50244535547794,6,4,93
56210.635,0.0366419416469258,2022-04-04,6.711882199008658,2.221806544831763,11.210927443590803,3.335955337191817,4.5568960461299834,13.03334166182858,60.08153620035475,957.5313317862912,954.2403982549945,4.984190821454283,0,4,94
40395.657,0.0265662119051485,2022-04-05,6.495624146862922,2.88259644384735,10.105636884472418,7.406205462147418,3.104283780895274,10.733961056423013,76.31855575164893,958.0315074602005,954.0940109782817,2.765940208515969,1,4,95
94314.025,0.0596583737011708,2022-04-06,9.75140741303533,3.209679032004279,16.29564681138278,0.47643162308020665,2.662372815413427,9.399046433043507,64.44935270394357,962.9999935666505,955.511459195551,8.567568317794056,2,4,96
107119.463,0.0662501165583008,2022-04-07,12.21515293827741,5.106626765632114,19.32289331314058,0.008110238071761675,3.2031376507524985,9.852218259181281,59.93273194675586,965.0621873947472,962.2380170182921,10.63725716580643,3,4,97
79596.7,0.0494510605306572,2022-04-08,12.390871090887133,6.485694035252363,18.293320323602956,0.44032535599044553,3.5616643380234736,11.125043298160419,63.24755020392969,964.2078246660782,960.6190500547949,7.205745148938257,4,4,98
82106.742,0.0600979550778513,2022-04-09,13.733680741426419,8.36829270925801,19.099320961869612,0.35384770217909467,2.5337253079987123,8.461415977612404,68.08491421726158,963.0160203338609,959.3429782692341,7.573984969109541,5,4,99
99212.418,0.0742817437047008,2022-04-10,14.775409703283104,7.668433368640453,21.88538595737646,0.01175918554910926,3.764200357480767,11.726711436818245,60.398072767093886,960.9165375861056,953.9414205962327,10.359641029930193,6,4,100
71088.043,0.0459930311645635,2022-04-11,14.149713991055314,8.689761402256384,19.608795997715266,5.542171469039515,4.276851991026373,13.514650921450622,67.9923083682079,955.1751255496723,949.9516041261325,6.51471013501154,0,4,101
53237.228,0.0356571434774724,2022-04-12,12.10168791940206,8.384709123916775,15.819654720902715,6.924381440606351,2.531914907981771,10.411250338333382,80.05197877429202,955.6623147941183,951.7794507840466,3.8572757106413618,1,4,102
76089.168,0.0534192178656621,2022-04-13,12.375588000681814,7.28510333592304,17.46211907647449,1.9658029369668675,2.7298641729319697,9.405577530929024,72.06567212303437,958.9286815928581,954.508834439408,6.033682731576009,2,4,103
96978.91,0.0735875708628272,2022-04-14,14.55271353614795,8.460142560721062,20.650600645209966,0.04621509913169448,2.409509868450712,8.625279638383851,61.91426131995602,962.7871595542049,958.0986497948136,8.92676574147388,3,4,104
105573.948,0.0849943203101555,2022-04-15,16.109203406619944,8.816226589536226,23.405647239850268,0.03286684534195634,2.0444322771528287,7.730418928883643,55.159045665999706,965.2831963725962,962.1399687069835,10.831421646403541,4,4,105
112926.242,0.0865082223113663,2022-04-16,17.583887759593,9.65231058736979,25.513104893609086,0.006833296845658587,2.2999719559738447,8.424740382222508,50.739262414326916,965.1165757470002,961.2587335034973,11.607289191238445,5,4,106
103829.876,0.0845252008731627,2022-04-17,17.88504610435198,10.01500118225244,25.74808007056095,0.0008874202312265808,2.0454003979499737,7.851818837706357,49.84031617694247,962.2440659237803,958.346991079346,11.310306701164473,6,4,107
108353.183,0.0806779428318341,2022-04-18,17.024469326929548,9.933023951062566,24.116340445476084,0.8577256529774214,2.6189036548333653,9.604027886369732,56.87185240898191,959.7829551517639,955.0820430589273,10.612168133506364,0,4,108
71451.626,0.0510610687404324,2022-04-19,12.62152261306916,7.7939935063149015,17.45122823674451,5.510418081132887,3.7160697471888815,11.971541042952325,70.64297368899503,956.930036081233,951.6438996289023,5.976364806716063,1,4,109
51368.609,0.0334515967320339,2022-04-20,9.411387899292757,5.422030095965528,13.396512510713267,4.409401680458625,4.6641213362594955,14.214724759609895,67.61434912881502,953.8312386224853,949.5409918267734,3.6792366227302447,2,4,110
99668.784,0.0656776151279907,2022-04-21,10.814699709109911,4.94683832343746,16.682520181015846,2.401981862033401,3.521286842178978,11.174533832480344,58.6774778986046,953.8585832742691,949.2028828475972,8.438600886730713,3,4,111
39077.837,0.0291328586711686,2022-04-22,9.843583848461845,6.365981409291819,13.318418394228464,16.615251650182923,3.82074490682254,13.131560077762783,79.6507749158435,949.7719357877567,942.0705907563413,1.5756753169250743,4,4,112
71795.614,0.0472664773457941,2022-04-23,10.062549429301832,6.058546842970434,14.062642424113683,2.5041216332114686,5.053117577184414,14.903247496009959,70.77764065313713,954.6424688093582,942.904279982363,5.722783886461064,5,4,113
106871.367,0.0787353829395519,2022-04-24,12.026960531091742,5.735474213767658,18.322238656739863,0.04464599249684338,2.2505685380394302,8.162550959392643,62.4508918302494,957.2980739549247,953.9603584539542,10.601346753722918,6,4,114
116644.234,0.0885758943232925,2022-04-25,13.441400427210354,5.8448495276795445,21.036678908978583,0.045403637863432184,1.8835547895653193,7.3967434362878555,57.97544513621126,956.4514640033267,953.7836361561126,11.454765660033537,0,4,115
86044.463,0.0615578823698755,2022-04-26,14.507631857325618,8.132585111315775,20.880966236685374,1.7566925828058553,2.160916379010744,8.359407992289047,59.64295565141631,958.3288483969095,954.8259588384282,7.456830664585862,1,4,116
67518.757,0.0494504389232038,2022-04-27,13.948937903544,9.479033512345836,18.42121471342686,2.896726446379883,2.1015802256967513,8.632863182118975,71.4926322803167,961.9128180331743,957.9804359055757,5.389569940055319,2,4,117
67935.414,0.0507533618464159,2022-04-28,13.251586343619165,8.553109136649697,17.952815993044332,2.095505308314584,2.491990527036067,9.621884968823005,73.40929611187211,966.4566270519738,960.7068948890236,5.450837327343812,3,4,118
114846.712,0.0799751982741853,2022-04-29,15.27562799628528,8.190906270584817,22.354511982139606,0.02225860005160943,2.552866627308237,9.101657847652096,57.825766248713286,968.1480237118341,964.886543937586,11.31600173306966,4,4,119
105495.718,0.0777237335805945,2022-04-30,16.73794955352723,9.43940611093903,24.030703188464077,0.24357199195203189,2.2313017858640434,8.555426987076812,55.41896961287346,967.2162113953439,963.2025172773426,10.590046828857618,5,4,120
112760.573,0.0891721095592768,2022-05-01,17.3415333449758,10.306283798028856,24.38301756911761,0.48847860455987574,2.7516524140462773,9.968371261229809,52.647702138515236,964.4472077198569,959.266598159611,11.110852995156279,6,5,121
86908.864,0.0651759764842903,2022-05-02,14.35448136069023,9.214160508778964,19.4931486210466,4.321893468276367,3.224099454876807,10.668167060523821,67.53789350335067,959.5180924482196,954.0655198901346,7.692533658956142,0,5,122
67590.937,0.0484906882396095,2022-05-03,13.736861182331964,9.44804973618392,18.029720772208723,4.504292245799285,2.5445650514623117,9.38885999614954,75.36293769947711,958.3841390327575,953.8446182990884,4.79257422324831,1,5,123
73742.606,0.0517786922255421,2022-05-04,14.147080767952502,9.433353865468126,18.863043325723016,2.860793481173323,2.6910330448145965,9.28730212830769,70.65731711866867,962.6875921790626,957.1561435884604,5.1268285425307445,2,5,124
113221.332,0.0744756749204635,2022-05-05,15.614264205749533,8.724334180902966,22.50488113444521,0.008120149063419223,2.549022394784458,8.683112503366766,57.09898399838497,965.8065309157854,961.8460333386599,11.230423119462483,3,5,125
123502.035,0.0798922260373391,2022-05-06,16.484283388272363,9.129822439591987,23.843707918895067,0.005926285669340524,2.751208019231474,9.089700730713707,49.266317524523444,966.0906753937464,962.892493042036,12.281367531617022,4,5,126
122266.711,0.0874246533234308,2022-05-07,17.057597040960786,9.368722660331322,24.746336745505182,0.0002460468297700451,2.2846146207811175,8.100795750906215,47.05548185851849,964.9805398486915,961.760265275527,12.364488238075454,5,5,127
119196.599,0.0926753382448579,2022-05-08,17.988201066030026,9.848121977313482,26.127974199227285,0.0065629243962948515,2.0163346607261103,7.3304252972783885,45.10039528630431,963.9601147538622,960.9815172115128,12.277098812588871,6,5,128
121191.307,0.0909033251710193,2022-05-09,19.138980752938405,10.945082100957057,27.331236052295015,0.017963346566772398,2.0714294628845016,7.640121807029412,44.4475753674622,965.3320879698872,962.5293478181336,12.320250064815479,0,5,129
121030.261,0.0861380473710412,2022-05-10,20.005970389359025,11.82460433019784,28.185802309052853,0.0071544947737229945,2.2918710494338534,8.13166969022599,43.704849726518106,966.0971112609438,962.8298441746506,12.629759809145687,1,5,130
114829.753,0.0778456732829548,2022-05-11,20.506797896513973,12.660901033903402,28.361177594135867,0.04979086980934905,2.4934777605748906,8.786478143458657,44.159857313386105,963.9687047090665,960.1945015557839,11.837573058530028,2,5,131
102368.172,0.0683373541787031,2022-05-12,19.963254984276947,13.052672394410319,26.875894203978888,0.07773363344542124,2.510179189395914,8.629069360105337,44.66103263178528,964.4261028409352,961.0731674356825,10.324202293027374,3,5,132
116217.38,0.0828156755921559,2022-05-13,20.778327806740755,12.4562089612665,29.097301027653867,0.07177404983261022,1.850311883127646,7.406023795631233,47.19661834004207,964.9836815766074,961.9415757679491,11.500170916109226,4,5,133
99054.108,0.077888485852065,2022-05-14,21.539094900140732,14.635415690703324,28.435336745816503,0.8789950583082959,3.189958516746744,11.107383714942474,48.77653816195641,962.5801236409113,958.3535345981417,9.72771406386435,5,5,134
98671.294,0.0769278858499263,2022-05-15,19.524243983691004,13.36049210600792,25.694274015756882,0.10273572805954913,3.2687634285429614,10.28975872660734,53.431112066272846,962.9872308366665,958.898595350591,9.760505866257144,6,5,135
118342.996,0.0866578346940709,2022-05-16,19.6116289840339,12.040453996134408,27.18599417996213,0.003197014499842584,2.3023553970122133,8.182805674392814,51.30999837602567,964.8529591294301,962.1612877816898,11.988029908736445,0,5,136
120146.418,0.0827816749170016,2022-05-17,21.062589863087304,12.867102068777584,29.256279201815847,0.002892303128764647,2.074004177857879,7.833336962199973,48.46454665063743,965.0479728596646,961.7610573343916,12.280035051914183,1,5,137
110910.842,0.0746306844070457,2022-05-18,22.75428472028383,14.468981921147341,31.037537048461655,0.019292124901857024,2.5871027303752046,9.347703836064056,44.79450220002547,962.6363534284534,959.20527492675,11.470885481959801,2,5,138
109288.382,0.0701845955271941,2022-05-19,23.39842830448325,15.224002227056783,31.572009141450994,0.01437236603637635,3.0280172720182104,10.04838185451245,42.97939455458589,963.4444388384852,960.0590180362426,11.562746457139058,3,5,139
94495.125,0.0615812351084248,2022-05-20,24.663184156726278,16.960881202928356,32.3663741279687,0.00045153756678901585,3.36675302749021,10.567653098287519,40.18308391301797,964.5719483621588,961.7846690623511,9.47406260251432,4,5,140
84686.351,0.0656524427300012,2022-05-21,24.798520268259768,17.27302731669906,32.31609101830469,0.09339520063863305,3.075783761463144,11.523958973646316,40.135400164107175,963.834780329917,958.9753139495355,7.53507626062453,5,5,141
82517.858,0.0667383653088414,2022-05-22,21.41181726742147,15.279595399536312,27.546257750390346,0.24800840551811504,3.1543125842971436,10.368384007826277,51.58900227655657,960.8530648966021,956.2780019452869,7.117562031787133,6,5,142
115305.824,0.0807596125745367,2022-05-23,20.57572618144829,13.662535274425707,27.48616231828377,0.03102360107484164,3.375458466069234,10.453519031762609,52.44470569999703,958.1206101641676,954.1273507216273,11.320364326972024,0,5,143
97715.93,0.0671285484526421,2022-05-24,17.258411430308353,11.354432962199,23.157083997379708,1.3322260154173349,3.923422941205227,11.942915118306862,51.18698018950553,959.2399145484345,954.1855371786825,8.59151897287153,1,5,144
116867.475,0.0767945118400626,2022-05-25,16.261506479519166,9.505859388823021,23.018309997400372,0.04974598953114333,3.487909033173693,10.896729413482655,44.226694898758296,966.348153238469,959.0638002261269,11.408546327477888,2,5,145
127947.148,0.0849197166766611,2022-05-26,18.302405402231123,10.216254109055878,26.38933497227435,0.009649642127546581,3.0765320337635966,9.434060793132486,41.91597193339577,967.2140713617487,963.9924921453766,12.894172502416613,3,5,146
126120.978,0.0866049383791002,2022-05-27,21.12967121037491,12.103984698528908,30.15171407729447,0.0012404148034470483,2.5455701355159404,8.654486291630228,36.83015694038415,965.3635736411957,960.5973120170897,12.839028873004928,4,5,147
122435.86,0.0944779107381129,2022-05-28,22.540069246481483,13.801849763584935,31.277650802853234,0.004823462387087311,2.6824560821731906,9.314319255598475,34.884699496098115,961.7223619982666,955.0759304135187,12.493880511835632,5,5,148
114439.028,0.0890356746898548,2022-05-29,21.38535460122778,14.021300544739903,28.748333946379557,0.1396799342084302,3.2937270332394046,10.510664433033957,43.32168623251432,955.5386948743537,950.7475838716741,11.399551880062313,6,5,149
96146.34,0.0701825722361786,2022-05-30,19.574772256253254,13.665509401137689,25.48432941818269,0.19834536106439737,2.9639293653321905,9.485652869417946,51.6870244028712,957.0654045004803,952.6062726163934,8.82052545033056,0,5,150
123055.633,0.0854255029738953,2022-05-31,20.926232307754567,12.611343997032662,29.241766518377144,0.030421793671094127,2.740673848544613,9.524215351858073,45.238104801525466,958.5940320644783,955.2234325929951,12.367329524526859,1,5,151
105974.293,0.0716132788808299,2022-06-01,21.22290037970267,14.211751953918764,28.236083339689007,0.7917841636978274,3.242699636298732,10.740120754321795,50.788802862931696,960.3472970616876,957.4036618343744,10.557772754900462,2,6,152
98662.565,0.0697141331607697,2022-06-02,20.825304917453014,14.288174853857841,27.36245701667715,0.3177707111611898,2.709902132354946,9.60538159954894,51.1005317148734,959.2150735509236,956.3460174380675,8.901679978417237,3,6,153
108421.562,0.0733455693429559,2022-06-03,20.712396462280463,13.98597057806112,27.437006212938297,0.2599321113854295,3.0057118529589237,10.115597595796133,49.903805137030304,958.8133865644077,956.1230192674344,10.780087737639956,4,6,154
109773.548,0.0804168858298455,2022-06-04,20.03720094894971,13.341152220886727,26.73238942485445,0.48086746475259307,3.099586599320746,10.495672156916287,50.386970490835026,962.9298607163809,958.2679734177406,10.769516242813916,5,6,155
124166.941,0.096130136286286,2022-06-05,20.916306954975187,12.666814546660392,29.164846407791597,0.0019405406913171929,2.290163787186211,8.3005489048575,44.38218540069084,965.079105150784,962.0356186287318,12.821531841659134,6,6,156
113417.082,0.0830462687561825,2022-06-06,22.124117490123222,13.567488175997456,30.673627141456397,0.015210008884448909,2.4876731605746647,8.86727897852964,39.16047844522028,964.3887663045631,961.5378610353639,11.911141389651402,0,6,157
121680.058,0.0815867099700573,2022-06-07,23.385172945033574,15.007332342434786,31.761780623414932,0.007294437658654344,2.7465192975488275,9.24291741241757,40.444482385178844,964.0025886299627,959.716601162268,12.977760263631689,1,6,158
98751.307,0.0624468270724218,2022-06-08,23.003731569384986,16.41287992923431,29.594151490462885,0.0761117221098052,3.696870159595095,11.0566562729538,48.475428142622235,962.7743809852398,959.5506790221519,10.289244015093598,2,6,159
123735.156,0.0778326614645222,2022-06-09,24.329696338202446,16.408985961197686,32.252320915575254,0.00038199173112160134,2.9381097748559664,9.593573774280232,44.427802117980654,964.4079484264028,960.6537282656769,13.001911596757028,3,6,160
106193.377,0.0725930431998447,2022-06-10,25.857025808674823,17.446703075636123,34.269268384985764,0.002438335389070821,2.5316582149571607,8.94357971934893,37.43636774603916,964.4849434790226,961.2160749543239,12.776485483812419,4,6,161
110686.067,0.0786854240615661,2022-06-11,26.70830454022277,18.535644603637053,34.88329948343073,0.4426309961285431,2.973790559403628,10.319407402379973,35.64983930815851,964.3606828569494,961.1800312359386,11.869825258941834,5,6,162
105851.867,0.0762755917985474,2022-06-12,27.261054282970733,19.05466615732368,35.47073716363775,0.04241307156263803,2.9972447403034836,10.232146445072923,31.225421406176817,964.4764803722804,960.7464273505524,11.323425841169163,6,6,163
96722.137,0.0611314512939413,2022-06-13,27.792602003094697,19.091444739640448,36.49515757198926,0.006747815471418212,2.446869293084455,8.852393272113808,30.451704517382794,963.1248894405765,958.8654224732336,11.367728427041815,0,6,164
100763.582,0.0598911274830398,2022-06-14,28.305558239433893,19.891172400523722,36.72468286499356,0.17916807887932226,2.51030715030399,9.96410039913777,33.17588155559382,961.6392780492695,958.2365371298805,10.600963361023377,1,6,165
86816.442,0.0485339705025875,2022-06-15,28.802316385098283,20.655383510120377,36.94860115783843,0.44366045963734363,2.7405254296573576,12.172549185382335,34.562647683709976,962.7590585148315,958.988705674525,8.511280367114972,2,6,166
89525.156,0.0500511264167372,2022-06-16,28.03604503547533,19.934724494388746,36.135290389903176,0.5070197419977507,2.7691623800749228,11.354585440497116,39.4063172140871,964.2967373472775,960.4800318826591,9.466483045653478,3,6,167
98012.736,0.0553521951127478,2022-06-17,28.42088809171592,20.028446993001424,36.81117165615766,0.08110288320770695,2.798762766212416,10.279199665241398,33.977768836202884,964.3552640496348,960.975091522256,10.345519724615837,4,6,168
107393.625,0.0666095201208492,2022-06-18,26.984972704863182,19.113997819509894,34.85234065899328,0.09865881177854578,3.641051248259383,12.679043218957803,34.00685627103748,962.6629762796691,955.6150909428649,11.27447486205113,5,6,169
105649.441,0.0696244591669926,2022-06-19,22.670910893693918,16.494607189171518,28.851742233062627,0.17730258419739106,3.7063538920672463,11.138144581767879,47.31819230336997,957.9898748686655,954.3665494148551,10.38366043152577,6,6,170
99789.604,0.0625037037928966,2022-06-20,21.80257891458446,15.50567635267862,28.10392622144087,0.06646940425523151,3.7204713851126803,11.344270222500892,48.31451547202379,958.3578402458223,955.1287696256117,10.621176127256026,0,6,171
91286.163,0.0551840239311488,2022-06-21,20.473111613766477,13.535025869313575,27.412061372540673,1.4382632554729264,3.0201254552480497,11.923086706554917,47.82846547813392,958.4923872354284,954.1177781609762,8.303299102160816,1,6,172
92660.194,0.056483577972345,2022-06-22,19.332003316454056,13.518480664504237,25.14566866594944,1.060344660906623,3.1967488057060205,10.386851480547453,52.139593029049045,958.4590538382613,955.7678168560408,8.780677654498339,2,6,173
94561.728,0.0570447366800998,2022-06-23,19.63217350479304,13.694670445259087,25.566552118022393,0.5347020029883478,3.1826835735025196,10.308204158372247,53.541003956051505,961.3381629809043,957.619966440761,8.6983200295379,3,6,174
122715.509,0.0808457270321292,2022-06-24,20.140932079132497,13.085938675763476,27.189023473844095,0.019589128561374285,3.010157805520992,9.7021724412963,47.399302914338094,961.2211886870527,957.7383033605861,12.410934853367445,4,6,175
114677.201,0.0814080587520313,2022-06-25,20.655993407781196,13.543568646800296,27.7712490559584,0.18785659727854026,3.1056224921562063,10.291337881016172,46.36074518467769,958.6387078869651,954.5810678329801,11.179614434679156,5,6,176
120806.899,0.0905195924560526,2022-06-26,20.08476123279673,12.981153736241238,27.189558346649218,0.4336433115114008,3.2504930304667847,10.473758491811177,42.564246830496934,957.4678811071008,954.2495974721609,12.152842557548928,6,6,177
112443.482,0.0736426703090445,2022-06-27,19.84028521164273,12.446610055275737,27.229732984029884,0.851013726693206,2.9561885365461733,10.016216244104653,43.67489317203618,962.8167116340366,957.0961690691066,11.63324932840512,0,6,178
121098.59,0.0779868432255087,2022-06-28,21.979424060980147,13.09610269538685,30.862053677684383,0.00466371743188357,2.437126814226096,8.987521361457476,40.462399295878534,963.0741053222292,959.2369760691505,13.171164914107136,1,6,179
124463.12,0.081645081945369,2022-06-29,22.55195010716313,14.489187170421486,30.621690216926414,0.17463610673613095,3.238997267310183,10.755033954346835,40.18354848788654,960.6141155559702,955.2841022374375,12.681070229638252,2,6,180
117018.23,0.0780671392462795,2022-06-30,21.404488034352866,13.860222348880708,28.947917719172054,0.024649411140000015,2.9666828451711207,9.813528188664856,43.55240308609515,959.663757418329,956.1105925590406,11.86564751120598,3,6,181
117586.858,0.076861101990679,2022-07-01,23.004852942827167,14.283847334669433,31.72408677717531,0.02039840339306925,2.7560979220357056,9.618380711113339,40.7386836597224,961.7983498422295,958.1670988697203,12.891119506988455,4,7,182
112453.877,0.0758484081079572,2022-07-02,25.337892212252836,17.400443589135765,33.26603565041623,0.03916579017748506,2.7913510974948266,9.679788468347649,45.25427773119524,963.0163108393941,959.8071087616611,11.751479730053443,5,7,183
100405.542,0.0692425925094386,2022-07-03,25.538883261806713,18.821482220058176,32.26088780474079,0.49221801207885135,3.100344621388824,10.737306473951946,49.364174514927036,963.6533550746119,960.0655149711155,10.607461158633592,6,7,184
118577.716,0.0722171200313116,2022-07-04,25.077138939776322,17.1710645088331,32.986566318438776,0.006611464664119135,2.467005364317782,8.678171157071572,44.80008125506499,963.2505467999564,959.5735797883509,12.241380942403586,0,7,185
105290.252,0.0617567178303005,2022-07-05,25.5390514146563,17.82068680454785,33.25988069954586,0.7756669935733992,2.986091572049878,11.00866327976314,44.966428641531074,963.5520980913225,959.6930946754436,11.139094285818633,1,7,186
101142.998,0.060602793771412,2022-07-06,24.303640629330978,17.708164207752944,30.895727297191158,2.1813525316773585,2.8783060067307713,10.821341473249769,52.33781000941663,966.630831943108,962.7865615863875,10.355489307788803,2,7,187
117343.397,0.0695573905416061,2022-07-07,24.934139005638702,17.502549580748493,32.36386078357834,0.0020944782624894914,3.0746772782222056,9.59525973890156,43.3551221997147,967.6198221942919,964.8531146482961,12.656225518428892,3,7,188
117971.642,0.0711599239854419,2022-07-08,25.96816552714057,17.588629580173578,34.349538391245865,0.00038837820185165924,2.5148199126691915,8.602896742917263,37.03636053377631,967.3550694468609,963.8291163933615,13.244478973409047,4,7,189
120283.139,0.0779557706443824,2022-07-09,27.049868815926658,18.404785293326363,35.700899144741044,0.0007938264400593595,2.5800928166116237,8.632108183113337,34.492061900602096,966.2166347581021,962.0531710754216,13.078482605861586,5,7,190
112531.312,0.0738086904328491,2022-07-10,27.840316269857695,19.20156349161319,36.479108134433744,0.0044978228354317935,2.4123180320021946,8.97702494793999,33.379494160796845,963.2954087228987,958.3537179136612,12.709716678181033,6,7,191
108898.353,0.0635898705150743,2022-07-11,28.238747646366278,19.762286500979112,36.71426000609137,0.06586452541144441,2.7806722794468106,10.110142551003861,31.675703031065243,960.8140968182672,957.1739358778767,11.997834073236755,0,7,192
98220.36,0.0566482670017125,2022-07-12,28.785523993228846,20.387918791819747,37.184370896238995,0.011740684495586452,2.870641347110467,9.595383904950934,29.70099161145449,964.2258951510278,960.164695857447,11.82230680094275,1,7,193
105430.331,0.0574661737737431,2022-07-13,29.577283191341245,20.641916747545146,38.519169468197475,0.00027905059828384313,2.529573038510054,8.898509763659687,28.66147337106856,965.734896215843,962.7769081414614,12.332795090467815,2,7,194
100251.684,0.0550516778579951,2022-07-14,29.997580794387993,21.148037437578083,38.85081656267117,0.008376117099614697,2.5728266668186364,9.362295631637927,26.72214870581378,964.40901889215,959.7687390775347,12.46780650443549,3,7,195
100215.59,0.0535918161723365,2022-07-15,29.48504919877926,20.94860117218909,38.021785524162325,0.009473842270377546,2.8958905861990774,9.410764199098155,28.162612089640714,961.5912952431293,958.6151382585281,12.37726802509622,4,7,196
105202.689,0.0608973439296279,2022-07-16,29.405635979501017,20.560855842271355,38.24520616882231,0.007792102265786881,2.499136215307058,9.23524204844854,28.769706786254023,962.1747264654397,959.1303501806343,12.178192586717671,5,7,197
101068.542,0.0612143957883539,2022-07-17,29.247112127695782,20.6236684442209,37.86747984336131,0.007772307553809524,2.8286878278852825,9.709183741714474,29.289957821021346,963.2068288209581,960.2473001838501,12.213633497118025,6,7,198
106295.6,0.0576812681534344,2022-07-18,28.238950895560798,20.261804088836907,36.21693114496024,0.0037942092801194413,3.2034498521699057,10.45606109149449,34.67944814161785,963.4338927629198,959.924075087881,12.508469655978017,0,7,199
116764.545,0.0657422354784199,2022-07-19,26.257540080909124,18.434004643110853,34.08192851656508,0.13914883216684623,2.9253014994229676,9.750340223425583,38.403063613989886,963.3172957789253,959.9264090357476,12.65184381647383,1,7,200
118020.348,0.0665142022721292,2022-07-20,26.716757248658173,17.924578824686044,35.50785309232951,0.03451158915145328,2.215976774572819,8.301208392146412,36.75907882469156,963.8501380458496,960.686646542042,12.809612088580362,2,7,201
114949.027,0.0629560163442365,2022-07-21,28.026888226310724,19.594435610571928,36.44875475761196,0.005099614072511903,2.8924291375873565,9.444672273999764,37.563523012512746,963.8912278717088,960.2826221825788,12.75885579266676,3,7,202
110474.837,0.0612895411493632,2022-07-22,28.193997981065433,19.89093987081893,36.49694794617936,0.014927346442912985,2.7192070873844267,9.474709923684234,36.42642205597244,962.3989546514659,959.3701699128997,12.140459652224914,4,7,203
113389.55,0.0675178116016475,2022-07-23,27.990961793950746,18.95529437833815,37.02525481727266,0.0001067833533130813,2.5795303779239913,9.280455993944896,33.08020439408811,962.89130329465,960.1794561208627,12.56357542611266,5,7,204
108645.226,0.0677766149701114,2022-07-24,28.81790802647387,19.55967088381804,38.072514976662646,0.00019693894242234675,2.6697672345114847,9.422642384569365,30.35612327224905,962.8685384891536,959.6438206575759,11.885709046325136,6,7,205
108222.234,0.0614173528046105,2022-07-25,29.003406949994393,20.882128786442635,37.12204055212274,0.01694630067076816,3.087964311949156,10.820731599282212,29.796512721819656,962.8419399231018,959.6916264049262,11.5980673448942,0,7,206
113281.423,0.0613582963956479,2022-07-26,27.11237458728597,19.329007979953126,34.88834487490992,0.04257526525765628,3.2288098872259043,10.605173019886635,38.29762128876309,961.7879404333078,957.6960453436999,12.38634598413609,1,7,207
113387.371,0.0644885956608232,2022-07-27,25.903528959054793,18.333557258081047,33.46983338417614,0.13272992185437757,3.015945183255674,9.83774092263575,42.987602993703256,959.8703758832672,955.8444341052212,12.384641565139248,2,7,208
108537.753,0.0661668916227022,2022-07-28,26.193499241345368,18.368799019321955,34.032812188877166,0.7571686300363174,2.755664462808561,9.689926606397028,41.7062941180917,958.7148909380862,955.6267407814917,12.232824210318302,3,7,209
107443.375,0.0622480057521839,2022-07-29,26.730004165986852,18.69115823561727,34.77150030125773,0.5834874023977074,2.496608302512334,8.920885599683452,44.366563677731456,961.0040304351019,957.6267533957614,11.940687904695562,4,7,210
99897.221,0.0622076460539693,2022-07-30,27.737787805722625,20.47175740588175,35.01038113857016,0.3929150367268314,2.9191954008856023,10.725057154310898,46.37251339863473,962.7946419183592,959.1734729467404,10.299678391225218,5,7,211
109260.957,0.071297675498187,2022-07-31,28.42715797868182,20.72266060192515,36.13450686634801,0.10700721443291533,2.380712352731779,8.946842491823219,45.38727682234104,962.6462636314076,959.1453933862023,11.884362381756812,6,7,212
107003.192,0.0626508178300351,2022-08-01,28.934865602575115,21.221021444817467,36.64826744247326,0.15010222882114369,2.4707785278601397,9.039914978461645,43.062038873963864,961.6328129816101,958.7811560953711,11.678151666332392,0,8,213
106099.821,0.0607318676809704,2022-08-02,29.10385824046867,21.05208386393343,37.15884014897029,0.40006814254282647,2.6806011162843304,9.894433697080038,38.98912760828911,961.232911931296,957.6091954707217,11.263395693500199,1,8,214
107966.51,0.061177074050622,2022-08-03,28.376972813509532,20.227311535799288,36.522705349149454,0.4235237205639132,2.7313597958513514,10.049565743703726,36.44241240327022,959.5832003676129,956.2730413736347,11.404191598983086,2,8,215
109821.557,0.061733352559779,2022-08-04,27.453983434864973,19.483500753611967,35.429043737031044,0.2885222769061575,2.984887890325166,10.700169225704188,38.54822516840276,959.8247267467656,956.6156966024652,11.530931789175732,3,8,216
115698.07,0.0650778909683611,2022-08-05,27.036142165872697,18.955948442135924,35.10924436287691,0.20202646402736765,2.6158551098544494,9.78605399130493,40.425339313736444,961.3720819813132,958.2139026189508,12.070830171871311,4,8,217
113244.435,0.0697297052923047,2022-08-06,26.82644490075216,18.791955978744564,34.86017918696081,0.2684423571762504,2.666204785914037,9.393918673196657,41.70916158270643,962.2039139525587,959.0070445294152,11.896194709386668,5,8,218
110780.23,0.0728837275649921,2022-08-07,26.634718359715457,18.807230791279764,34.46685309880734,0.4542056458008363,2.524738259142316,9.361243479090392,41.764228391068926,961.4245231932125,957.8287084338792,11.637394738126075,6,8,219
109107.458,0.0648086297943615,2022-08-08,26.263185826183747,18.291702280953714,34.228730357571266,0.3741973706218408,2.477108286451133,8.88054783861671,42.33092923068386,961.8969269577256,959.0724830834982,11.596624511669923,0,8,220
102270.096,0.0587373946249286,2022-08-09,27.15301573114657,18.831488533692017,35.471779413270795,0.48027262084888134,2.73169326754072,10.226886998046037,41.64949009348667,962.6080137676543,959.3380405467125,10.614833476477319,1,8,221
100497.082,0.0595175389060481,2022-08-10,27.864259450842848,20.73579000867564,34.98798313525342,0.3681446422996841,3.0416487056944446,10.679236420082304,44.557825777639366,961.6337891365757,957.5737171598698,10.354733647209152,2,8,222
106901.963,0.0637463270073645,2022-08-11,27.287357477939143,19.666290841428804,34.90595911554855,0.03007773260689254,2.6298178770124427,9.351309101406342,42.803585836307555,961.2768048028252,958.0072657716577,11.42071509838918,3,8,223
98176.43,0.0595772175790495,2022-08-12,27.979916125921104,19.518735157340082,36.445249583585245,0.6169332707216502,2.3419465590071575,10.004354688513738,39.88315918732394,960.6877989680567,956.8559852150067,10.77848651909673,4,8,224
52832.3,0.0326386082256891,2022-08-13,26.54907751865053,20.507402488100208,32.586080829715826,1.0325164158624875,3.7425859569951174,13.940371929143119,45.95858638268843,960.4830411806784,956.0802806934603,4.30334321334957,5,8,225
110156.573,0.0745172239014704,2022-08-14,25.05210018333647,17.3818557009503,32.71884330449363,0.010660990356082216,3.006882509903014,10.549402463404343,40.260205330572866,958.1448208242433,953.7370374044361,11.350894484009066,6,8,226
115971.42,0.0803249132254291,2022-08-15,23.79403955212607,16.024189244399018,31.562061579555724,0.025968961260496273,3.025646742277417,10.004918304927195,40.609745582501965,956.4531207443815,952.8610359640097,11.875229215097205,0,8,227
107348.594,0.0697373685794581,2022-08-16,23.017882050553023,16.18651910980186,29.848015783107154,0.5476110679513457,3.4166286466424425,11.115300256029878,44.266386367255556,956.4897067635297,953.4861813726874,11.021665135199747,1,8,228
110745.069,0.0747287260874163,2022-08-17,22.146632325007726,15.213116627948098,29.08328779830792,0.9789236624816027,3.2279939709858065,10.927861715727369,44.27509183733751,958.3920617873762,954.7957639773238,11.151110289760952,2,8,229
114208.076,0.0774717742562564,2022-08-18,22.315375073963555,15.005328961861016,29.627007904324905,0.29612794728859976,2.818792474889758,9.598543535977544,42.67550092440598,962.2275848787621,957.897533519863,11.68206018835421,3,8,230
116951.961,0.0786241819054067,2022-08-19,24.15341558982211,15.844146244739054,32.46155184475793,0.0008634794874955054,2.463315681604735,8.596320930401275,38.07499481767429,963.862491143533,960.6882474032135,12.160518996440953,4,8,231
113436.377,0.0769725856583365,2022-08-20,25.85531072448088,16.89641746982776,34.809418928173976,0.0016147760946274529,2.3352912697978474,8.50426676452181,35.586178612216884,963.7683315945081,960.5292768601356,12.031092744184235,5,8,232
114984.278,0.0821582427750798,2022-08-21,26.60269755164979,17.907009989080077,35.29724411239404,0.03833940173869674,2.75379593148714,9.815799604728989,34.41523293267294,962.8937579092961,958.4679638707345,11.851869925261914,6,8,233
113752.405,0.0733807150322962,2022-08-22,26.49244341656752,18.435111573429175,34.55116522556574,0.02451410550807454,2.5778803320303494,9.02720443213984,40.31356631715112,960.0565669591616,956.3043664535896,11.766994186305741,0,8,234
104921.543,0.0640129454040592,2022-08-23,26.951403996569148,19.159834285801022,34.742310411764635,0.009565355238984356,2.546785793223137,8.757825954700879,43.13041863766728,959.5525435285815,956.4984100527029,11.258905899573842,1,8,235
97485.519,0.0591536822249361,2022-08-24,26.788125382040363,19.229734388494606,34.34716839548254,1.1757057442210206,2.7025461378331186,10.134306616906224,45.74925864538472,960.4574365425555,957.1760734144212,10.193755508828524,2,8,236
102832.955,0.0625120821507148,2022-08-25,25.69273060060252,18.541379665855498,32.84317989489922,0.614184667591941,2.424716176661133,9.388793231364081,51.75721505005788,961.4135759082159,957.9416529560415,10.06972915981232,3,8,237
102047.782,0.0621367968202619,2022-08-26,25.349112794185153,18.144437529983563,32.55000019863532,1.4290472422695262,2.706903355451657,10.457260331055434,51.82777923628354,960.4191267833735,955.6007839369936,10.171937243606434,4,8,238
104503.289,0.0671697913925044,2022-08-27,24.908909903475564,17.35301722247936,32.46457479783803,0.22102252110860876,2.3482929857997976,8.890412008589461,48.522981080883895,957.8319189213347,954.3016644059738,11.08126807706979,5,8,239
101170.738,0.0688842832009746,2022-08-28,25.800638619303584,18.613472464449394,32.98939680497931,0.38406698907903525,2.9185183919967326,10.241994692846834,49.66839542992922,959.1662583255122,955.5689540313764,10.644208725537176,6,8,240
81479.617,0.0501822567405671,2022-08-29,25.919287631844817,19.89029763953536,31.948800588345676,1.1498938671810843,3.1422978061455953,11.838492846006407,51.33723434585097,961.7024903045163,957.5406231113376,8.008727712981935,0,8,241
88078.251,0.0527890451350323,2022-08-30,25.709204089410754,18.37025712778898,33.03973151393412,0.6550737696980564,2.503019214887985,10.531958236354903,49.739393368515074,964.374277013373,960.7738590758818,8.65213494991864,1,8,242
99940.722,0.0589263825332813,2022-08-31,24.287034054344037,17.18829371061886,31.382560289398032,0.5494293336885554,2.6364289812427577,9.91737151950236,47.72376023178241,964.2747115959785,960.5522840598761,10.41985455337568,2,8,243
92421.862,0.0568442623765511,2022-09-01,23.476829374654567,15.815904867168488,31.130021121003505,0.016243120172131063,2.4347341673648257,9.050864548389717,44.061026233536644,961.0503841970472,957.7878692307993,8.461078712254675,3,9,244
97511.54,0.0580179957211609,2022-09-02,23.244552443599964,16.482129206671342,30.003410960319552,0.32914957562498964,2.850090044438769,9.667723986560402,46.59000792638948,959.8384000165607,956.4926650369324,9.656460110378692,4,9,245
105480.304,0.0693332419339616,2022-09-03,22.1286315537849,15.238034064479137,29.015148382728654,0.07718191553206627,2.8024867407573066,9.533993348256718,47.27796134188158,959.8905903026489,956.6788702661922,10.134019445210617,5,9,246
113130.786,0.0798740849752154,2022-09-04,21.63516424654359,13.684419460593055,29.585919434078843,0.034500326991286176,2.5351941718597244,9.384321143170403,44.056367284315655,963.3421313350715,959.5962491489865,11.397978472563743,6,9,247
110034.624,0.0686759414491094,2022-09-05,22.041072374553547,14.518938712360713,29.562922750836268,0.1757853790179756,2.5835379025705616,9.437318851978228,47.445098556062035,964.7484711417071,962.1424541843547,10.938423542282635,0,9,248
105152.329,0.0620338965336554,2022-09-06,22.493104126895666,15.146192933829752,29.83541346616588,0.009242652643630288,2.585573967986198,9.329909090666922,47.630420768268,964.5387030258545,960.861350758269,10.466805440786489,1,9,249
91253.433,0.054441389163453,2022-09-07,21.64446066973827,14.45789289972669,28.829153743583788,0.02305249021650191,2.609252086985306,9.355875585460284,44.79572010133872,962.3074816384584,959.2037183081991,9.254081468649511,2,9,250
92501.478,0.056903498470721,2022-09-08,22.517479061430702,15.562580046597127,29.471385624419042,0.20548101126873206,2.5136883559348107,8.93013337322385,49.10744573879223,962.3172466585494,959.5181332489066,8.915680424382115,3,9,251
101585.212,0.0615609100031381,2022-09-09,24.057040741191955,16.71144635046387,31.404452778066585,0.01665354565507748,2.112130994806868,7.8380433848725515,50.35549484478703,963.8711341777912,960.6896387432228,10.977813116604121,4,9,252
106091.109,0.0699810731573053,2022-09-10,24.962577084321133,16.80041234125196,33.125389857889026,0.0028836470218187716,2.2073869618818724,8.257738990514545,45.63542919544589,963.4773442232732,959.7500464194344,11.053506681494298,5,9,253
99545.721,0.0669214954486842,2022-09-11,25.94902743804594,17.69293676230842,34.20647027194259,0.15032445106950715,2.5098434959049363,9.824775093252695,44.312709813598396,961.8711849360786,956.4981512992116,10.288182214810012,6,9,254
46877.138,0.0286439206209289,2022-09-12,24.925484705997317,19.52460760853438,30.337721859528493,4.720415592571489,3.2010553760979237,13.786556561899431,54.314121309339455,958.8874185524413,954.136686967541,3.269250786879819,0,9,255
44637.669,0.027309659041377,2022-09-13,21.570183178588763,18.11077684645973,25.027920438128675,6.7648746100992625,3.8494233177024864,13.374697659629774,73.61935005277961,957.4272041529027,953.7597957624566,2.9476023990330487,1,9,256
65255.742,0.0407324702858431,2022-09-14,20.73751234003848,16.495885680270888,24.978708839390958,4.162615076673986,2.884972075470151,10.1367952084739,68.04283713919023,958.5470832680428,954.6992583536851,5.478830406087472,2,9,257
77335.81,0.0477287689005164,2022-09-15,20.981145740503045,15.812966337213936,26.14409451268992,1.0280428374915833,1.9910792786132443,7.85348556707431,67.21799451491269,960.2375950971992,957.7039644347262,7.146994685132629,3,9,258
100642.87,0.060444780152718,2022-09-16,21.526673674394104,15.01028096758337,28.03800788596116,0.08901007759571007,1.929707965313838,7.431604733821231,61.14681115625733,960.1676985578954,956.7834629281243,9.964418874137733,4,9,259
99359.104,0.0646518830907882,2022-09-17,21.996387110499068,14.99505332577094,28.993439674623055,0.16454147639992545,2.1396994634125543,8.326733846188754,54.39422511013326,958.8236346523591,955.5815964605098,10.18545276924747,5,9,260
86536.366,0.0639762359186025,2022-09-18,22.85013990958229,16.55216033491937,29.14841874019949,1.640909033563313,2.9220552761606298,9.587606875656968,57.48442855162844,959.7391872478411,956.7035907378726,8.977961887447748,6,9,261
87498.891,0.0569479075267506,2022-09-19,22.77027031880699,16.74538349606736,28.792347943257013,0.9120837376824598,2.108422027742397,8.825075685614124,59.870227652311826,962.0515639431392,958.2922435259685,8.134126104758735,0,9,262
96424.506,0.0583382408795953,2022-09-20,22.511315150797753,15.701326163593665,29.319808367785992,1.136797633909634,1.8245947408150252,7.502480385555754,56.68068749237678,963.463305736448,960.6376771412747,9.671124844595862,1,9,263
75379.925,0.0471080694247145,2022-09-21,21.115629634648858,15.378765162718123,26.860602484609014,1.2417637464968425,2.0581475723249087,8.968943455504688,61.71982593410314,963.6265906446072,960.6676953127202,6.986017586000165,2,9,264
96011.057,0.0607690212249682,2022-09-22,21.345560373139552,14.440789553203103,28.25021341709264,0.5218671611341307,1.9099740988052036,8.06100861507121,58.15565825492547,963.4464609003401,960.6500631625488,9.667086565196234,3,9,265
92006.351,0.0573195882374752,2022-09-23,21.20735883736677,14.474590160459075,27.938348907123753,1.2155161229632487,2.3786324970614587,9.042483506552253,54.371668698440274,963.501006148557,959.6187750453211,9.26511063825403,4,9,266
85750.061,0.0601299737734628,2022-09-24,19.692307214348993,13.651156672065612,25.736600099280068,0.9044949856499064,2.7406109755439827,9.769386120776284,53.99699570534615,960.0277889520872,956.1229254868956,8.969213199498569,5,9,267
77590.296,0.0593790160225157,2022-09-25,17.377142851303336,11.423720812863943,23.334553686545398,4.295541314683982,2.80500372570061,9.767191544464325,57.052362206860955,957.9614025430096,954.4179401665135,8.217660014283574,6,9,268
89920.488,0.0619085399011655,2022-09-26,17.150762838263116,11.01101313750353,23.29343308164404,0.5830033144117719,2.3812591844951454,9.208021168364318,56.025372921589444,960.8158658232553,956.2129430384925,8.87911447846065,0,9,269
101565.456,0.0660357374561006,2022-09-27,17.4155143390142,10.452608459120462,24.374233513492037,0.19925379828958287,3.132174996862881,10.773302030414179,49.30270065545665,962.3792144159605,959.7798124395017,10.13357484500636,1,9,270
96344.991,0.0644330964843954,2022-09-28,18.098827543065052,11.47638020182621,24.726368263002303,0.31423654749946156,3.325533558649877,11.339401375248295,52.302472933592945,961.8951707409594,956.7577554276784,9.755671500101819,2,9,271
61590.337,0.0422416570731854,2022-09-29,15.780125591232528,11.190490313571564,20.372505177963525,2.7823990325513126,3.6426836174989248,12.515138018250894,67.08769432758871,957.6881064035707,952.6076180522062,4.803479460829229,3,9,272
103063.7,0.0675061739437139,2022-09-30,15.220534144473513,9.047589372470785,21.402357058334523,0.11630957567789198,2.5072996295352876,9.70824379004056,56.72000825585345,965.2864912112342,955.4600267215902,9.605589933991096,4,9,273
103236.213,0.0785634351650972,2022-10-01,16.963452758989504,8.740377973779655,25.187336041832456,0.0019130896779775014,1.8942805887247978,7.401461766469454,48.659300740505465,970.2775456898839,964.8351889672206,10.589555966711682,5,10,274
97177.981,0.0750973135890197,2022-10-02,19.684267749178613,10.904091208156684,28.4618822207517,0.00013801001207061395,2.4100002990018554,8.38221955196008,42.41074426187408,970.1581408189851,965.3683482055092,9.637505989714606,6,10,275
74184.973,0.0511341867974672,2022-10-03,21.448104200954557,14.13134104874438,28.766533862201676,0.4465970174464205,1.699868332174243,7.2142565562325265,45.75995996087046,966.940192674109,963.8615369345872,7.800632545647065,0,10,276
86286.17,0.0564650462675651,2022-10-04,21.528787016421948,13.981520147083478,29.073602720718462,0.011071605699053372,1.572254475154294,6.757421945769928,47.383134254155756,966.0212080249734,963.4227934205277,9.167209269882607,1,10,277
84713.548,0.0547201088896316,2022-10-05,21.04331409092504,13.78145891289731,28.29767028151494,0.5455760564161103,1.9581768568111044,7.32230741977753,52.1549684979351,967.6497899993527,964.2685369504164,9.012333650052135,2,10,278
80312.204,0.0516126284038402,2022-10-06,20.24224225181017,14.289842137613812,26.196365904051948,1.2581355318921612,2.503337825465811,8.94198663758163,60.19343913396054,969.1909095812433,966.1364576783836,8.242730053604879,3,10,279
82334.782,0.0534702400409763,2022-10-07,19.683435739748408,13.631377585755901,25.727457908621428,0.5617802429134174,1.9869164100608916,7.618878905489512,61.17370830488727,967.336803927622,962.2289674256326,8.454490097479445,4,10,280
86371.875,0.05888358419859,2022-10-08,19.871117916544726,13.57771335680409,26.163336585479698,0.22198471717011792,2.2121546937884666,8.455900093920551,59.974420918101565,963.5071235031419,960.175673161527,8.607050407845268,5,10,281
79299.044,0.0598587888332214,2022-10-09,19.807193109234937,13.782043510198243,25.83683524236121,1.121744028605623,2.035985980516686,8.239127408255953,63.961583699687225,962.7659639863374,959.3544238445725,8.158901615087695,6,10,282
52328.088,0.0360707539249143,2022-10-10,18.833200819915266,14.416947861917508,23.244110632574042,3.6745399399440877,1.7021372548300844,7.640887578942576,71.25946748121748,964.1851402155917,961.3797868792901,4.156805603789365,0,10,283
59553.293,0.0397543805376241,2022-10-11,18.59684815365577,13.637222703791384,23.55391521920663,1.9319271138012328,1.688058449767554,7.426399360400008,72.25436364569217,964.5830451611356,961.8373864060295,5.017984635119525,1,10,284
84770.057,0.0599084051772344,2022-10-12,18.440167957762885,12.501014622539182,24.38314173783682,0.1883439686646532,1.8643169887624749,7.206860638518392,66.99856237665006,967.1417101063689,963.4307332106035,8.384617304402708,2,10,285
88900.555,0.0580697212413943,2022-10-13,18.764544996663325,11.911719122748128,25.613714204134865,0.0267931359510734,1.7008976085618954,6.972458621785661,59.52507885432267,968.9291932251657,966.0691925745468,9.454401664927905,3,10,286
93211.464,0.0603500409781413,2022-10-14,19.910808424756866,12.25563325320331,27.56528686941942,0.013653619230545854,1.6876917898456616,6.677621706435795,54.01294228348133,967.9776896948922,962.8214902080971,9.984550148427536,4,10,287
91339.517,0.0665767818990513,2022-10-15,19.862525538558288,12.300424031778451,27.427606907719646,0.1100166111226589,2.1808261837662224,8.679532176295226,51.746966919592346,962.9193450327766,958.3037351163985,9.373969886365316,5,10,288
57206.422,0.0462803177308792,2022-10-16,19.477024898531177,12.545014484744247,26.41124910093992,1.1191409187651509,2.272445273155318,9.674260211937929,56.19969736908381,963.4630476504692,959.4372068483974,5.651522985808329,6,10,289
73691.382,0.0509859665201633,2022-10-17,20.968778317749948,15.267477507117455,26.66690963266439,0.6280446172154798,2.675903556394808,9.904700520983392,59.6628127006767,967.2711757962076,962.3743542320093,7.564827317156431,0,10,290
70459.544,0.047879613341365,2022-10-18,21.359067742493245,15.02829662560949,27.695110466093876,0.05314004671512934,3.0180118041907336,10.743314567865447,57.874818269732,968.3144341674927,965.2512545700292,7.85747985309972,1,10,291
33923.886,0.0235534091322689,2022-10-19,20.137709410669952,15.756812646832858,24.511208890371915,6.397894533162952,3.3303198868833466,12.291434327311613,65.03275466767322,965.4191716636727,960.1031237449711,2.4573360617513487,2,10,292
19628.243,0.0132016987273945,2022-10-20,17.857743957102706,15.055141245839641,20.658405147667978,10.23108942777765,3.505645385787629,12.633702855655727,76.0422135779101,960.8394068078558,957.3963545318552,0.7398116686862747,3,10,293
29666.074,0.0198715217222245,2022-10-21,17.29509196923993,14.39181431105281,20.198225859096134,5.147974600619754,2.6098885559934843,9.690464167465125,80.35964241910752,961.7824211566042,958.8825232354685,1.7994449994910053,4,10,294
53702.661,0.0412957276539081,2022-10-22,18.280804988533166,13.86159874918724,22.69838482946832,5.46329403520831,3.1293702297144432,11.768740706793675,73.80756837195256,961.3101152675856,957.3930542151388,4.5616254406520955,5,10,295
42432.811,0.0329512641837194,2022-10-23,18.177637547679225,14.347005559455235,22.005740276986785,1.149259491011151,3.413187541410927,12.008486546441599,69.47931541939134,962.2968461435296,958.1169753108632,3.6224139868324836,6,10,296
51109.636,0.0426480872084845,2022-10-24,17.693738123269824,12.935881919602945,22.454209781743025,0.05719757353607156,1.7478765701728807,7.213566371644823,68.53309413193878,963.8127093394081,960.7736892012965,4.645718451974186,0,10,297
46999.582,0.0339196893088178,2022-10-25,19.315666838013254,13.61789326482287,25.011203716399955,0.2322971341470372,2.8200252525978478,10.627191184645902,57.01571274191342,963.2850529321736,959.537056946853,4.552943448390331,1,10,298
44626.004,0.0330551200484581,2022-10-26,20.015299230444523,14.217749930460723,25.808901057366082,0.03485133814705667,2.163743656677283,8.344969090117354,55.713291046954936,965.4010370726581,961.8512866421323,3.7717196635216492,2,10,299
60264.822,0.0431185661126438,2022-10-27,21.123104423499914,15.134121905865246,27.114651666221505,0.04060535906591761,2.8342713705632447,9.339212658704477,45.74210964346023,967.7599231812313,964.1293400371096,6.177148914274274,3,10,300
58282.414,0.0447981050786733,2022-10-28,20.039940850989254,13.676535119625191,26.398780542840186,0.07417364809952169,2.3631987631038607,8.22474489684878,50.98794216532765,968.5925522535817,965.2797377179297,6.484829129919631,4,10,301
63924.659,0.0508567059695963,2022-10-29,18.77367213427058,12.738299982897589,24.81129920215023,1.7792421160397722,2.448925854382105,8.669633614306091,55.16280428697663,966.3013071181323,963.3468893036645,6.95480276079123,5,10,302
50423.327,0.0457493771971702,2022-10-30,17.316313900571686,12.50736689277282,22.1226390065349,1.125510497075926,1.6155556703208653,6.8330447015362745,69.91550073863513,965.1476378663689,962.4249796215843,4.631168529375907,6,10,303
25333.88,0.0219282601945067,2022-10-31,16.35846300210197,12.54918256144337,20.171351448613535,3.1240567571703797,2.471559138447518,9.094569209730457,75.66869854738809,966.0261117590067,961.2683541695117,1.5626114444493635,0,10,304
67547.07,0.061865864328105,2022-11-01,16.75339280000129,11.310002715831711,22.19418989543284,0.026998699487509232,1.4870740609093664,6.3255993605914504,72.69448414599253,968.5553213409689,965.5605989820908,7.120736848593006,1,11,305
68273.42,0.0550630521903484,2022-11-02,16.281782088863938,10.249759150853077,22.308122844154465,0.19082763343868317,1.5904887007397637,6.610093143482778,70.79062470296971,968.7085278603506,964.6410905232262,7.541579840903231,2,11,306
34071.588,0.0259884059400933,2022-11-03,14.745527728550197,10.966883893480174,18.528226095758807,1.8712423354138683,2.493588054967733,8.970323469786507,75.79183824444871,965.9066224223116,962.4415368447885,2.087956351879008,3,11,307
65426.796,0.044575801358965,2022-11-04,13.43763414318861,8.2433370186557,18.63004116248399,0.3822413879895109,2.7072303386353163,9.656839499090243,65.54780016502897,966.5481574458264,963.0496911632857,7.053102713908924,4,11,308
84716.044,0.0619815526325508,2022-11-05,13.10971528403122,5.716373670356846,20.50746017949229,0.019510380674850922,1.554525469425989,6.38056117713825,56.083277356389694,966.6911462151236,963.7718820991996,9.141549855404376,5,11,309
79780.888,0.0658134432316179,2022-11-06,13.228217457636696,5.486751995927329,20.97156836244849,0.011638892549009695,1.7078944718420017,6.577285500151782,58.253127725906296,965.2445023854157,962.4354759009622,8.88568145462384,6,11,310
71390.59,0.0546202070948242,2022-11-07,13.929657124348367,6.932265259616693,20.923253092854303,1.1961521391060908,1.7287342658099265,6.9623261719305845,62.55875639523138,965.1141526672898,961.2926244452286,7.676581540705832,0,11,311
45084.747,0.0322769194272462,2022-11-08,14.6347386751451,9.84540653170742,19.431684438929814,4.069250442351573,2.513281073457913,8.797257014554337,73.24353607300627,962.7680682584487,960.0988519698508,4.041558217068092,1,11,312
42964.302,0.0294316711633702,2022-11-09,14.066772958578484,9.61582490867751,18.517586926673747,2.1928540248566315,1.8442510750362862,8.026165625555835,79.78151515647754,967.0999279424645,962.1319064384395,3.950195099083234,2,11,313
72286.627,0.0492160838302868,2022-11-10,13.343327125087026,7.734284309412076,18.953228380755238,0.9577410890529708,1.8001759993483908,7.0492054785511575,73.31610139031422,968.9114738684557,965.8268638602459,7.707840408567271,3,11,314
54567.792,0.0390313767028744,2022-11-11,13.122694291180057,8.028294389032805,18.225787293157524,3.3397692658737284,2.8257151184300673,10.078490269138431,74.07520942112728,968.3018412876735,964.7931906508874,5.600905847335437,4,11,315
54107.104,0.0398982133620739,2022-11-12,15.572291432440549,10.566309299037302,20.580340658123273,1.3185031226407142,2.911904826330305,10.3417865646834,70.95479222832971,966.8603980096534,963.9060056885739,6.059405319193285,5,11,316
67978.687,0.055407132356726,2022-11-13,14.724819162650288,8.970313712341285,20.48155160507029,0.49774893502713136,1.7737529886146657,7.119270225323401,71.81199135266951,966.0000246728168,962.7906318146815,8.0379932732095,6,11,317
38953.134,0.0272042253385089,2022-11-14,13.866767492038615,9.839483677500017,17.89481638302453,1.7833516749978766,2.2074262140885246,7.9220643604593555,80.467844795709,965.1847573033336,962.5949940253431,3.2369484121144434,0,11,318
28654.202,0.0200454707317938,2022-11-15,14.913803105773024,12.024821720505326,17.802418143563585,5.732169512895167,3.757937857243534,12.302647472967111,81.36151361571187,962.0180421539161,956.3735811929129,1.9150493288373673,1,11,319
18377.453,0.0120722811861102,2022-11-16,13.811287403513857,11.695817803606072,15.925696879305853,3.0457051880817607,3.3014758291169533,10.945177920143799,83.88443679155165,958.6723377552157,956.0605853228286,0.8927235272774876,2,11,320
34963.332,0.0228214127049156,2022-11-17,15.09457599267167,11.667467661667189,18.522437133019846,3.6872030246384297,4.252238607681311,12.875217178926716,79.9638202043982,957.4250978913708,954.3363047249046,3.2615804545159017,3,11,321
38515.477,0.0272414348059089,2022-11-18,10.583642920319607,7.079200421992957,14.081329878641318,1.7654659324348956,3.2847277236442554,11.591198092117025,75.82618927078306,961.8590073371709,956.3828985348335,3.2762615100263153,4,11,322
56763.503,0.0388881890527758,2022-11-19,8.954609778832323,5.364259441560477,12.543410154256724,0.4522091532967265,3.6108733701090974,11.676471395665926,67.51628371240393,966.3079162275127,961.4502111107013,5.923835656369988,5,11,323
48789.849,0.0380386132272794,2022-11-20,10.635334523657413,5.8936324392155415,15.368985681479385,2.0214815653167526,2.556463450996642,9.102355490281877,77.70191320509558,968.7867856238006,965.3778339514938,4.9888622079989275,6,11,324
21045.493,0.0136984773006968,2022-11-21,11.279340490308948,7.293142438476369,15.266111771259082,5.920128431098389,4.744145920348915,16.3861016902689,83.55720513180252,966.8516307885526,957.0015162909903,1.4874589917825753,0,11,325
24048.069,0.015093994341335,2022-11-22,10.276526767684855,6.750254889809526,13.806448875495674,3.589686108458032,3.7042991809096337,12.65030552252725,78.86166778926808,963.2056789888409,959.0549876938961,1.4693852763331487,1,11,326
30523.89,0.0192067429275605,2022-11-23,13.965127360618698,10.458303975204673,17.471837955371566,1.5867391536440143,3.994133109064202,13.029945877701813,80.80530270445648,963.9755125340264,958.3122288325021,2.9870948254542338,2,11,327
31132.891,0.0213568968082802,2022-11-24,13.069096861936025,9.416740937609383,16.715150854451956,3.4354565987893166,2.3242214209788004,8.58654519332055,83.88574374904785,964.4665564203376,961.2933912349894,2.7594411330708595,3,11,328
57679.128,0.0385134439498365,2022-11-25,11.330475452087523,6.40003960032115,16.259231096420663,0.27976741913555325,2.582572577752849,9.857868244395165,72.55564428225708,971.9305653457086,963.8404048011305,6.2331300435152865,4,11,329
68902.508,0.0519101045605784,2022-11-26,10.571750983828355,3.9048450973482924,17.243239544720357,0.007318698533425196,1.5367083818602785,6.1694871501974164,64.97365329198794,972.7282671468719,969.8543050392313,7.937888869127607,5,11,330
60063.951,0.0484377294537091,2022-11-27,10.577518030897226,3.8570178487826983,17.299132982452647,1.3020787294809892,1.4894040579790262,7.454034150903628,66.00110866684545,970.2345259773496,963.7205095628057,7.537383007561001,6,11,331
65457.507,0.0418004472412056,2022-11-28,9.443235910510607,4.81909139291072,14.075658470192216,0.5260769688288556,3.361363133297586,11.386896973754698,64.48270242345805,967.5884887606624,963.9355937321578,7.7104738251054155,0,11,332
62779.089,0.0393135493418736,2022-11-29,8.707986036921328,3.344810316161152,14.066761675054115,0.14977753769964425,2.0265417517611626,7.283740051208814,66.99237491039484,966.2911493127308,961.8017602892279,7.475032813602026,1,11,333
46276.225,0.0299970290276887,2022-11-30,8.14343856747983,2.7027755192869014,13.575081630597174,1.9610242674435412,1.1959359087392436,5.131734433345348,72.61284104584853,962.0680325391244,957.8833925755655,5.1027605017415665,2,11,334
47860.692,0.0314888038176552,2022-12-01,8.82212116113117,4.262079539200893,13.385344410511511,0.659675288612883,1.9008270754565206,7.008427869434049,74.17339394076875,958.7386617349416,956.3600613642817,5.22380658303735,3,12,335
51376.551,0.0322656489457269,2022-12-02,7.457065860432563,2.8926076258988793,12.025638123102594,0.5570469278279145,1.8412909188251911,6.64749452777068,76.63900787299877,958.0865494851331,953.7132410682393,5.465002090400435,4,12,336
45071.783,0.0306779489496351,2022-12-03,7.079609152910901,2.1577751584358755,12.004671358735227,2.2810939668758796,1.5181261783375326,6.297526190442495,78.57288243644248,953.8742968635662,950.5565555409956,4.447730684052417,5,12,337
38262.246,0.0283487289828833,2022-12-04,8.78684631947913,4.939216383367889,12.634525832539211,2.5561585587899636,1.7309470666069713,7.064657020633033,83.53448835983507,956.7652403380985,951.186220327831,3.656903141166336,6,12,338
15564.963,0.0103469324252541,2022-12-05,9.355446443267134,6.150561815960386,12.546991179467883,10.83889244999409,2.9274331368485145,9.47118452565352,87.41409615798462,957.6676927748183,954.4598756551871,1.0409478712168205,0,12,339
24859.878,0.0168923815662045,2022-12-06,11.235698843799769,8.5557200636123,13.921875538866823,0.91359619214684,1.2138878370871053,5.657472019299861,89.66925482340801,960.3688017341264,956.5328457210132,1.728862022457691,1,12,340
29169.915,0.0194441564585614,2022-12-07,10.663843379417463,7.337346474213301,13.986877014512576,7.665516983462792,1.6040765322014545,6.578647981924513,86.87573713551853,959.8694524597457,952.9231409588842,2.5779046330900486,2,12,341
17862.603,0.0130278901082359,2022-12-08,11.213596439338643,8.766850430792735,13.663795799648462,14.620991087378965,3.019391770661766,11.168228336587312,90.05963010314824,953.0501197589067,946.0561389115297,1.004906345929374,3,12,342
17385.456,0.0118407512826037,2022-12-09,11.357756492232829,9.184537188727324,13.524004952216137,10.573998528955185,2.786539171124251,10.729427985150899,90.20135679832653,949.2613807140694,944.0490804758019,0.8173403793240653,4,12,343
35450.878,0.0240568933486177,2022-12-10,10.173150233746936,7.336354514356608,13.007256155012351,9.648408370918213,2.8980510133388155,9.770015519671988,79.70119996108163,956.693838353276,948.7905865525502,3.416045393251367,5,12,344
19572.449,0.0150594094075797,2022-12-11,10.450277432084803,7.276733802690571,13.623388522870778,5.7008388083865045,3.3053921462878595,12.140735986848442,89.12150491423354,955.3085334502135,948.0633850115215,1.2539620254057136,6,12,345
16917.871,0.0108804189314538,2022-12-12,13.008379496583062,9.989800686923385,16.0279884571405,20.229833515915985,4.444561764599002,14.616063186308402,87.99409182935452,956.4457963635735,951.1611639442484,1.098555168041216,0,12,346
11929.539,0.0079214532420126,2022-12-13,14.615276725071523,12.49283343008918,16.746419226430426,19.37996125835987,4.54878216696888,15.057718730332038,89.68828972376295,953.3794173832187,947.7846782986439,0.49297326119479884,1,12,347
24647.889,0.016749473324275,2022-12-14,12.96345826805392,9.916317088887766,16.0164857845836,10.964458692596695,2.7336472477938365,12.281898505156564,87.2329134527324,952.2991132511894,945.151423220083,1.9040668217815773,2,12,348
32110.024,0.0209838933636428,2022-12-15,10.559088751594915,7.959585742782055,13.16094107770273,2.8056400727350477,2.662273222819397,9.962744736065863,85.67653673093089,950.1397311548136,944.2518747880148,2.5901846540002897,3,12,349
30914.995,0.0212259939736705,2022-12-16,9.814602614138401,6.634697609859642,12.999055703068404,3.5038818302834627,2.1914917370036338,7.947482959963044,87.0221074541045,957.7896323394338,949.5844663230887,2.689805420887847,4,12,350
38729.163,0.0289229004556205,2022-12-17,9.594150389856418,5.726509010201448,13.46782307570782,0.2926112513122972,1.4413259787621282,5.96754162777741,85.54036625237737,966.4584007733667,957.2200846593975,3.7994791115652515,5,12,351
54896.576,0.0425339817387546,2022-12-18,9.66053195836391,4.862172871754117,14.455375365854104,0.04852233631738879,1.9211368202942687,6.681403092453054,82.74101487856781,969.6952761976089,966.0564490215022,6.614721629462314,6,12,352
48396.509,0.0330400449174945,2022-12-19,10.294224936234023,5.73900846016213,14.852286875148028,2.043039435765937,2.4400149145945176,7.923168679372649,80.23622811925704,969.1951542807171,966.3615044217859,5.7376614714458425,0,12,353
27172.967,0.0181358367963482,2022-12-20,11.16608929033414,7.235164171211311,15.09552641909461,6.3978802119558775,2.961209619781232,10.462995232476176,82.33946299671277,968.721020975998,964.3259291251312,2.6476936293550812,1,12,354
32545.48,0.0207938053470607,2022-12-21,12.132329961998089,8.985506300307929,15.289225751316863,0.2653432205681762,2.424209824524292,8.26943404935838,83.43135011973675,970.6800571288486,967.2136788433749,3.2302165390162814,2,12,355
33662.742,0.0218418594097764,2022-12-22,12.583237391724715,9.304679667728214,15.855340658787286,0.19104761748489352,2.11556095774109,7.3071936790233165,83.15874254586889,971.6601490132124,969.3474774012834,3.398745118615778,3,12,356
42664.14,0.0300605729407748,2022-12-23,12.417145634118262,8.064413601765503,16.771872696200244,0.07586055881825328,1.799719319002968,6.5590639108023145,81.03130324063841,970.5452607422587,967.1491422125657,4.715665040012644,4,12,357
49389.255,0.0411146132843324,2022-12-24,11.895260760707279,6.849548421860916,16.941678639490036,0.15368566746687692,1.8745393578896195,7.221669126516634,79.46485578083042,967.4357731411295,963.6270659076863,5.4886074141031544,5,12,358
44006.032,0.0385478519823826,2022-12-25,12.600798040850963,7.695608529845173,17.514390881523514,2.0986111735041897,2.7255142240072567,9.305169548523434,72.55364477067907,966.2459918810431,962.5224397489043,6.319353986357813,6,12,359
57909.39,0.0511658853362534,2022-12-26,12.544574470864564,6.585068322035704,18.50148152692605,0.11384073885864988,1.5257868855545509,5.8082096431465144,71.36580649471358,971.7873109327476,965.3333243132076,7.36622254631261,0,12,360
62172.039,0.0501912745551283,2022-12-27,11.610970252470807,5.514264426224973,17.710698989082424,0.038392877202475556,1.5133664066483754,5.367008756646867,71.30549987453463,974.2553328405226,971.0583917102038,7.496145698166396,1,12,361
58065.236,0.044580785091606,2022-12-28,10.334371088149084,4.376490911468847,16.29273640111018,0.40859402325114913,1.6497889768365024,6.059032487451577,72.20750478768073,971.4982295509155,966.8282550242715,7.026330787585341,2,12,362
34020.37,0.0260903804109566,2022-12-29,10.353518103747723,6.088229979638304,14.625009908955427,2.695090579428829,2.5511993926432632,9.05697958036262,78.22785048607314,968.1978852785498,965.7227663196475,3.3549165218570964,3,12,363
37582.313,0.027130769719053,2022-12-30,11.909759876983978,7.746496137828121,16.075427715541526,0.10471318612970466,2.696791384643719,8.98534066048319,71.55351160021068,970.0182946305277,966.2464969636189,4.676493673126559,4,12,364
51840.918,0.045943947306572,2022-12-31,11.258802098202535,5.2368123051856115,17.279834385603998,0.16538231155403968,2.095200559910256,7.1633145260108435,62.74827307073606,969.9458617652749,967.4129351968618,6.879394985916605,5,12,365
34900.98,0.031839516846983,2023-01-01,12.094973798182014,6.832140506372449,17.362917438337856,5.025270175641458,2.7170536347814873,8.919376298553903,54.047940279977475,967.900163846514,963.4058911093695,3.92719103626977,6,1,1
31904.641,0.0244490670453653,2023-01-02,9.849468352053561,6.027475598565506,13.667513703716496,1.0488300878681716,1.4777691087060378,6.563380695630478,79.22042285087531,970.0927712496235,965.1763230413044,2.825196551337069,0,1,2
53978.712,0.038668058837874,2023-01-03,8.82178788001055,3.852630067244767,13.793259796049686,0.07152075777444737,1.3872340661807618,5.240632897561722,81.74208616850512,974.6407328182869,969.4010207614374,5.631909238054687,1,1,3
58475.944,0.0446588482600613,2023-01-04,8.565083214244114,2.9292208025715096,14.202689879802643,0.03763794237672377,1.437565603552399,4.989517244226034,79.2670030847728,976.3191930850733,973.5849756405674,6.25958753344373,2,1,4
58507.717,0.0442083282041435,2023-01-05,8.431946747657463,2.64168726680873,14.214770801052246,0.037000006691842856,1.3281612012340984,4.775344076576855,77.50906680596516,973.7882264573216,968.7890234330309,6.873405379001957,3,1,5
55255.744,0.044457311041891,2023-01-06,7.54374421939373,1.7234560928070484,13.363617905483187,0.04958102158924736,1.2273078878498602,5.006784405659429,79.02010600186514,969.7590334134305,967.0553165778065,5.914856251374113,4,1,6
36334.185,0.0265821364688683,2023-01-07,7.957285280912707,2.853105907604124,13.059648871446477,8.627814895146054,2.815334485803709,10.092142589257975,81.72800239123838,968.3450585751373,963.5382989230739,3.525281314037482,5,1,7
17719.34,0.0123719305111259,2023-01-08,12.109561331581105,9.468172609106336,14.754915897130415,7.831754109257448,4.691215295289792,13.674499212353968,87.68778291678535,963.9406087212681,959.438313751447,1.0091600529393814,6,1,8
50037.428,0.0325773577238927,2023-01-09,11.225828411868154,7.286158324082802,15.161251182794006,0.42963144783704765,3.327153138879706,11.310075468173764,77.17357900121071,971.1450777099994,962.2287576573234,5.5660570064460195,0,1,9
46165.713,0.0302130938318219,2023-01-10,9.700114175987709,4.92608268757261,14.479686795130425,0.3985775096970559,1.5649154760864186,6.277269003233816,80.77879471190093,973.2195308141905,970.261094042076,4.942656660684658,1,1,10
37348.62,0.0250402329953258,2023-01-11,9.50872967629649,5.2653846614387,13.75103397934044,0.37677007540769875,2.158148079553286,7.963136951108361,83.76124309005542,972.9895700995218,969.089911723774,3.12032182692985,2,1,11
60812.197,0.041272113420113,2023-01-12,8.721100609361567,3.3846875051451435,14.055864184697363,0.08502920420874331,1.5180748382290716,6.0620323193680115,77.96312174018078,972.917318417748,969.5236163171775,6.391931256488623,3,1,12
55502.482,0.0376878190497044,2023-01-13,8.056543259566489,2.7583431877747917,13.355055132725255,0.03667266805049043,1.6277439612430613,6.1524271291796175,79.23114360125523,971.4916601758932,968.4209414123709,5.843293170654348,4,1,13
57887.595,0.0418447621155182,2023-01-14,8.285678945564039,2.3510132402005413,14.22225421583161,0.16393576405932425,1.4472409759409062,5.830780784513621,77.79714558485344,970.9700748239114,966.3227272997667,5.967315376181974,5,1,14
42371.338,0.0302643337147338,2023-01-15,7.884610587008924,3.0009664623542993,12.768444601905962,0.7883599930712698,2.852809274055794,10.528729480853618,78.16494730646392,967.8668841961721,964.6010822418725,4.45900566308597,6,1,15
31092.675,0.0194117247568586,2023-01-16,7.378299708135827,3.217718706786879,11.54036564792622,5.111601103866343,5.030868295524706,15.629132190841245,78.56053179017351,965.569558600025,952.0300997156497,2.6109568216079264,0,1,16
38229.235,0.0243683090625833,2023-01-17,8.79015152675154,5.052557249116147,12.534117670547868,2.6357505844012135,6.726559817365321,18.575410115535604,73.38499869812124,951.7153379047838,946.0055217370374,4.021351840894817,1,1,17
57178.057,0.0356641119387688,2023-01-18,5.344420370679869,2.086790843460682,8.60404921475547,0.7328502099866512,4.692910989334881,14.662762816214451,65.49645130281456,963.0877613279706,949.6911853169104,6.374874957477006,2,1,18
61198.975,0.036561793316506,2023-01-19,5.0860866022625695,0.3721908603778258,9.799998110911579,1.7129172579671557,3.696527311083819,12.436198311887985,69.90942413170859,965.3475665480674,959.7316365028715,6.245092810025552,3,1,19
54329.8,0.0336517075313373,2023-01-20,9.655160664084798,5.794531390098598,13.518430786671734,0.46286677782754165,3.2527870194270125,11.873380750745078,74.16639423475371,963.7604668217484,959.0871091736162,5.385454639928515,4,1,20
60462.839,0.0405291004871083,2023-01-21,7.553891198018747,2.880399283471685,12.225407345959452,0.08158864613623806,3.001107271720027,10.38354108849869,68.5966076987504,964.800654414709,961.3068017774855,6.263135497473429,5,1,21
75093.175,0.0485955551653867,2023-01-22,4.610190483084211,-0.12980354015105613,9.355906445554073,0.07910908644616699,3.362622740736819,11.502112357691084,47.20241844385658,967.5631412401505,964.0695977447793,8.594811362837138,6,1,22
73907.109,0.0432564670280599,2023-01-23,3.8721662367978635,-1.1524395624843449,8.900088669554174,0.16567614962517008,3.0713070332492256,11.25022244804385,55.03978631886261,966.4210775295203,961.7337912100979,7.638418011671128,0,1,23
62312.258,0.0372704003879397,2023-01-24,3.1719549479131013,-1.2972449672452975,7.629484805488548,0.75739328383262,2.486541154444981,8.980045751008186,66.67001474277033,967.4430774145745,963.577212026571,6.383201038959133,1,1,24
74257.352,0.0444884761463623,2023-01-25,3.919935076778498,-1.7091024154503889,9.549921862524105,0.12719655082375775,2.2790648025868734,8.506267527934371,65.29140989529371,968.743322580582,965.4317318669201,7.664323427639374,2,1,25
54301.118,0.031022224718879,2023-01-26,4.205603466864142,-0.6282569680421569,9.050818835842636,0.06855556319794949,2.6588152343676055,9.258148245783428,65.05718564931767,966.4379123683244,958.6473444281695,5.08764467272404,3,1,26
76915.025,0.0431375320855586,2023-01-27,4.675392048239601,-0.5904334576051624,9.93927588245956,0.15278069458039092,3.2274282189621735,11.073455649588501,59.3190479328045,960.8127677465873,957.7274488831966,7.428252645761218,4,1,27
83000.747,0.0510838095840193,2023-01-28,4.321421137758524,-0.8923550460586813,9.532947787091016,0.12132168424545063,2.81695590193851,9.893373871794807,58.392997582577586,963.7470562079029,959.8717766082395,8.227850450747557,5,1,28
80298.911,0.053079001335889,2023-01-29,3.609777241979737,-1.9432463390836936,9.167165540860557,0.330875219068137,2.307169300042568,8.369148382936855,63.602998142095934,967.7828500414053,962.8594308397661,7.718323401570768,6,1,29
81011.5,0.0496783011506606,2023-01-30,4.650490620369608,-1.6913883975378086,10.993309948774382,0.05025501665889347,2.108649642655878,7.455473586543901,63.61199121595894,971.3081977055356,967.4087854340986,8.852669609285568,0,1,30
84252.618,0.0490504390886809,2023-01-31,6.001208907183834,-1.4602640501317394,13.458730725411732,0.014063852314600122,1.735933732812656,6.33946727134597,58.57456272896368,971.6959035191618,968.6885463006096,9.019407058122244,1,1,31
83470.396,0.0498398667069869,2023-02-01,6.396083907614558,-0.9533496139201512,13.744571725665619,0.004740288310367481,1.6169334730337692,5.992563495795019,59.643187081468746,970.7438131377954,967.8833374302656,8.945702780589931,2,2,32
88220.859,0.0554125114602189,2023-02-02,7.16755584799007,-0.3500600671295452,14.685268648895573,0.003582385585947706,1.6256385008142638,5.9636607627238485,59.59754634383251,971.8637169146391,968.5265135856245,9.127274002552223,3,2,33
91813.096,0.059255610364799,2023-02-03,8.238775557615941,0.02739763506929448,16.446199882895677,0.001918618360704687,1.547575063241048,5.824217820691699,53.38852070983502,973.7646546734196,970.9389617368078,9.257268477446825,4,2,34
94022.192,0.062179067895417,2023-02-04,9.052127748602162,0.2709274028535251,17.83654180653019,0.01184519457084426,1.927470558318206,7.180044378529911,47.3018483906251,973.8529331074997,970.4145501692483,9.292576013405895,5,2,35
89212.321,0.0564523687567133,2023-02-05,9.027793260655336,1.0604759958920558,16.99029778752238,0.011316116081334095,2.144191217962692,7.500041109457505,49.41697221858321,973.4101033436937,969.145162889842,9.267837621896764,6,2,36
78893.789,0.0477718579459925,2023-02-06,6.91299118416065,0.6208203112280513,13.206435712293226,1.4264585416856297,2.6482825931557326,10.924590966534552,61.01435932042928,969.379586728904,962.7824317044661,7.712740013678465,0,2,37
43380.924,0.0265453927617263,2023-02-07,5.725982206834812,2.049404137729733,9.404869688246372,3.482472462183603,2.702514779491099,9.551970033134376,76.28601561294964,964.3695375530272,960.3619208122444,2.7437003008106418,1,2,38
42001.997,0.0260012134684611,2023-02-08,7.257167964128641,3.420288824323373,11.093249755060071,2.337780510246521,3.097630986438886,9.644149219264321,76.28166333734978,967.1367105332084,962.0019929844831,3.0683205588099187,2,2,39
72656.159,0.0443379752110545,2023-02-09,7.268891447636205,2.5443438886233833,11.993162130190873,0.3281079183927478,2.5960088691442262,8.599023240493555,71.1843270651849,974.0851291250317,966.7063778526152,6.493199994573907,3,2,40
75629.319,0.0472492551071928,2023-02-10,6.123542022926416,1.1531691585262918,11.090882689726207,0.26119448370732995,3.5820700668008563,10.802202683047906,63.155043088119406,975.5005514020886,972.0400788694882,7.2069501323301965,4,2,41
75766.571,0.0521180949628447,2023-02-11,6.657736237238683,1.3986926135504867,11.91844985932506,0.42425278521913534,3.7315326957504147,11.107943151108286,62.675634064443564,973.5198054372463,969.4811702307292,7.402627103935146,5,2,42
69880.526,0.0507718681188943,2023-02-12,7.48265619286054,2.0505681316273576,12.915984937936775,0.0076333060458654385,2.819703179892154,8.878891387409707,64.55380237958559,972.4983173173174,969.9293949196843,6.156046658712254,6,2,43
80684.555,0.0507639858103517,2023-02-13,8.229264323941537,2.441303972907681,14.000532220671975,0.0009405938988563215,2.9897546438715383,9.160256747304896,65.50209280962345,973.9803451173217,970.9794879141994,7.865018519003532,0,2,44
60394.536,0.0369486101164061,2023-02-14,8.695231606168079,3.923673089650521,13.468941215686865,0.02110095214040009,3.3597341379457477,9.841366942765115,67.28113602537482,971.5685506075067,966.9494320511176,4.970875904273101,1,2,45
72813.925,0.0460482464570763,2023-02-15,9.458705774696126,4.091021725741626,14.825150373023131,0.053199544385730456,2.671694484403614,8.565062785709255,66.13307055909857,969.1721701254971,965.9624726561949,6.957577263954793,2,2,46
89064.95,0.0587338970213207,2023-02-16,9.53313713304374,2.9814945160725927,16.08539130037897,0.02347279245544987,2.2874820392768433,7.816678895947574,61.85210992753575,970.8054921454467,968.0490992950997,8.279171551322078,3,2,47
76247.709,0.0514567325801663,2023-02-17,9.746732088104917,3.432387613241163,16.05905235926182,0.07158064530992848,3.2160870106848107,10.091016942385604,56.59429809322538,971.458369471456,968.2718135007717,6.460040531246711,4,2,48
67013.798,0.0529538832506458,2023-02-18,11.575413784821007,5.989833075826715,17.166119402423842,0.08038418405924465,2.6084143947599308,8.354285092901085,56.169819085414964,970.6969193131406,967.1443461381805,5.427997026990475,5,2,49
67500.722,0.0522636510987453,2023-02-19,12.237931693223654,6.063231259879201,18.405354967389105,0.02308851543487603,2.295350782524357,7.872006795687,56.922743543177745,968.0382960782819,964.4417483566182,6.094434090507432,6,2,50
64955.811,0.0445920237678073,2023-02-20,12.927974818086511,6.909478553039284,18.941277193236008,0.07939633568796091,2.5580387605811215,8.851868734740782,51.600288674638115,965.9468838171501,962.1453995811459,5.965448351048362,0,2,51
70398.833,0.0476316873981429,2023-02-21,12.479220901931841,6.533386561178008,18.42341875610905,0.4528763644288571,1.873483257043212,8.029677417272422,61.15923759075843,963.5506548339424,959.5239437263128,6.515487490089927,1,2,52
81250.349,0.0544581096454025,2023-02-22,11.01224763316225,5.248598544629857,16.766058186513135,0.7836559001612663,1.7633955417673806,6.968058642396969,68.89247951637893,962.2010484567575,958.0757011549503,7.442166584740216,2,2,53
70346.843,0.0466128198417893,2023-02-23,7.438111596172503,2.485924123506132,12.395707387839222,2.054231661382167,3.1895891416330566,11.370081149828318,69.04354024996525,957.6464192343749,951.2625712906088,5.771965103369033,3,2,54
92750.865,0.0614170776170266,2023-02-24,5.526895037381613,-0.622298442813914,11.673222602915915,0.6852064745888697,1.7842982243531518,7.322846494958235,57.99141280428116,953.8878519998793,950.1822420666317,8.137718796303606,4,2,55
70149.236,0.0513669620946222,2023-02-25,5.221003585733484,0.181607120246504,10.262459332664832,0.5872694969645994,2.285446672603646,9.067726904956164,66.79041810305225,951.1567529069442,947.7693083382691,5.356797147451505,5,2,56
79032.227,0.0491891507467973,2023-02-26,6.794173692245353,1.6517359830399674,11.936082726076004,0.13306339074109988,3.5142849021405445,11.870349716763943,62.701127395230124,952.6290753280948,948.8315818871839,7.101198349623569,6,2,57
99782.378,0.0546570346622062,2023-02-27,4.188407841306561,-0.4191547410473475,8.796912063522981,0.7856316689863314,3.405642628248031,12.039929784697348,49.62458549409558,959.3128611781941,952.3055154107112,8.330669516800072,0,2,58
106203.436,0.0603697394122642,2023-02-28,4.364123209892482,-2.0545669515547362,10.788354188442378,0.19056656781748696,2.8290692073002517,9.78510696162973,49.80878892716705,962.4591742074947,958.9308833108433,9.0601939569592,1,2,59
105588.77,0.0613569904719078,2023-03-01,3.783731481331526,-2.405610354431608,9.971845080996658,0.1303165365444888,2.2781148036257006,8.877429645984282,51.37882334097275,960.7596446656797,956.688113453649,8.940039297050589,2,3,60
108539.064,0.0608191706225169,2023-03-02,4.757237894482505,-2.2193781756725963,11.739745939702072,0.028918991201068407,2.203787192493923,8.401192357654006,50.248073077906135,962.1306550373228,957.9447732008151,8.938204844008746,3,3,61
112907.262,0.0653062834159406,2023-03-03,6.4906764234129755,-1.064522684354751,14.042675979456904,0.013366963970861722,2.005304371745591,7.400466683094847,50.2575644040426,962.9762777986003,959.4787618789078,9.198679465964382,4,3,62
107191.423,0.0721402954642333,2023-03-04,7.839194448057036,0.4138144325880426,15.267116672430419,0.0014016846727531328,1.8528755272474926,6.91623460489084,52.22438877680383,963.4828562684677,960.138210851788,8.909191213560312,5,3,63
50301.985,0.0355875923156654,2023-03-05,7.765488530094243,2.2075017635697067,13.319613200546057,2.467548952640366,1.913989338149259,8.35972005886467,65.61443887212482,961.3341672896024,955.4287749586016,3.0714639299381776,6,3,64
52263.697,0.0320061319116907,2023-03-06,9.851138474353228,5.712300132842685,13.990538221834433,3.6442825401322683,2.531434593286293,9.14304837424036,78.31329590420566,956.8229877118049,953.446561627708,2.885356792032598,0,3,65
70488.209,0.0431098739447367,2023-03-07,12.005078852938299,7.7662373028559495,16.24122124687036,1.1423808357683407,3.5576202328605873,11.226724407926756,72.27367768239921,957.5188202355882,953.3273852650941,5.390605910237203,1,3,66
59823.242,0.0355813389138661,2023-03-08,14.263361680806602,10.252494853159053,18.273948434807824,5.673792042952378,3.851563012989956,11.930388050648709,76.42678562943716,958.601430213054,955.6138773685593,4.1666847920740615,2,3,67
54664.219,0.0330007295628913,2023-03-09,14.385432543643345,10.472858119951178,18.299128934272975,1.9714477280615752,4.567838246217824,14.583896320230851,74.78461263069404,961.5791591946695,955.9110908805976,3.877950493568147,3,3,68
95583.341,0.0568257807265346,2023-03-10,14.387033803042783,8.958161437448279,19.80947819256368,0.03589854952535002,3.4408457868985503,11.029356543121613,64.7741890961068,965.6000969951799,960.9282913917309,8.921330587305201,4,3,69
78651.351,0.0512349618768597,2023-03-11,15.197832124830434,9.758497405270173,20.62901324238929,0.30781560271078834,3.563715903131942,11.127126775170476,67.43951686129044,966.043356427245,962.7825833077104,7.102723085513929,5,3,70
108339.152,0.0788941794167098,2023-03-12,16.307447446284378,9.028301675778263,23.589229485113133,0.00909544099011356,1.8468260206045477,7.286354869617177,63.97700395217787,965.2837632927739,960.8777393560595,9.674913886269596,6,3,71
95352.766,0.0633624367601419,2023-03-13,15.171525631282956,8.381221290880509,21.960448660848268,0.1415858855374475,3.9183519519166277,14.09785458593347,61.290213760503306,962.6651606787302,956.9177044248506,9.300478062385944,0,3,72
114421.53,0.0719920806599106,2023-03-14,12.275647193011688,6.139602822212539,18.413010313625257,0.03146228754392383,2.9492797933214887,10.263919152101094,53.24732041435525,964.4697334501398,960.2457745152658,10.236534397769551,1,3,73
125645.264,0.0838585124184294,2023-03-15,13.62365339696391,5.048224128798092,22.204076175265417,0.00010172324225697887,1.8594553793389315,7.116745949462379,47.85106841343121,962.7292060341064,957.470579336446,10.840789338228976,2,3,74
111272.672,0.0721360393260657,2023-03-16,15.019039295790614,6.91151372611481,23.12296175512043,0.16615395539722497,2.9342388852510757,10.076455827017234,45.52471072275971,957.8270451902803,952.9049224185769,9.678158966770956,3,3,75
86629.561,0.0558159768111152,2023-03-17,13.027682118542575,8.131616998535536,17.925065044653234,0.38795363829260837,3.286541168879417,10.632579508072162,62.60890765073225,958.3918519648548,954.5737348598783,6.52982267770027,4,3,76
82645.155,0.0602407500569193,2023-03-18,11.992399883072489,7.079631251978526,16.905816531412256,0.3779024763703747,2.467357855566007,8.950599737242852,64.61780703991491,961.0988361016002,957.2738107896488,6.351969378455009,5,3,77
115786.084,0.0858586347095581,2023-03-19,12.38260247663038,5.531737416513733,19.236413622315474,0.04261135287340513,2.1141207553776287,8.036076404343268,55.85070803320445,964.6153286516195,960.5785451488736,10.157283630742414,6,3,78
124933.687,0.0861126585038741,2023-03-20,12.916788639156229,4.785691401074871,21.053329139754894,0.0002937713112838918,1.8801436468726362,7.13732844881964,49.76700041694944,965.3717217015844,961.447276182663,10.84732671488468,0,3,79
123489.235,0.0874611875915817,2023-03-21,13.759976340863725,5.837245589833252,21.682435775153518,0.001024672485609313,1.9437864627196837,7.15986306022229,50.6247632849179,961.8328038635904,958.2201560014206,10.529943872685177,1,3,80
122555.363,0.0859951998352085,2023-03-22,14.19976012885289,6.07260832814745,22.33120693705935,0.0034884461412250773,2.054230244860484,7.617266238549341,50.94263656319824,959.9782209243481,956.9766082395906,10.27578088341896,2,3,81
115083.285,0.0778822848470377,2023-03-23,14.728656316970776,6.880385786717316,22.578435563814192,0.047605417133630486,2.6132792197235744,9.40328971931084,47.94920382265917,959.6690720331924,956.3989074722608,9.412970469436772,3,3,82
89051.439,0.0599921522236118,2023-03-24,14.084824863480378,7.581940549228294,20.587286943444873,0.12627284939510955,2.780567001162602,9.515824676569327,60.19605984914289,964.6550339568965,959.116299799319,7.29334125954861,4,3,83
113087.905,0.0862764382102382,2023-03-25,15.01917204788652,7.421973876133932,22.619595976345728,0.03332268935368563,2.496423173396485,8.8902141373527,55.80546059129675,965.5529255062886,961.9190496953433,10.342735357166905,5,3,84
98291.025,0.0722201307821584,2023-03-26,15.12233250774554,8.26390019834492,21.979320590625058,0.07204241802842845,3.5509095053476813,11.51550253073056,49.97608609338155,964.3665558060987,960.6634036815243,10.48802479506235,6,3,85
126462.811,0.0840355013673633,2023-03-27,13.898969575741962,6.025586023895268,21.774380392401486,0.005283732823278672,2.310705612223624,8.737970039025459,40.42624479124897,965.1194525261795,961.8563133321203,10.378488515179802,0,3,86
133042.02,0.0900669086777764,2023-03-28,14.904416591022375,5.862890784897988,23.94173540965576,0.0033946632571532007,2.049140407187046,7.32723644055746,40.88118160148545,966.3438740156583,963.4430649643514,11.104822047837041,1,3,87
118050.73,0.0796260614918005,2023-03-29,16.760343541962737,8.057272361846525,25.453375439575634,0.00298016035587891,2.706504079371896,9.066674918986417,41.66722344617719,966.2074720080607,962.1234444217872,11.100105302579347,2,3,88
107287.14,0.0714716393234936,2023-03-30,16.607363723442155,9.048123965929769,24.170276574393508,0.009688689524436368,3.144300433378909,10.656791524819374,47.83756689464489,967.0646295584775,963.768571579965,9.923485122138949,3,3,89
89833.543,0.0568169624029038,2023-03-31,16.46460273042986,10.507986292383361,22.42784023300008,0.017842548232116368,3.9806889922122304,12.163327744707733,55.047228425077506,966.1676388011442,962.3389806248613,7.86168767157355,4,3,90
96938.423,0.0693496354777491,2023-04-01,14.589761358966031,8.636313342724982,20.54540064771836,0.7384448758786648,4.015029672198645,12.924723773205967,56.541139527262665,965.3082568268698,961.152933034633,8.191206611370573,5,4,91
113232.26,0.0836637580671924,2023-04-02,13.082170603488796,6.502638363894347,19.669933348270263,0.20677972487915855,3.4195390299162765,11.453372206471006,44.3786326299871,965.7803217924571,962.261940291747,10.880429136450902,6,4,92
130350.967,0.090409595988765,2023-04-03,12.56315081097721,4.6474026905104315,20.478664353724913,0.03203920777112194,2.3331213201254495,8.446352598356231,39.1970527431087,963.5923986328042,954.5521731904785,10.778611682343808,0,4,93
118111.565,0.0784234808319783,2023-04-04,13.579292701164979,6.520490561376164,20.634750268238427,0.045836806224456794,2.913456668993933,9.665914966859539,39.61303457153727,959.652426429169,954.161120655362,9.74444367706711,1,4,94
141076.522,0.0980924912232173,2023-04-05,13.12882124903373,4.419534633589486,21.84326646142878,0.00373207664431456,2.72984016143772,9.099785990618141,33.60992635879386,960.7534445644276,957.4335021151575,11.550550020987371,2,4,95
135185.56,0.098433183217471,2023-04-06,14.287545279323737,5.676922871393353,22.897209507136616,0.0,2.400317375447068,8.294876173845532,33.19816984728241,960.348721475753,957.6273614275881,11.154622104117108,3,4,96
129939.02,0.1007543098000444,2023-04-07,14.788475256238693,5.702519463336538,23.880933302110932,0.0,2.241747073082717,7.9386701762377605,34.790242896349405,959.8979271788236,956.409209541127,11.709639796031668,4,4,97
134929.779,0.103459947855058,2023-04-08,16.248073870897493,6.765593178618656,25.734062729754527,5.002810586046464e-05,2.0334497403706115,7.9414469982423395,33.503496587216965,960.7067152337271,957.1201581281143,11.587055798871653,5,4,98
119561.875,0.098328676715066,2023-04-09,17.094484338195016,8.037305878710457,26.146491185541848,7.607013356865171e-05,2.2907698149063735,8.67013842906298,39.853012315982355,964.084645402072,960.1169385609924,10.876219387346245,6,4,99
116509.293,0.0932591048681777,2023-04-10,18.067033628821076,9.717676266540636,26.419563272049878,0.0016642454850946116,2.556810970816319,9.274930146010734,38.94960814016783,966.5952017092349,963.4965335794343,10.903739920720785,0,4,100
140711.407,0.099883290264623,2023-04-11,17.28640443003359,8.970950660148485,25.602738602684393,0.005460350453954764,2.7230507411125533,9.585695237022371,45.993556505994896,965.4425682502084,959.8079426061063,11.294054177055093,1,4,101
106474.29,0.0679155564023031,2023-04-12,15.018754559703149,8.524012279800164,21.508185195827174,0.27524745709767323,4.124008759646662,12.639874563571132,54.53996557262436,960.1672934795736,955.5567171705444,8.057456471840633,2,4,102
123851.033,0.0813007948572921,2023-04-13,12.23778389665364,6.0187484516544,18.458739667129304,0.20891111845710542,3.666658563827036,11.55125595386257,45.47226287650448,961.9235246547742,958.3736533115164,10.686599610374376,3,4,103
112917.619,0.0730420335001788,2023-04-14,13.92721290167455,6.5734886501563885,21.28067023740613,0.17524569144440283,3.82395363510743,12.299727044359209,50.59635467417348,961.9170934357827,958.5466466899474,9.622794563074338,4,4,104
125145.446,0.0837492499869656,2023-04-15,16.40585713049894,9.074868165311885,23.735015933610978,0.04066127098248986,3.7101734767300423,11.667506586948125,45.46111814301026,963.4902295398232,959.5886175321411,11.51985135270388,5,4,105
121853.954,0.0907448864141745,2023-04-16,16.31630372969291,8.934778306609118,23.704463188599348,0.0002932014624652426,3.4276760267597037,10.735314371695555,38.96934595778481,962.8039959870251,958.0897288407871,12.075724588383192,6,4,106
145666.839,0.0995775467453821,2023-04-17,15.81475549729756,7.7530964089043435,23.87029675509394,0.01567975176179531,2.9572449268325594,10.216289299576662,35.199244380950226,959.4252257993382,954.9991676078967,12.093746216402062,0,4,107
145591.716,0.0981429660634804,2023-04-18,15.56122489885425,7.572941916952493,23.552527335843703,0.010927842797856439,2.726036581052382,9.374043138119065,40.25829672451623,955.4544867831269,951.9012618070137,11.87146786069262,1,4,108
138560.073,0.0988827203355089,2023-04-19,16.48138124535502,8.505203601684798,24.457341911979746,0.0,2.702415485670205,9.343991141657373,42.21651443556156,956.393600341282,952.8650328740931,11.016641999370782,2,4,109
140923.671,0.1015296627378803,2023-04-20,17.32633615528878,8.720854037186335,25.93404749463663,0.006263344468728745,2.5067514754610656,9.132661932903861,39.932644518386546,955.2261659129799,950.1845106020969,11.757306089185409,3,4,110
116910.431,0.081742576750861,2023-04-21,16.691709191000157,9.427943871041842,23.95780792121908,2.9773454466265377,3.439234469842477,12.487002414357242,49.87934054480637,952.7212016687497,948.7458365090087,9.263805873066111,4,4,111
110077.073,0.0851016563996611,2023-04-22,15.301923797025863,9.744357356771289,20.855723877569243,1.185792285125641,2.787106662841365,9.408738442072202,60.401828384412866,957.5601442909388,952.005283381962,7.729491517297649,5,4,112
118994.238,0.0895795163648065,2023-04-23,16.133858444855317,8.153727037956752,24.113815105411827,0.3611288725411119,2.7349314650008614,9.440318912602708,50.0116807752652,959.2966024767594,956.4499216761296,11.413458558483889,6,4,113
147967.606,0.107176544227994,2023-04-24,18.041664100551703,10.107819887596856,25.97548549502389,0.0439967836316882,2.364488243333882,8.455654837992043,47.315995773764804,960.2548062881674,957.4088069915425,11.733424650238414,0,4,114
146948.346,0.1019547970593876,2023-04-25,19.8144459175408,11.460375302964431,28.171702671687154,0.02757490145559702,2.5956617825335764,9.295522760506396,43.3894701507847,959.9060637863623,956.7178405056197,11.804167268146788,1,4,115
148074.802,0.1028580634361809,2023-04-26,20.7720222426983,11.980812378114175,29.561749121789365,0.05081011224624373,2.2795197641227567,8.796168237285102,40.17260165388199,959.7239724445856,956.5619661808554,11.669186811993981,2,4,116
128183.607,0.0891397890934051,2023-04-27,22.263932580810017,13.442313344774508,31.084206753334108,0.007597306034314304,2.246737892088206,8.605436706605381,38.14088378917012,958.8659662121303,955.6773798435617,10.633022944156039,3,4,117
112774.92,0.0789534445676409,2023-04-28,23.1816590501759,15.583970921078993,30.788249208095817,0.015196703723092182,2.6872439794507996,9.870497957811768,37.95310595056591,958.9808248206732,955.5597806845786,7.97365293202238,4,4,118
105451.632,0.0795337428096952,2023-04-29,21.17639627321764,14.93116127898363,27.422148620371544,0.5569851961581146,3.3044871365741906,11.706178143193565,49.21693758474437,960.7114735591706,957.0388482215818,7.276077824164016,5,4,119
111613.425,0.0861712465684112,2023-04-30,19.355383787590892,12.796716179910526,25.912467290410415,0.4874821927515741,2.636480280186338,9.337031304671763,51.52086495149249,960.8415689052491,957.1490285636461,9.149399427593496,6,4,120
129637.376,0.1034558506404626,2023-05-01,19.156275204848477,11.229059906540542,27.087988330630438,0.01751566023578623,2.3650375436592324,8.519462721578433,42.565737135065135,961.0172153393244,958.1358918061471,12.178605680044992,0,5,121
136501.239,0.1024995294863757,2023-05-02,20.197741321133012,11.444897669662353,28.957467862243735,0.000531412872123462,2.2857829786672057,8.64840088650979,34.6756919355403,960.236677488662,956.0847104761328,11.163006754477971,1,5,122
127623.998,0.089005869986873,2023-05-03,20.90176498588445,13.287883386366875,28.518212193346383,0.04552841334202911,3.7429717274421956,11.724421280625213,34.5739009881201,960.8449948001656,955.8032497269314,10.2805043515595,2,5,123
143339.966,0.103297378496109,2023-05-04,18.712414848209303,11.764546948747052,25.654117082630243,0.007777878366358724,2.664313715539977,9.269688985714502,46.69913263445503,962.831015770088,959.7065040658622,11.102916013248738,3,5,124
157760.006,0.1145338546851861,2023-05-05,19.02044108584425,10.753633434924904,27.294271982926265,0.0074792969344780495,2.2437775704409093,8.184871142783205,41.944561294497504,962.0264487362778,957.0930665412208,12.341688168029052,4,5,125
144655.894,0.1123843373000386,2023-05-06,19.322544252452953,11.63950277875489,27.00232038000417,0.6166679079678559,2.957402623540551,10.34061016980033,44.08253062941445,959.4581668091943,955.8458976916794,11.102764165310955,5,5,126
143465.313,0.1119620939202283,2023-05-07,19.728858641111657,12.589888976688512,26.863029693485267,0.24085547429141252,2.602731993141356,9.207976468324027,48.66171345444178,963.9066960296062,958.6429271437286,11.21984001022943,6,5,127
143196.687,0.1063504665116185,2023-05-08,20.39845977798207,12.124843935730697,28.670654404150884,0.004124717641302506,2.4388212747031326,8.939040735878233,41.847082176427215,965.7120572113065,962.7655656280838,11.552236924407826,0,5,128
140986.462,0.0987484848304057,2023-05-09,20.869660416931417,13.70424553774961,28.03574833550592,0.1658220415014344,3.535752527961188,11.655134660757266,47.26691523441823,964.626023610846,960.6789933508182,10.76446737515862,1,5,129
156626.409,0.1043694842922977,2023-05-10,19.219729160696716,12.577932127931286,25.86222448821398,0.050006768758563205,3.4244919600256463,10.526835042688665,41.26204924510342,962.4758835091615,958.4410893267847,11.715223378534676,2,5,130
148777.612,0.0999788586814399,2023-05-11,17.311606936414886,10.673250861745267,23.948785203082704,0.23190792885664957,3.3575958467907743,10.347075783156699,43.86382465519457,960.1228069369938,956.4418181764903,11.810606902209283,3,5,131
138532.653,0.0944255787149253,2023-05-12,15.609157314161232,9.41969139717242,21.79535820392696,1.4206079321159355,3.5095883628977695,12.534910713058567,46.57142450741095,958.9972640949118,954.8626094027027,10.179689053426568,4,5,132
140525.782,0.1001228639104461,2023-05-13,14.750979596036785,8.42877113674681,21.07463535549054,0.5693090953373292,3.2103183098228434,10.896037506847911,45.26027186181337,961.8624513008916,958.2225212523283,10.336745319644843,5,5,133
124118.155,0.0943072525874831,2023-05-14,15.56467378721703,8.671638318320774,22.461992571770665,0.2367501612364324,3.103610516639861,10.550741763722044,45.01089816007178,962.193789908428,959.5885289310111,10.166481900559853,6,5,134
146735.506,0.0974670436921273,2023-05-15,16.692956523388084,9.48119406056743,23.903821912862117,0.16131287640666023,3.38308787260618,11.230745630145554,40.91077722901133,961.365644378242,957.1070588191023,11.128300659215393,0,5,135
152838.417,0.0977344832837343,2023-05-16,16.77722250892608,9.862413019872468,23.697802513846067,0.05876495314334096,3.6094598070121373,10.855996243095799,36.68684631191426,959.7272311628669,955.4567895881737,11.651186846531068,1,5,136
124151.033,0.0817864993340539,2023-05-17,16.424468937310834,9.769731028411453,23.082344802019765,0.2757851496592365,3.4856881647822693,11.305028662520414,36.879276521746526,959.0280009103569,955.2969439491029,8.914683872636129,2,5,137
128522.481,0.084963973848435,2023-05-18,15.383500811399129,8.980924277431384,21.784952219806033,1.6599109870785713,3.499209112093572,11.752425969117066,46.56987847723244,961.0657991859562,957.6534675147657,9.435048765008291,3,5,138
129794.256,0.0865940832117074,2023-05-19,15.057567658032056,8.924806685893058,21.188078274864107,1.0292556391800523,3.2407300624824478,10.835593740935886,47.911712144505266,960.7913801158231,957.3683429107605,9.234290982723511,4,5,139
111852.348,0.0870169866459806,2023-05-20,15.157563810658237,8.859742301169486,21.446871872522014,1.0133182888889096,2.730383105550704,10.438978739149055,49.806701720906915,958.6239778393415,953.7410277638775,8.185126698832569,5,5,140
102632.832,0.0838397611846801,2023-05-21,15.65194917464965,9.94286761732147,21.34089281171809,2.028095842470827,2.690375362371609,10.600215016496257,56.49075243734951,955.3270627658422,952.1135766568689,6.121432208062105,6,5,141
78657.819,0.0597807019801221,2023-05-22,15.794185567071748,11.292639101301983,20.300713784704996,6.968399043827257,2.3826843867469756,9.321995707595358,66.17742904295885,956.296915733104,953.5323759451019,3.116708429179827,0,5,142
78847.321,0.0576452447865192,2023-05-23,16.262175649495987,11.891421367128038,20.630470472018196,5.503670299454918,2.700090805126918,11.086974721554967,73.95480099857043,957.3825228419742,954.144949511699,3.771828327207454,1,5,143
114070.837,0.0834458925331095,2023-05-24,17.247366716446102,11.61041175202747,22.879988029975326,1.9997687022304382,2.1544343724590376,8.828587756587499,66.4526811555067,959.3412242368324,956.1401908528478,7.453820087581881,2,5,144
124573.781,0.087336528553473,2023-05-25,18.038972176239703,11.357988327892421,24.720131652902033,8.038747670475336,2.529874790536827,10.861017303083656,61.244616600157116,960.0124170990038,955.3839990007033,8.664332686156696,3,5,145
95609.615,0.0713771698901931,2023-05-26,17.57929067143987,12.660242493711106,22.496062850604943,4.817500270264863,3.496696204505384,11.333716753062653,69.97477435575513,960.2110694912533,956.2456078695437,5.901067711321823,4,5,146
75313.434,0.0651069018340262,2023-05-27,16.99269505139281,12.678695472889514,21.31401525291808,7.709770316799516,2.407881762436501,9.743103576482737,74.34054153480544,960.6051972614631,957.2918743839865,4.003715425482832,5,5,147
87088.786,0.0799627798875642,2023-05-28,17.179947768140625,12.830036354954114,21.531245038591244,5.745312203361905,2.3132027537155775,9.611422629514431,75.83807523573596,959.1244421365911,956.2674088274678,4.376960400900719,6,5,148
107163.745,0.0861324401476736,2023-05-29,17.42975265740562,12.484202377445843,22.37633860166995,3.267370927690367,2.6274000314314496,9.216503942255079,69.69196646211526,958.4123121713872,955.6763049581272,6.9404229278613085,0,5,149
108055.521,0.0836377302192214,2023-05-30,17.569938744557152,12.454603926406687,22.688263278513656,3.5195413198904655,2.4510506593656918,9.371879813279085,69.83628831636423,960.5643324527555,957.5655443302257,6.992050594669877,1,5,150
131140.383,0.0994647355097816,2023-05-31,18.607495176432764,12.45797521987758,24.756699682473045,2.644602459190661,2.0703942502711543,8.763432386856854,62.622583260340214,959.8186824913415,955.9933975467675,9.36822636669439,2,5,151
100573.483,0.0769010712891031,2023-06-01,18.477122572359995,12.946222750256325,24.01055861212597,4.240461206900746,2.3727386566830155,9.925891189798126,65.67503405924992,957.3750332639007,953.8637926066341,6.834679610348892,3,6,152
105676.236,0.0841633152816343,2023-06-02,18.554368193241757,12.947032569548963,24.160459470017756,3.286172749198819,2.2889378860307144,10.072518464178037,67.03796278745197,957.5724448141071,954.6107993680083,6.493576811074462,4,6,153
121219.473,0.1024473382727104,2023-06-03,18.748284656916383,12.601982571580585,24.89850168867221,2.4549998717641923,1.9631010949588072,8.893622504138458,64.99511720111164,958.0930343595608,955.4622446544023,8.903326815417623,5,6,154
117542.719,0.1049915467503332,2023-06-04,19.714239496706284,13.431756723783979,25.997479243185403,1.8531837934725355,2.061523439034102,8.729420866684558,62.37851461736763,959.0985404146861,956.2539200600088,9.000313111281928,6,6,155
128232.241,0.0971350624979158,2023-06-05,20.6215054689789,14.424193669117887,26.81793908862094,2.757425024363184,2.111746537313441,9.274532732700001,62.45866276251723,959.0914006997142,956.0241416947673,9.425140414170551,0,6,156
139407.585,0.1002544352205729,2023-06-06,21.466390013070246,14.747930249604675,28.180562773719213,3.1208159842094756,2.8329989669542397,9.687416260556299,55.875035255451415,958.6063659106335,954.8333729255419,10.500653915899251,1,6,157
61439.92,0.0466089667339081,2023-06-07,19.127662417116408,15.834321681977837,22.440472049011614,4.658919666287228,2.7845428585636407,9.349234451718965,77.50135249037085,957.3731799978242,954.9842137176404,1.8053466635451132,2,6,158
67954.396,0.052612069508183,2023-06-08,19.062245582622825,15.533748312819588,22.58735806715742,7.971527238039245,2.862000052991403,9.90494311488381,79.86832988730839,956.6145095166485,952.68608518361,2.7129470357128653,3,6,159
121626.418,0.0865690521073979,2023-06-09,19.685526519914898,15.044225668080053,24.330604960472385,2.5293044750285385,3.405020467729409,10.427425581269217,70.04029991469575,958.2492028885033,954.1722677055553,7.513990321620701,4,6,160
136044.742,0.1135272177775356,2023-06-10,20.909616477020396,15.068672254677473,26.74867082828173,0.40170443713045095,2.0724181966502497,7.750168413030472,59.31947218298402,959.1280079995549,956.7381064680536,9.500983181139341,5,6,161
131802.877,0.1106473752494487,2023-06-11,21.325504354211713,15.231288023971349,27.420523439492673,1.805189791607375,2.4777367069445155,9.599279165541608,57.385388073452624,959.2472727860289,956.8625851444182,10.058212633146358,6,6,162
126305.165,0.0910681151089434,2023-06-12,21.332793160795994,15.191102742305356,27.47751387966669,2.424724031052411,2.5810247102347597,9.992178420428955,58.25697714103055,958.1280609893424,953.7907334855641,9.295023809580794,0,6,163
126473.715,0.0890872540779213,2023-06-13,20.17027230507422,14.902000801113738,25.43386643992445,2.2709057970514643,3.3453547950047557,11.645468806527093,61.62186626355716,957.2214598615459,953.1806059965432,8.905853846589778,1,6,164
144742.66,0.0962047278319165,2023-06-14,21.251536651172916,14.469418951998692,28.011400000793763,0.06197800963227002,2.626329278037655,8.889235336701468,52.96383051344824,960.8731213659452,956.641363823327,11.519932806880727,2,6,165
154232.989,0.1041347302099406,2023-06-15,23.37059218594695,15.843544130659362,30.90240318546532,8.552011339195396e-05,2.053931066495604,7.66308591917084,45.16677083435973,962.3689008933095,959.762791209995,13.068039032421815,3,6,166
153057.813,0.1042778781499058,2023-06-16,24.98908678305409,17.19357367062079,32.78968328678507,0.04129560351770694,2.067345783587348,7.666495910197954,41.77671808874934,962.022015844736,958.6622466769368,12.661885254380822,4,6,167
142639.965,0.1057331481660613,2023-06-17,25.66817555380771,18.27315078546609,33.065156379850436,2.3265462988109897,2.768396330575707,10.226186407741144,43.23358823322608,959.3210763044606,954.625973494549,11.867289608730239,5,6,168
114334.348,0.0850026417843154,2023-06-18,23.387923695044865,17.791551012889446,28.9904155645692,2.4123642196273445,2.882876359014828,10.137251979042821,49.94449485164639,957.0385218792295,953.8947764185748,7.675230759959263,6,6,169
119748.561,0.0810546025114195,2023-06-19,22.948658409560284,17.541883362225857,28.351725571504947,1.1825421089972583,3.088888243233741,10.498476417970924,55.268559707905254,956.1156622070332,952.6847627665273,7.577118470375337,0,6,170
121986.084,0.0809103869748409,2023-06-20,22.326028959997426,17.07366017426815,27.57494165776411,1.0703751844825549,2.636502870974716,9.008168586015138,58.345889925737865,957.5161215768302,954.2755010830433,8.543483608425337,1,6,171
102249.846,0.069296895412541,2023-06-21,21.8927852762749,16.45528934528378,27.332059809468575,4.75648578020867,2.5524420577041824,10.855340339077257,62.14513774368616,961.0710045387682,956.1529771492043,6.091877613903668,2,6,172
156383.942,0.1025926727026926,2023-06-22,22.378513487446366,15.016617288548987,29.745431809033064,0.029389795427163048,1.9362037717377842,7.302127227383611,53.40918632597561,965.203194501659,960.4645589748112,12.793204223087514,3,6,173
150875.691,0.1004449528255807,2023-06-23,24.94996278848782,17.453997808967575,32.43716573921549,0.0004833102659161176,2.546640184234504,8.592021934054447,44.960258460663795,965.7453686554462,962.5134268405257,13.149613730207367,4,6,174
151258.817,0.1098338042666977,2023-06-24,26.510567141255837,18.71174722316298,34.30717900199962,0.00010344406214476459,2.3407112010354116,8.013191375087851,41.70920362221843,963.8692590750153,959.9469718616682,13.295667511165504,5,6,175
138190.49,0.1027559179261122,2023-06-25,28.024785624610622,19.60489916216858,36.441511752701395,0.5140966241628507,2.3358564123554704,9.706917891801872,39.423783958507634,963.1405610659663,960.0014038009945,12.600141919545024,6,6,176
149978.613,0.0919601286233774,2023-06-26,28.08805525745913,20.478600104595888,35.70556905914783,0.38884125588776525,2.709185051403188,10.019029055741367,40.4087721147005,963.5074067535581,960.1863630966441,12.007984665028767,0,6,177
139427.445,0.0840171995512364,2023-06-27,26.67462297884081,19.207508424358583,34.141143841829184,0.05870424065197726,2.350172678949067,8.093740932029677,42.72878946667587,961.8436631120123,957.6331938882154,11.9017550406516,1,6,178
140595.013,0.0865769641343239,2023-06-28,26.820923666170042,19.26167988554519,34.37997995470127,0.08108271684822799,2.4460509539782156,8.675821059311517,43.662029948706945,959.2765558558978,956.4390345328507,11.551147273706901,2,6,179
147616.168,0.0888748738315205,2023-06-29,25.90211143978082,18.746576271608554,33.058157070343405,1.1353015123370191,3.3951672154224912,11.229187202170749,46.902195974673674,960.5416059431583,956.7745838305958,11.475540003365301,3,6,180
156888.111,0.0987482891538046,2023-06-30,23.482132818774183,17.17258571938166,29.792846396351973,0.02789861494421478,3.290177819453489,9.86920804993038,48.11882278425663,961.5896790931782,958.7266213944164,11.910942765363835,4,6,181
148157.439,0.1085725479290241,2023-07-01,24.555452401826443,17.235529611999805,31.872623874607868,0.008101820700409072,2.5430709221939143,8.654125893401687,46.354366606936125,961.2932002640904,958.0174244308166,12.52941962576145,5,7,182
137271.078,0.101796373828215,2023-07-02,26.29748571586781,19.032616265457733,33.55739297993811,0.331391482297664,2.5635477124125643,8.984889599025731,46.20238617915599,960.47255525105,957.8614898845053,12.088460466669497,6,7,183
143521.457,0.0978876984876478,2023-07-03,26.40607596807811,19.579153324733948,33.233141241286226,0.8769030148919922,2.9691402906731943,10.566770112618865,46.504365953110316,960.7501637517984,958.048853964392,11.627690836909292,0,7,184
152017.548,0.1000946516139318,2023-07-04,25.595402501995377,18.145979466655724,33.04048865454896,0.07147942575173133,2.9054437018475614,9.602540513156258,42.14511682575448,961.5901004732792,958.8587306667172,12.633172655060754,1,7,185
132455.064,0.0903009650662736,2023-07-05,24.91844923581232,17.500495428784234,32.33227338270785,0.3217360543272902,2.594377444278006,9.557919096215793,43.71234082969745,959.4816135985136,955.359448996275,10.294810969558677,2,7,186
134083.743,0.0874718379760118,2023-07-06,25.067508136576524,18.244804803770684,31.90005596578078,0.96992409729493,2.7548854310288338,9.599998923049762,47.204162270443554,956.8808171261885,953.4681364401922,11.164971798125729,3,7,187
145427.543,0.0924163039745768,2023-07-07,25.082834538580503,18.067032840408565,32.10757851649686,0.7552639924511696,3.3267670464715122,11.156233091601417,46.84270154170413,957.8997432317349,953.4546181492686,11.621751545455888,4,7,188
149693.509,0.1044027048338701,2023-07-08,24.71184376103704,17.01190459205495,32.41946717271578,0.0026718039948768935,2.5504115953865223,8.939627871438258,43.14276823709754,959.9745794566967,956.7863237925134,12.63094306361351,5,7,189
144640.856,0.107254513231194,2023-07-09,26.22894182722656,17.921469521956084,34.54008421245898,0.002099749264233344,2.2070541081500927,7.882446239814445,39.85647364151223,961.8932187418385,958.7688831715849,12.72962225171262,6,7,190
142339.788,0.0879300048345142,2023-07-10,28.446659180326485,19.463057252559643,37.42748948437132,0.06842492140024214,2.390865167617136,9.127716807137663,38.20559559386588,961.6176604320054,957.6280769860787,12.484356286002072,0,7,191
149452.227,0.0892615085148852,2023-07-11,29.148325261284263,21.13279992024253,37.16103769889964,0.1332978926302782,3.1387443647145488,11.118105899349372,36.86905982573501,959.1202789740926,955.6933189887767,12.055449758042776,1,7,192
144314.896,0.0873247655906374,2023-07-12,27.029871767841,19.209671909575302,34.850666166241034,0.03105135576443758,3.081834186969655,10.266641897727974,37.480674679430564,958.9361986752126,956.1180176689205,11.579359188316722,2,7,193
156850.285,0.0950958774659403,2023-07-13,26.560923415756097,18.620349365131055,34.50410875931274,0.002557284062708589,2.6285092095130986,9.110654253342936,40.03878557674343,960.5056033445826,957.1733657038017,12.87294083254842,3,7,194
161032.663,0.0957919944343885,2023-07-14,27.23145400694524,19.704151718907745,34.767933126338875,0.006429510276292003,3.309740984145686,10.595390050416094,41.29613333392364,958.719806052875,954.3572650460349,12.718477530479497,4,7,195
147297.237,0.101951505671888,2023-07-15,25.366905302390805,18.6719646565854,32.060183597047796,0.04465299024182837,3.4616377160496947,10.750773954531686,45.38745316086487,957.2037442428842,954.2091006606014,12.405353192057715,5,7,196
146587.797,0.1119268145808329,2023-07-16,24.958793959536166,16.685661088724622,33.22835563866613,0.0032777905057758097,2.550981795578019,9.043481274003698,40.92026238452344,957.9035038519406,954.6200934956269,12.106647947885074,6,7,197
137707.65,0.0856533625531954,2023-07-17,28.175273366795206,19.22800669881408,37.12766784735225,0.0031332678520971163,2.761668544015919,9.611942943429232,40.13278247680844,958.9852536569465,955.7150152557862,11.720116686104964,0,7,198
134042.56,0.0786311845408843,2023-07-18,29.396220581725274,21.448514139696673,37.34197702244631,0.10365492111929321,2.6618523201202224,9.982433374311581,36.85079789622148,960.5871102588211,957.1714803114319,10.51576665513142,1,7,199
143321.974,0.0831653952623466,2023-07-19,29.132685555099457,21.25899367582531,37.002697013638915,0.04427278155032561,2.846927506697939,10.246640521501499,36.28226446756628,960.1831038627529,956.1297272595242,11.470258783588786,2,7,200
148526.428,0.0888997202086799,2023-07-20,26.84651628993987,19.681344256692615,34.0096549007984,0.24873699082474263,3.5165312963389344,11.767065350707405,38.96902083952699,957.1334648987553,953.588997900432,11.673148977214288,3,7,201
148257.659,0.0935193939949516,2023-07-21,24.490743153460926,17.07548798583879,31.904874934956194,0.13656968669301262,3.1315708556963644,10.185284603059138,40.7308150260205,957.5007455690333,954.2966797947125,11.598497392999441,4,7,202
146953.543,0.1078460681072237,2023-07-22,24.538650924124077,16.55019849914859,32.53065918172979,0.03254705287324574,2.3985579282548017,8.892036442410147,43.55057650859763,958.6427416509333,955.6852583366722,11.59193250163812,5,7,203
139258.908,0.1051084854424149,2023-07-23,26.399896165467215,18.302414946853595,34.5014912979634,0.009072788886708144,2.9588377574571063,10.407145031748465,41.28839429454059,957.7148531968742,953.3814455282821,11.400657436056749,6,7,204
148467.02,0.0940127579753911,2023-07-24,25.290754418505422,18.413382746695994,32.168175200370186,0.02502902330624761,3.812378120017204,12.005989798499755,41.3277184100964,955.6670265025061,952.2453040017896,11.176102989935897,0,7,205
159293.955,0.1029403205407159,2023-07-25,23.575454446825322,16.111980995029047,31.039645017878282,0.05643950669964523,3.055914670473653,9.825564302444828,39.460268653904436,958.1393996487903,954.6304178404216,12.629968457285347,1,7,206
149498.391,0.1000729324654743,2023-07-26,24.645311250600187,16.280749571374617,33.011063565580905,0.010173045024625977,2.5027406888742307,9.046582027858765,40.18821104687462,959.6093394792099,956.1749707815441,12.625505601015556,2,7,207
143095.859,0.0941711328163639,2023-07-27,25.070250879590173,18.005733649426997,32.13190547433163,1.2732535531117557,3.2630510276715756,11.128320099972958,45.386432323035486,958.0379558514901,954.2276634129038,11.82801302898108,3,7,208
160165.303,0.1032011080998998,2023-07-28,24.729312792110186,16.144354678650124,33.31935070926916,0.005923642666716218,2.453745951612714,9.003390780528571,41.97130771743034,957.2341865653714,954.1885600882413,12.660112724495626,4,7,209
156450.488,0.1128688099505467,2023-07-29,26.522323218302475,18.275760097692167,34.76599137841504,0.008964530400262263,2.6452315576873326,9.376137530074136,41.59096800647817,957.8023654723526,954.8518770807786,12.736756587986035,5,7,210
148991.623,0.1117818458140434,2023-07-30,27.25886475774928,19.2821851966555,35.241567342226574,0.002076306486319665,2.72930027757758,9.513233240093973,40.69854961131384,960.0709368908005,957.4295277765706,12.616943874342429,6,7,211
159673.53,0.1086416824952268,2023-07-31,26.702458206632325,18.603327059947304,34.8014142180328,0.010547937876283144,2.927955426115718,10.013178515826054,39.646680684097895,960.1162874521871,956.4746670768023,12.623168476939107,0,7,212
161020.235,0.102639277130181,2023-08-01,26.47884042113361,18.299801202451086,34.65619394325967,0.0033987391116123197,2.9660085329361916,9.71571037967438,37.77906174152191,958.6469316674836,954.9409822281568,12.6828594820528,1,8,213
162950.844,0.1043004546429109,2023-08-02,26.69519022094921,18.93455381724072,34.459271195979774,0.031843983793712304,3.546685473795256,11.230789502455911,42.86430158424277,956.578684332415,952.8124867576221,12.37551937747345,2,8,214
156000.826,0.0983558136103093,2023-08-03,24.849386020489355,18.082915814172416,31.614469642543195,0.29014732358229833,3.7064114871704974,11.359348151414276,42.824490426362814,958.0975410928518,954.4707173402148,12.053772731621077,3,8,215
153380.049,0.097399148782767,2023-08-04,22.753510829700556,15.980798793249658,29.533006044720576,0.0711277207732717,3.6806211885132414,11.283221534781248,39.10287066419129,962.6514692126465,957.9155302127398,12.157095835392974,4,8,216
141676.491,0.0993574814432579,2023-08-05,24.405100112614438,15.532775978475621,33.2768304008505,0.01777179873784873,2.8903067368567608,9.455074591768183,33.45299126887317,962.4980197783285,957.9914509533886,12.68708523166458,5,8,217
133464.887,0.095024175668761,2023-08-06,26.64665360898088,18.00572361964801,35.28877460443312,0.0036420502490607408,2.6674926584949645,9.006616726701274,31.98657698610712,960.0036469380786,956.7275540388862,12.559390342695263,6,8,218
152188.963,0.1060099575478459,2023-08-07,26.981401223609726,18.503453009883106,35.46434329911058,0.001130019179649139,2.7879400662344795,9.250802162555418,36.00928480351502,960.4675327356252,957.2683323356258,12.161562542764312,0,8,219
141484.619,0.0984974631528376,2023-08-08,28.52252489221361,20.242770584220242,36.79656739827069,0.02018954658804684,2.4896047584503913,8.538990005081295,41.028632279805244,959.2217934777617,956.4158424579299,11.036276875154932,1,8,220
121659.163,0.0800210253763729,2023-08-09,29.25671050824498,21.422836217478604,37.0833978164035,0.07398611583471969,2.3374320936676676,9.157702656439959,43.382394749267156,962.0903520875761,958.3962785662108,9.58626766789889,2,8,221
151017.062,0.0963174555189977,2023-08-10,29.058476967005827,20.82341120390983,37.28820565428799,0.00046578274150592506,2.718664672500257,9.580985453764077,36.05611454615015,963.1667471910807,960.2247929945387,11.787405280919343,3,8,222
158441.438,0.1073813459773065,2023-08-11,28.697362928677844,19.490351573101186,37.90066958364779,0.0006908078126590294,2.3318422019635476,9.071713995944362,33.66840692524187,964.0968988868214,960.8874748531271,12.371547041670162,4,8,223
155381.929,0.113432042192388,2023-08-12,28.234235729240346,20.24177273042976,36.22928944627587,0.017146037545824278,2.6426292874016832,9.346822546671177,40.60107344883961,962.7360845884108,958.7533220295513,12.124397207471628,5,8,224
147247.022,0.1096474238826114,2023-08-13,27.068488186276717,19.361800417440826,34.771179014888304,0.037809658932134886,3.073949849510049,9.92989321985826,42.947691884328364,959.9561254140901,955.6608976747708,12.133472206900379,6,8,225
154753.465,0.1083828405842388,2023-08-14,26.1718822365018,18.14425829673832,34.197587057055834,0.06540010951130044,2.767521679144564,9.515788600332371,41.03983611437369,957.6813495678368,955.060516722469,11.801213284370773,0,8,226
143911.374,0.1054252420709964,2023-08-15,26.176200699851705,18.056161305315175,34.29685298056821,0.07459165391482292,2.63892658016835,9.51830011380163,40.87530507174482,957.8856338971103,955.076196893339,11.291541715721179,1,8,227
149060.49,0.101506584429107,2023-08-16,26.20523066663436,18.500055996688793,33.91711829382174,0.08089866351408644,2.6745513156866445,9.210752998110284,42.84592824887765,957.7900504410883,954.897095479345,11.442608014954432,2,8,228
155748.671,0.1055397073128482,2023-08-17,26.18645312863971,18.04211837421573,34.3334408815328,0.0006664952328890578,2.527223248167992,8.956883237316413,40.61112943729939,957.1361867332963,954.2813643136411,12.02889576821223,3,8,229
140365.82,0.0922746434280838,2023-08-18,26.2418956118102,18.114710193413632,34.361928186556334,0.01579009039905324,2.574081071644014,9.198407322463032,39.22532674772747,957.6358758156979,955.1172959153455,11.15271405699849,4,8,230
151643.678,0.1097453458937497,2023-08-19,27.576241699908564,19.059709188962916,36.093712054313286,0.010428731119204851,2.1893110917980865,8.133373189945997,37.92862752828723,960.906008602403,957.9311675615226,12.038709280558663,5,8,231
148954.572,0.1057893130903428,2023-08-20,28.997955265608418,20.489456433753027,37.5116240965338,0.004084261043470153,2.0775676461320387,8.07791006301703,38.82679758169195,962.2548069003176,959.327061219776,11.961331008926798,6,8,232
148495.258,0.0905987805925001,2023-08-21,29.79493059583494,21.324660655906165,38.26677844444781,0.08216865568719166,2.3560325062272334,8.682020460922457,36.5173440735028,962.4007029077004,958.7980652971064,11.920683934349624,0,8,233
146878.343,0.0876331148189373,2023-08-22,30.083007945710794,21.96743852768151,38.19780773868098,0.19905303805294638,2.982569787244215,10.506159069617794,33.24972588262686,960.4857231995886,956.918765400009,11.891437859679284,1,8,234
145222.238,0.0834024701129109,2023-08-23,29.911165660447903,21.868866050039884,37.958549730388135,0.06600180195800533,2.715828736768887,9.980444416494894,31.7038685626065,958.9793533922876,955.9359397411862,11.962535296883528,2,8,235
146336.95,0.0848420557540527,2023-08-24,29.57030454941039,21.100907640492355,38.04044103150805,0.003965675792666229,2.4280715071123296,8.77375033250908,32.095808363298346,958.4661428824944,955.7177948215018,11.866083856062907,3,8,236
134191.774,0.0782403461376654,2023-08-25,28.939551162509325,20.708714999198985,37.17431457169231,0.20993927114839475,2.7403254422705805,10.221972027656777,32.475962644323864,957.9818290161725,954.8741745284216,10.7242907566618,4,8,237
88215.503,0.061239387302115,2023-08-26,25.876908485362,19.14215050254046,32.61751184931374,1.656682669297945,3.5126714015209206,13.909734663508383,40.26591631134986,956.7118105583214,952.6352494124554,5.860831715291678,5,8,238
111654.793,0.0768998943577865,2023-08-27,20.60040099447679,15.167672809447687,26.02920593936248,1.1029212801206856,4.743236946838491,14.257320948492854,41.49367833945544,961.3983948573697,953.6973619650321,10.265778374454097,6,8,239
139914.963,0.0908795292574372,2023-08-28,21.40763988054621,14.181705315094597,28.63675923724611,0.2217429618105824,3.27669516639938,10.660578050706507,38.756448967353506,962.3015129754241,958.3878573823288,11.500477034312041,0,8,240
136526.852,0.0923881197618059,2023-08-29,22.40488697885197,15.309775573256728,29.49096776770861,0.0879955914258925,3.1344554666343045,10.420010763524528,40.682360736946386,958.3099364076809,953.3884815387222,11.213733445503397,1,8,241
137609.931,0.0966597210196335,2023-08-30,22.29002369616387,15.45255293058304,29.12737505054788,0.08299336804531587,2.6046923188310265,9.164951157873602,44.73299424755924,957.0790863892324,953.5994101949893,10.791991600814882,2,8,242
143524.459,0.1008394780305518,2023-08-31,23.2167360798915,15.189077653552035,31.247433627255468,0.0008788352516715694,2.3449923821679217,8.564733767821977,43.836879675760436,959.5274805470158,956.3496806121232,11.668254846605292,3,8,243
133340.688,0.0901353764043022,2023-09-01,24.05618322066076,16.836058115776822,31.27600644396364,1.8486376548971677,2.920864006910171,10.264503749008785,45.45204295424853,959.2424453332791,954.7627758697782,10.174561849883428,4,9,244
70876.685,0.056187317650229,2023-09-02,20.589654772936925,16.093365707467196,25.09548358612055,12.693681293572672,3.105064028039344,11.700864837527183,67.8908867383422,957.4880658701617,953.1226323239117,3.85835766432877,5,9,245
40358.722,0.0301080464293787,2023-09-03,19.07405863824385,15.365286080232995,22.789071351847383,12.348498487125573,3.6018677161015122,12.969621448350269,81.26941493359936,956.8195846224239,952.4954420282762,1.6720062934166182,6,9,246
106434.741,0.0733381438660784,2023-09-04,21.9593137113806,17.074006276576167,26.842017665126022,1.7111782450319568,3.404041341271931,11.366840833918067,66.23993160087956,958.2433165191802,954.0678930310285,7.874072632593243,0,9,247
122154.517,0.0859053649930116,2023-09-05,22.397994648634548,16.368999893460526,28.438895377604982,0.028291173754070958,2.058106993006499,7.815696797671309,60.17944769533438,959.3945115292694,956.7390911198833,9.292490494991988,1,9,248
124179.193,0.0847675389205264,2023-09-06,23.235671809632713,16.904485960389596,29.566212859127166,0.02413253511433792,2.125306191455226,8.078866947788088,57.8992936579967,960.0418500438456,957.4441027852442,9.36733020924325,2,9,249
108165.054,0.0763567867837163,2023-09-07,23.81889000911225,18.13947514085651,29.497982177880136,0.2122684383689179,2.262510749390252,8.392525165550772,59.913119195897416,960.085747442111,957.7539423057195,7.869761991936516,3,9,250
126888.891,0.0874799363677694,2023-09-08,23.71297832531148,17.485856540056318,29.94074105327904,0.14368533921650797,2.3514831712069437,8.755548271354613,59.25449944350189,959.4645734981597,956.4314801546084,9.426300407508991,4,9,251
109909.477,0.0848710421350567,2023-09-09,22.952142785161712,17.48389138117847,28.416294724774005,1.243513266144995,2.480929658687382,9.095831076548075,63.51329241961349,959.4786769914754,956.7490183823527,7.8616053518841635,5,9,252
121966.803,0.0953709860484628,2023-09-10,22.92747184754205,16.464946236384502,29.39138951610892,0.6585429053822743,2.384108631228363,9.031311614970804,60.273983179417186,959.5420489070415,956.6610721529386,9.458691868362259,6,9,253
118272.063,0.0854989522588698,2023-09-11,22.164568082649172,16.735665289770655,27.59667303603246,0.7591652671202515,2.271467874432157,8.674745907368536,61.90681713246663,959.4594641623382,956.0442296749952,8.612794181256907,0,9,254
118248.223,0.080481679712268,2023-09-12,21.805679703502385,16.02606059858727,27.58436153357071,1.2320052804301562,2.0072334336063213,8.291139746556622,61.04639549227363,958.8144353655819,955.8699274780166,8.560286996929685,1,9,255
127109.72,0.0837879182330843,2023-09-13,22.278350582877533,15.716082990348939,28.840816575947784,0.46810579160441557,2.143435243222829,8.445302342016037,58.316866581910205,960.3702395782316,957.5400057961529,9.508425541633214,2,9,256
112570.447,0.0772083493003731,2023-09-14,23.169345482960384,17.335374837931123,28.996049843671805,4.690401855797338,2.586311602527815,9.958550510565988,60.96561193541859,959.6882947753408,955.2722908904053,8.339885848142798,3,9,257
84031.821,0.0602066740062812,2023-09-15,21.598745464546365,16.6938246093166,26.50685524420869,5.718263946604405,2.4040639595139535,11.476932764707081,73.53057918060034,957.0039310866215,952.3105673005543,5.541532218406007,4,9,258
73638.225,0.0610408885516892,2023-09-16,19.927259702305207,15.749261333572372,24.106774865846624,4.957523651126194,2.408312616539487,8.74757982225958,72.71451400584135,955.2663327219647,952.5537852948103,4.015541516134944,5,9,259
82572.18,0.0640537197638896,2023-09-17,19.787030168021296,15.5526013819284,24.01836478751307,3.7261578248138463,3.34168785789539,11.932029442710185,71.59129206459681,958.3766459785987,953.3509050323242,5.37371299498149,6,9,260
97081.351,0.074199534553439,2023-09-18,18.868054698477785,14.05126122874984,23.67704177412477,0.27685629924531796,1.9371234604830003,7.514811687126401,66.72746368308928,961.1221458655194,957.3973951572394,6.5560610981513285,0,9,261
115166.712,0.082310733532604,2023-09-19,19.50063957267235,13.440825180154734,25.56083329877967,1.32328338320928,1.885798301275777,7.533471721921469,63.06193899095024,961.8675080385926,957.8561832625879,8.55963851319448,1,9,262
137025.126,0.0968017576427857,2023-09-20,19.565485275270156,13.342680759701112,25.788207990727383,0.17332666272104555,2.561629440521785,9.299448844235934,58.53472318038166,958.0588374363871,954.587378991117,10.233117586435872,2,9,263
79389.22,0.0550631730822919,2023-09-21,18.023424408942024,13.447131704726777,22.5982808769312,3.4857449566649823,3.668196090150109,11.936952723282268,69.8504958723948,955.7754840575753,951.673171381825,5.250330389243865,3,9,264
133087.412,0.0940538367167495,2023-09-22,16.796594562675427,11.515007566390477,22.078072064733053,0.11205861450917011,2.6749658488119414,9.385965744259533,59.09383000634992,959.2404528198202,953.504690921091,9.364093957933363,4,9,265
131675.994,0.107751434603677,2023-09-23,17.734755887017002,10.290923939905314,25.177710781421755,0.0062570918116264685,1.8298095080355261,7.201565769076112,53.218487307818,962.6630109314304,958.7896405561446,10.904069313182871,5,9,266
124735.159,0.1055012294389754,2023-09-24,20.089435501594913,12.013351834333363,28.16329799526808,0.0002370793551026062,2.0266421785432858,7.297816714680409,49.64568178105932,963.3976293022802,960.8642310202583,10.929557264122115,6,9,267
133755.812,0.0997393495646321,2023-09-25,21.302663903980385,13.121325756929876,29.480335313449068,0.0009263180824193568,1.9152858060706073,7.177796646301623,48.989894847670875,962.7054924386136,960.1502548966924,10.843157393551797,0,9,268
127372.247,0.0935199095720058,2023-09-26,21.714055542020322,14.15114812460323,29.274012947237257,0.003489187417956011,1.7966764546211815,6.899689028834041,52.572206800899735,962.6035996173241,959.8583402076082,10.631915889562451,1,9,269
124570.987,0.0866810036666922,2023-09-27,22.01972515811841,14.782183341177621,29.2523259889774,0.0006343341685120176,1.9064890565755581,7.191277565827162,53.807221342797,962.4749222861694,959.6597798983129,10.119873781265552,2,9,270
130580.413,0.0909638475675993,2023-09-28,22.31115485640813,14.417424246579035,30.208759959826338,0.0009998245606486112,1.742280810103726,6.79183728790418,51.47401690443643,963.3494451204533,960.5657008127566,10.620353229022477,3,9,271
128592.42,0.0929130793221797,2023-09-29,23.356163801772905,15.259820681633492,31.455002193325257,0.0006034737502452662,1.891897688685684,7.149759326286267,49.15951700183198,964.9778516064266,961.9442706607691,10.671783143440933,4,9,272
126573.49,0.1004438432084256,2023-09-30,23.98578606819336,16.052216402673043,31.9231613455341,0.0003544718047244874,2.1579746594856832,7.531463246027144,47.51370159109619,966.3402464926628,963.4395280424013,10.652430374290592,5,9,273
130337.405,0.1071703501187731,2023-10-01,24.018441521975642,15.660022044673644,32.375816688281624,3.0164448013420417e-05,1.8715859410047682,6.859917638683039,43.118986589980835,965.6363705898009,962.2690785881612,10.65576564847915,6,10,274
126364.175,0.0892557128669816,2023-10-02,23.667986582832647,15.435095902612105,31.89221496360647,0.00042233628091556424,1.9879984530445334,7.330095227684991,43.318217734808634,964.7686711303129,962.2511616391462,10.432859413067813,0,10,275
120554.751,0.0853641366852006,2023-10-03,23.06060442681556,15.206054422741333,30.91301049553738,0.00745133200249745,1.6951670325293133,6.640666430413601,49.155034274787575,966.6851825617995,963.6693959867721,10.068326534730787,1,10,276
121441.876,0.0852312397509947,2023-10-04,23.012883893731114,15.83117824029503,30.192613810025243,0.001017746784152546,2.0207094830833032,7.498170566054299,52.84031688744623,968.2268619058322,965.3494010434536,10.017534150269064,2,10,277
121272.15,0.085730813676599,2023-10-05,23.146798462729468,15.232802984683234,31.061164310296682,0.0006162634427934499,1.8074186714439255,7.068508390121926,48.95599758864612,966.755330132989,963.5885421725359,10.137971086845608,3,10,278
120494.157,0.0875662828056734,2023-10-06,23.553551140950518,15.46840479084926,31.63748683915495,0.00044491707739655176,2.2006126945501423,7.7945718330108535,43.61602341898315,966.2876642942064,963.5011597783274,9.946586106570317,4,10,279
118131.295,0.0976199361890767,2023-10-07,23.28383782318098,15.35570495696344,31.21084571931041,0.00022925811375339262,2.150422236393493,7.518073836089545,42.823162156060555,966.1355128337556,963.6425006121295,9.796419714549323,5,10,280
121134.101,0.1041440077866714,2023-10-08,22.682580414898545,14.750249291608128,30.62075446636362,0.0012166214255704042,1.8315545482948332,6.95265723362128,45.600939264487906,966.719318732021,964.0983657625694,10.129685173632874,6,10,281
114826.84,0.0877551774010444,2023-10-09,21.891577325928356,14.315616736484039,29.466815077638923,0.0009555254736908391,1.9183203727421436,7.112434527937924,46.73659957474157,966.8342735729508,963.6591979360464,9.964542748977225,0,10,282
118646.562,0.0869304991423686,2023-10-10,21.096387605072042,13.353771410659746,28.838229394406397,0.0011426876817655026,1.7109531685349513,6.55654911156508,47.78143444610973,965.0393113421298,962.0295594292489,10.065892243742656,1,10,283
123206.228,0.095474370700176,2023-10-11,20.8647456038271,12.937461135066775,28.794259295885823,0.0023840546491738783,1.587559340693003,6.317852098472998,48.42716603223922,964.1579180371617,961.4212632777947,9.9852078161301,2,10,284
120183.546,0.0955713830003352,2023-10-12,21.134214820909445,13.17826094920938,29.09381276170211,0.002583517721814318,1.6734341418039111,6.564760230213396,46.728463068562455,964.0530984528731,960.8168967474929,9.847480202643393,3,10,285
88599.971,0.0725877554257648,2023-10-13,20.366369315059387,13.584942993047274,27.153668246327445,1.584006103237381,2.015068831229627,7.897296435775989,51.92447248318697,963.2641974923347,960.3432706870778,6.951240023440179,4,10,286
71226.195,0.0656394169353533,2023-10-14,19.051582462337734,14.471557525003853,23.624907705728802,0.7030866747129904,1.830072053424905,8.318246250205974,68.74425455152144,963.6167141150685,961.0869175846499,4.472672595005938,5,10,287
78156.64,0.0732040605692758,2023-10-15,18.140394497541152,12.686308225907975,23.598854680674698,1.6773650896159664,1.8007324539842515,7.401201512706177,69.32995597572246,961.8472952102836,957.1162431797555,5.43227291991625,6,10,288
62746.613,0.0499695294446935,2023-10-16,18.653432003634986,14.73769254233678,22.56413631666973,0.36518007036903594,1.8931143231393375,7.489349930324069,73.20313162947572,953.3772189628437,948.7363051459362,3.7847889138148947,0,10,289
65655.234,0.0453962275026539,2023-10-17,20.02158283485941,15.694199436362887,24.356306783559642,7.911858893863996,4.28140132623836,14.291857817173604,69.90591841297281,948.6178705710789,944.3789918822332,4.482062266617827,1,10,290
70181.65,0.0459372898682672,2023-10-18,18.924030261898363,15.688824364033833,22.16170533525824,6.511917702501373,4.117301939744035,13.231161022077213,73.98171276448059,948.8076658451582,944.9446198469152,4.493590338965891,2,10,291
23919.189,0.0161142127733269,2023-10-19,16.062773397906785,12.337507683417362,19.794875740200947,33.041923413953036,5.374979609116437,19.35679701665338,83.34135987641491,946.822663907915,932.4434261885528,0.8249491982140469,3,10,292
71228.537,0.0459239658642439,2023-10-20,13.875176544436675,10.473935768266925,17.274677764646068,0.9268764212332061,4.758641742014674,14.185404872357243,71.520576670262,947.381703743082,935.571580705599,5.458153693201275,4,10,293
91405.238,0.0751240348789289,2023-10-21,12.83388011507184,8.085023820828242,17.584736199448958,0.14993608694811825,1.835670995386057,7.787510321013564,68.70836710410818,948.6502468828892,944.7019273825302,7.49530168778336,5,10,294
37886.305,0.0350444469917842,2023-10-22,12.978261025649653,8.956039020289815,17.003045963697286,13.170687501463755,3.8299057992284937,15.359045421531858,74.33995059548256,948.5505225385164,939.0825995324363,1.6380124423888598,6,10,295
50072.649,0.0391182452745093,2023-10-23,14.086564553622999,10.704728938028136,17.482022842491443,4.090933312483538,2.3573517972052165,10.473204172089298,82.0414287623236,950.9833069595504,942.5783864271958,3.015876898562056,0,10,296
79061.208,0.0545432674042613,2023-10-24,13.022850780424303,9.132851328939342,16.905651786045972,4.734919241660857,3.303697820070237,11.482264171936032,74.89857302587345,954.0979376499126,950.1799938160257,5.6625474964022375,1,10,297
56547.273,0.0377726574925979,2023-10-25,16.018322192148496,12.538938164308263,19.502917795047054,2.397659894968731,3.440116850357967,11.032444145500989,79.30471459776878,954.4383932391456,951.1479173713263,3.5672218527045794,2,10,298
38074.363,0.0254237335216844,2023-10-26,16.110074278134753,12.29829861853191,19.922883578580294,6.157404568882031,4.824404099068604,15.74966114557237,81.34057756788566,953.1887204662197,946.0727571421429,1.781575662953576,3,10,299
66849.798,0.04529839706208,2023-10-27,14.081550220401482,10.25065228882107,17.909585670255577,1.1445810010241302,3.2576676987891533,11.120344788198564,74.26224884750135,952.2016970348741,949.1870644817377,4.450081444910217,4,10,300
69736.295,0.0541088760952729,2023-10-28,14.839315154510691,10.950035221360066,18.727417595659137,2.852921437188457,3.176857816615087,10.79850133442901,75.27505078761956,950.5577253467454,946.9431744516809,5.294403624346801,5,10,301
52787.688,0.0432647922566284,2023-10-29,15.024412312182829,11.497204693923077,18.553464254742885,11.840065715981538,3.23966026982343,10.91721942318304,75.93258364163432,947.6677754097866,943.3825903511586,3.3466568414847955,6,10,302
72480.004,0.0503424492830725,2023-10-30,13.265917607250852,9.497804237900315,17.04497548020477,1.3110567417422878,3.2618612018136206,12.235756336043233,75.03750164467009,953.6561229968765,943.2419258595388,5.605184061290907,0,10,303
40865.45,0.0308501299765492,2023-10-31,11.92096198028766,8.165394685458157,15.665303813953571,0.8802383957187442,1.490427741436147,6.6243574262130664,74.89473399304833,955.9649196401139,952.9580548059963,1.624908241769748,1,10,304
48383.386,0.0374116728569785,2023-11-01,13.559170102155718,9.046984195694526,18.068278715313944,6.281846713909569,3.6806849703379503,12.421952323501236,78.77391231389329,956.1553974350389,951.5067709330534,3.8533495601712913,2,11,305
42727.738,0.0300373713926465,2023-11-02,13.424093120223484,8.675864739975129,18.174013786703224,5.804042681415985,6.685647683278511,20.720340897367375,76.68281700588564,951.8671028173796,942.523721448797,3.0250902516861395,3,11,306
54824.498,0.0379249818824148,2023-11-03,11.359131698406216,8.170301541233442,14.547170304858849,2.291506274741464,4.703176979473459,14.469759098168053,74.23701168349672,950.616084512717,947.4746158488088,4.319583186129958,4,11,307
43858.949,0.0351337754803038,2023-11-04,13.49348562382419,9.82847299760106,17.155019210350527,5.904181098334821,5.929704735123199,17.46584845398708,79.50277090957141,949.7026583849012,940.8423770150355,3.016842046533202,5,11,308
68372.437,0.0535847940912899,2023-11-05,12.224168889992988,8.434956888534577,16.008136718116383,0.3771660259292581,3.3962722474782097,12.117373148553021,68.7883018960126,952.6721664994503,944.0387668068504,6.780684825295716,6,11,309
86944.516,0.0627869591959286,2023-11-06,10.184720015796536,5.597445979440832,14.775168831767784,0.17440984824100522,2.325254396918266,8.873405467530706,69.33516206378248,958.9464927463601,952.5053968093325,7.0212607909003495,0,11,310
82112.534,0.0588242384649658,2023-11-07,8.783182026483503,3.4331083039934684,14.13575745670176,0.1912575560392385,2.0284755271148485,7.827075282176643,71.29893622127736,961.9112880381134,958.707282016537,6.8107611403194905,1,11,311
65404.493,0.0476365910320264,2023-11-08,10.037366963023409,5.055769786210617,15.018008575912006,2.694695880636541,1.69713991213018,7.011850180498748,73.44877722730456,962.3632693295978,957.248438538767,5.062529877052549,2,11,312
69825.977,0.0471374668523271,2023-11-09,12.626627765657785,8.624123845193623,16.625734131498653,0.2345043968590206,2.639528286255557,9.922286145106286,74.64842279822301,959.7657164087439,956.6681248243832,5.542314138181968,3,11,313
75158.501,0.0481135902684182,2023-11-10,12.511150680134218,8.389563908245531,16.635056895436392,1.0651717662289246,2.83316687607325,9.570900615098381,72.59939818538311,959.0108258319882,956.1647381193283,6.275309338291893,4,11,314
45893.501,0.0317746868308646,2023-11-11,15.208662240460301,11.599912192414346,18.819165984694557,0.5917017964015827,3.276130517162339,10.444520659694534,79.35136995464141,958.8017484446863,956.2424821528265,3.5759977671405863,5,11,315
61201.309,0.0458556758836701,2023-11-12,16.003020309386283,11.871207844507548,20.13314501443565,0.45515762660988496,2.4330993632010536,9.138027081948222,77.54771552176103,962.7073452226894,957.8050333416718,5.3374981382352455,6,11,316
75352.759,0.0527974263467381,2023-11-13,16.03039548685077,10.74175060075206,21.32108314843717,0.06459571644567438,1.7116373004896048,6.303428488672249,76.01093973514567,964.1018061720204,961.6272293650063,6.545524131327859,0,11,317
81784.63,0.0569119507757226,2023-11-14,15.946883778932875,9.829709206639402,22.068256724479284,0.07471189372305612,1.7074106031681555,6.481056774302525,70.34039513168334,964.1783563161997,961.572395480718,7.573591554401557,1,11,318
73179.44,0.0538217054885128,2023-11-15,15.279643262378826,9.539689903102085,21.013942244842337,0.06900977537393081,1.4732502683103388,5.78680173300551,72.6255195779585,964.3277355953628,961.7392277432402,6.45244063455414,2,11,319
61478.764,0.0431797474271401,2023-11-16,15.0252438364645,9.474032305000941,20.575847268845816,0.07741826654671541,1.6245555740263633,6.255434657481527,75.17512924714475,963.8240896899266,961.0605012409818,5.2006034665271486,3,11,320
71926.783,0.0513910228684075,2023-11-17,14.487492817178435,9.250870896048426,19.73221678164154,0.04751596019809699,1.5965832407942453,5.886065746018279,75.62592438801342,964.8997701811392,962.1340165632188,6.242755510034733,4,11,321
84709.143,0.0679091119941357,2023-11-18,14.674717357668715,8.376171725142193,20.964224882103387,0.01868165214668891,1.5031631765991142,5.390737029512797,72.68985510743515,965.5584516348029,962.9954287760967,7.55157924019446,5,11,322
88939.717,0.0817614689932597,2023-11-19,14.68934461553967,7.90079842042931,21.474888726400163,0.015929816489250875,1.2763865911347256,4.805559374910025,69.36610380445451,963.1995158238234,959.3882982799042,8.458584368794737,6,11,323
82808.925,0.0602292433164833,2023-11-20,13.47051062042187,7.222639971119944,19.71976934983429,0.27611322659986365,1.7635387138834262,7.639462264373385,72.98135297356744,960.685949474076,957.3785928461213,7.596946176182458,0,11,324
73518.511,0.0466606941884055,2023-11-21,10.997103853889865,6.796963821764063,15.199031190366057,0.6648535746335055,3.051412825998803,10.694185345931833,68.12808596661414,959.1588658482203,956.209680432516,6.296343888877723,1,11,325
82885.339,0.0512583271373688,2023-11-22,10.034795110360998,4.9495803581994515,15.125328035557768,0.0794047775186334,3.6562672849653457,12.232172807878484,58.804739361513256,959.7028141181087,956.3618240464984,7.949629246850138,2,11,326
90857.485,0.0571469773704976,2023-11-23,9.42143666515739,3.363501329511095,15.474990496486676,0.0025382450571587688,2.3152042646490694,8.852500912089843,56.20091491657631,961.7281213745717,958.0618395023853,8.610918806615459,3,11,327
93408.949,0.0601240601754111,2023-11-24,9.825934730283704,2.661024750758361,16.989010294201602,0.01272666357339444,1.8928592011468597,6.909884803138117,57.172181786543746,958.6668423726636,953.338704317086,8.494953246179508,4,11,328
83958.505,0.0615806432473246,2023-11-25,10.483840442651466,3.249253578318504,17.71255934895532,0.005346208581626443,1.7367734390496925,6.6160994027717015,60.19821249589763,954.3310240577116,951.1253495454782,7.944779117090743,5,11,329
76901.38,0.06099352881059,2023-11-26,9.786232758769444,3.150438849165992,16.42518417951978,0.009118718137457238,1.2859268334215146,5.0850313281170445,68.1945634372133,955.8886385197965,953.0045930248621,7.406019256497741,6,11,330
57062.213,0.0368433407962675,2023-11-27,9.722163638869292,4.826554272859568,14.617539413222419,0.33028537311351747,2.193128711029481,8.238324461192256,75.04047075882548,955.667522271697,952.3669448394398,4.9316773656737505,0,11,331
31455.924,0.0201194729374596,2023-11-28,11.582573090956986,8.292445909120966,14.864434465631216,2.1179331044896554,2.330585126972783,8.186083550528956,80.63057214111389,952.9635012714416,949.0150274020493,1.9339919439426383,1,11,332
36910.549,0.0238627061809618,2023-11-29,13.301411598159206,10.194681869049356,16.41272003084968,3.6075773427847846,2.986843830792615,9.928582985501956,84.4892577368691,950.2069139325508,945.5723053749708,2.3418957743858204,2,11,333
26983.506,0.0168375945511827,2023-11-30,14.042675808592618,10.909272599327263,17.16712994716747,24.303793795475777,4.282426847220596,14.35831960535476,85.11919519636494,945.7855033049316,939.1149363074361,1.4837210627901567,3,11,334
48362.523,0.0303575398330969,2023-12-01,9.795655496659775,5.58285939871949,14.005902133675285,2.03854744085975,3.6496826513695275,14.08670002688262,78.4569859715222,949.1508139242222,937.5809600053311,3.419750404673737,4,12,335
73690.531,0.0502966555773021,2023-12-02,7.279822205953125,2.8589916010040937,11.699171269986271,0.14564372517288773,2.1787876861228757,8.376943637839988,75.25621959483965,958.409386393576,949.1711740058289,6.401585971266266,5,12,336
67457.812,0.0485545742058239,2023-12-03,6.3520848925704545,1.3040801868771155,11.395926944255024,2.349624124955522,1.7577026638232935,6.969900643220986,75.66761059112038,960.1276824583293,955.4342874975911,5.753386637363469,6,12,337
33610.101,0.0207778276652958,2023-12-04,8.267305134301344,4.776873203573055,11.757647184532651,1.0298986368105054,2.352071490508414,9.096663239722723,84.10072170367755,956.4623284290103,953.0126025001715,1.8880181414326562,0,12,338
39698.143,0.0266585466978742,2023-12-05,7.384281592572713,3.9498020302818815,10.816738313709886,1.0579997576459637,2.0998451454294393,7.8370202813824745,78.60636835185025,956.6646752772805,951.4349605784249,2.4356216573525153,1,12,339
41568.416,0.0292376638754027,2023-12-06,8.51914730752244,5.034446542394614,12.004858714799969,0.580244698380056,1.1974934694859536,5.451072966868376,82.91293615818695,957.4091090869327,950.8998077359237,3.0125363607521756,2,12,340
34104.812,0.0232323800462247,2023-12-07,9.77695677411941,6.164361104824584,13.395906648638922,6.826423660572723,2.049635195895147,8.817339761736816,86.55128765218635,958.4174223985805,954.3710141615825,2.1185978080329106,3,12,341
52551.458,0.0347998806699837,2023-12-08,10.25462878115633,6.919151779687943,13.591998231128585,0.14890788779545494,3.449156847336167,12.082461614297413,75.56875379326823,961.6523977945791,954.8204169228771,4.5917635752363966,4,12,342
43783.608,0.0299916974505934,2023-12-09,10.885106245831455,6.639394755338901,15.129639269440393,0.33930597428131626,2.489070608426875,8.458633086581457,81.58833161885286,963.6411537677079,960.5403870630091,3.286024361759198,5,12,343
46628.165,0.034512671485895,2023-12-10,12.867207300950486,9.119288116012388,16.61394701035834,0.09265880567115325,1.6442856568389355,6.24693091300066,82.60888196087129,963.9128121579245,961.3286345115016,3.7684192012451603,6,12,344
60403.092,0.0398510102419902,2023-12-11,12.926421296670092,8.158828447313967,17.69404567840672,0.04850730199217092,1.6591408500487703,6.169736075070172,75.94845009995629,961.8825173844605,958.1826840510711,5.802250676649138,0,12,345
48649.94,0.0296601974345152,2023-12-12,13.105593086554862,8.418252797462133,17.787097587000684,2.3302069124348352,2.736355713398614,10.559902586332978,75.68766179447857,958.6783650468955,953.5942088759424,4.192401904451487,1,12,346
49918.687,0.0293092664373566,2023-12-13,9.686770291143281,5.918084183056531,13.456031391945913,0.814400128747531,3.6329243938997284,11.880066413894303,71.64223609030435,958.6457666856827,952.7661316427057,3.3036314383589787,2,12,347
81614.449,0.0483625614968949,2023-12-14,7.991271566622396,3.3820068044098206,12.603284528532697,0.16383551640293464,2.8722453134591053,10.275509811543088,66.748286869588,967.6133644660625,958.8225317941186,7.5358998186693,3,12,348
83590.18,0.0515350325272222,2023-12-15,8.78439224938939,3.1321054447519785,14.433295511352913,0.018492315434441114,2.7325125324608712,9.402998304154425,66.75407406654963,970.8203349122258,966.6474711779003,7.523208985718608,4,12,349
83723.519,0.0608207575781022,2023-12-16,8.113333562018347,1.9841262494620717,14.237355224824178,0.008986515059379148,1.8204855865067588,6.572034239793541,66.65847557321503,972.1812793094211,969.4427397898376,7.757379846015615,5,12,350
81154.446,0.0649402798052376,2023-12-17,7.360077458804687,1.1150090351236102,13.603974933567855,0.01498161221064164,1.6749982094248028,5.797269224547519,69.40159243030733,972.4243551455552,970.2921296133829,7.631915024319279,6,12,351
81696.218,0.0566089171930563,2023-12-18,7.077855118064768,0.6778982546694359,13.477139719867175,0.013100406669319673,1.408874810273255,4.983369125406832,66.17944773425624,971.2920532104029,968.1138807915296,7.614611224281434,0,12,352
81298.747,0.0532137471751033,2023-12-19,7.009950220448549,0.1818977862638405,13.838636535650096,0.1724107650526861,1.5109652422474456,6.107185952842601,63.49587482857987,969.1792385728306,964.2927445614505,7.505086933239089,1,12,353
49356.951,0.0296084231905407,2023-12-20,7.212954278648525,1.9779628386412005,12.444878161277392,0.3139625327796772,2.9890347200693816,10.78545756939946,69.78977467459607,965.5013064185601,962.0102642190342,3.834701091350273,2,12,354
79852.96,0.0517279280147644,2023-12-21,8.342039092980873,2.728622109231763,13.95455394032537,0.118586004688889,2.319277325339424,8.426594106865172,67.55920397141111,965.6481599616735,962.787873553403,7.42946936093531,3,12,355
80600.687,0.0544518637426443,2023-12-22,9.512716794429839,3.3396463391715168,15.683929681770607,0.1110965147310641,2.335878284944953,8.195120761395481,66.40358769746103,964.550071458141,961.4560680138143,7.705598631415472,4,12,356
80116.872,0.0601486179625533,2023-12-23,8.486723863464256,2.080674330879823,14.891929569342043,0.042744633592271736,1.5561654394131945,5.686497897479015,68.96847567697557,963.2010852440796,960.7997395206754,7.546870672531248,5,12,357
80081.311,0.0677500833672785,2023-12-24,7.606485476515052,1.1352716771719622,14.084772570775266,0.022695967532904586,1.2277025165897102,4.78566944240021,73.38591713341758,963.5810711832214,960.8110272892692,7.289797830745091,6,12,358
73932.61,0.0640842585486111,2023-12-25,6.820626327332649,0.6496784120298003,12.993438311898862,0.044670493285112495,1.189331813331998,4.634909406064949,75.33078868008195,962.3515184431598,959.5731139991578,6.2396795993138605,0,12,359
60447.6,0.0480584633166824,2023-12-26,5.780525726975277,0.11612780464643467,11.441483326112225,0.051673389792695736,1.2235715295820213,4.770346359962738,76.20369264447304,961.5086583620547,958.4851944310163,4.884938227452425,1,12,360
62159.298,0.0459317703570457,2023-12-27,5.970785112056677,-0.10772309073745565,12.052973293246643,0.05141626643173499,1.3980103005170181,5.604346018655417,73.13385641818505,962.2109183762981,959.0315330905936,5.35400890533608,2,12,361
44741.579,0.0347321334495615,2023-12-28,6.863295576108902,1.4027881470561192,12.326582590966993,0.08091188183910282,1.2471320788374247,5.0499136782243745,72.47000308016169,963.4206175474336,960.6736144243732,2.981809713141507,3,12,362
28262.21,0.0218236266701577,2023-12-29,8.178046406353962,4.22719450705664,12.136647660612907,0.1152122339822211,1.161388512635221,5.439299324200186,71.67424874065802,961.6713418487939,957.9134142414797,0.6520109954322978,4,12,363
71294.074,0.0578091342638104,2023-12-30,8.64016734844984,2.863507046637432,14.416827964792843,0.17598756233467033,1.4215131035019233,6.110920917297746,73.30561370642789,958.9334588697445,955.2919299108174,6.225330555614215,5,12,364
36776.61,0.0282039910651152,2023-12-31,8.402106781518297,4.029286531895074,12.769659898590648,0.18933470041257774,2.3193654394198835,8.551194264974201,78.10184346439301,957.4622253468465,954.2218554503637,2.6881804824228306,6,12,365
66642.505,0.0555357636741144,2024-01-01,8.284929509586354,3.594994680064156,12.981667287128769,0.01684053417768232,1.6084485838798124,6.625008682000351,73.9999207359555,958.8841384124374,954.4527865338937,5.88561312680624,0,1,1
49615.015,0.0336898732366193,2024-01-02,9.046216813485753,3.7292226806925814,14.364593086218605,3.2219802984849584,2.3894636353547773,8.497583400757621,76.32782267646648,959.0361803413144,955.4035437882718,4.1135632233387165,1,1,2
36440.805,0.0245712866406093,2024-01-03,11.533003856249362,7.765233819575885,15.303782693123496,1.7410831411602823,2.3289674576126265,8.563037965707867,81.55294073886051,957.1370480270244,954.2384977315714,2.5497645433480027,2,1,3
26019.065,0.0196882708377844,2024-01-04,10.401147362652384,7.286836534450477,13.513344142350531,6.91594462146277,1.9194255110800014,9.027644356288114,88.45247019614102,955.7050415582843,946.7765108360223,0.9603422069645243,3,1,4
61906.689,0.0398636212091942,2024-01-05,7.378157794097835,4.3547837132496054,10.404056470991591,1.2536147090812024,3.966621302882568,12.560078107992316,76.25575566237329,951.4271564690005,944.8480468910633,4.410808112103844,4,1,5
78224.394,0.0504697097591705,2024-01-06,6.144805659176036,2.285670043471361,10.006429365809264,0.40143637107296887,3.060098682278168,10.399327015179791,71.32316256048729,956.927822471688,951.371306251796,6.665509958747885,5,1,6
85346.083,0.0558354261097472,2024-01-07,5.662780343085561,0.8402648817295207,10.488512326993545,0.11943471166002391,2.3608589553246406,7.935649083148607,68.52898872970886,958.1804280187346,955.7476825863131,6.869943966802729,6,1,7
65444.285,0.0389890852900995,2024-01-08,4.796969630728203,-0.2889269137239486,9.887279251906872,0.800287302931621,1.816317964023726,6.769410547003876,68.25525863644027,958.4262263196432,955.0178664895209,5.402109973910731,0,1,8
37575.466,0.0234735747805224,2024-01-09,6.429315489413732,3.1626055542261273,9.700094562493627,2.1821239633027645,1.3021619363762746,5.385962802035395,79.99843690099715,955.9246937308149,953.0965476469427,2.5204294610645106,1,1,9
33361.581,0.0205902101789782,2024-01-10,6.990988129422131,4.179168347234817,9.801695093862069,1.4218548119892576,1.7745217737940033,6.868146557090013,87.79358666818233,956.8983603456863,953.8919416432706,1.9575880077983918,2,1,10
63062.097,0.036981515892465,2024-01-11,6.361101775481716,2.4008237110904975,10.325851987436401,0.27866046322644566,1.6848000385939366,6.899711920399357,79.32447668828023,958.3620541418537,954.166399832455,4.809729505079459,3,1,11
72008.201,0.0453127596711433,2024-01-12,5.995366527179895,0.9059385401576261,11.089513323065669,0.03730086659709535,2.3597263758894926,7.490014648252065,75.90632664403245,961.5435866511409,958.315055067831,6.455286565335736,4,1,12
45413.234,0.0318644236013049,2024-01-13,8.396542644508706,3.3651425651068188,13.434001812111347,0.4996609664884895,2.015829557228947,7.023157646029879,71.93473717938129,962.177983396737,958.406297673422,2.757818582296822,5,1,13
45328.26,0.030787614411554,2024-01-14,11.014332404406844,6.270626234866447,15.766934441549079,4.143609336023487,2.4783487092390337,9.40338108139231,70.02509336385906,958.91762058823,954.4599408995721,3.525777713331894,6,1,14
22949.573,0.0147586463369808,2024-01-15,12.557793978238687,9.644593214896767,15.47346052831715,4.236607751452731,2.8727783159728144,9.634959374357466,84.64386470463263,954.7198216966708,951.6033662888357,0.6543804168792152,0,1,15
33658.894,0.021390006581348,2024-01-16,13.167609522378648,9.775903631513295,16.563582691963532,13.200848354518692,3.5144530495566424,13.938879911290227,75.76025300416056,951.9315958490703,944.8888357016751,2.1414192481084697,1,1,16
45704.877,0.0270852739486055,2024-01-17,12.536576412852463,9.865310665293203,15.211504937332098,7.678046397589093,5.480897246215996,17.561871476269218,80.78547080344612,946.9972413649442,939.8297820460899,3.3263646348206897,2,1,17
45095.572,0.0285639701547865,2024-01-18,12.55139602504603,9.718886378529216,15.389765575772936,11.623270709346581,3.4268125240030614,12.270070426151408,81.1121657137241,948.8940493530441,944.6174465400622,2.7305174159757533,3,1,18
22096.582,0.0142184764667479,2024-01-19,8.581767111440042,4.993020759954489,12.17301451396642,11.607696827113113,3.8718522951034626,13.851335454013126,86.05837131747136,951.9499146005436,942.4129941260359,0.8164543405177487,4,1,19
73044.439,0.0531597861359228,2024-01-20,6.508216144598159,2.3187610412224458,10.699407010590342,0.2619667151176203,1.7040834365029203,7.920954425481954,79.00315967782024,965.4926873125336,951.4099702015286,5.247908761802117,5,1,20
82675.95,0.0600976236460906,2024-01-21,7.742421179231173,2.395051673517355,13.088366441681806,0.03398796048165623,1.4046627119877912,5.561009179824298,78.30237030331722,970.1425175517148,965.1396824907625,6.747836747265059,6,1,21
82179.016,0.0520044684637343,2024-01-22,8.574177915347734,2.342553548398068,14.813773885125272,0.045320453086137136,1.7697107848604998,6.551551868884253,77.71014267649336,972.2007332499142,968.9770006261982,7.375702054674609,0,1,22
89651.771,0.0579981357561377,2024-01-23,11.766722025587294,5.30374882872194,18.229969518752064,0.025004809611585587,1.5964589532912823,5.8628640779929855,75.16412389865073,973.5296420624252,970.6774033865078,7.955074492732693,1,1,23
93603.533,0.0653294113882794,2024-01-24,13.068920785270162,6.058736419665018,20.0772845585505,0.02450093557448167,1.5830595011737556,5.544104142567889,70.05582370528889,973.4085553004948,970.4185232026515,7.94362168119807,2,1,24
94045.903,0.0633958352362181,2024-01-25,13.797497064224377,6.317396559689089,21.272593372998784,0.02065985160298258,1.4879140594172822,5.262970209793365,64.08716815454466,971.1500104863836,966.6320808153685,8.247428199457667,3,1,25
89302.19,0.0652050386192305,2024-01-26,13.730543508699588,6.590107701811269,20.861286828231435,0.008394574616960235,1.3361129237335094,4.873899995382179,63.3039069681704,967.926948984565,965.0100370123987,8.06325092372398,4,1,26
88622.458,0.0691217729550321,2024-01-27,13.231868875534104,6.528693453043137,19.932684119981044,0.006807561637160572,1.7091669607056723,5.904556965999816,63.26873118051247,965.9570879500931,962.8315717958211,8.104591845936485,5,1,27
81219.458,0.0598513685027145,2024-01-28,11.869877137666206,5.641410081292241,18.101341150310887,0.006609845937763316,1.7019528357433202,6.316691994333286,68.92234113620955,964.3301728825758,962.1028395640781,6.820119319044306,6,1,28
60324.973,0.0422909794832187,2024-01-29,11.000275203333224,6.313731634109721,15.686586228340353,0.006072359424887771,1.8821387759422616,6.376244944537778,74.39948362610528,965.916155413585,962.7839281648454,4.647964274175922,0,1,29
75648.853,0.0533274151905255,2024-01-30,10.331403782834983,5.413798584446229,15.251097413093179,0.011642254736859373,1.8307965202502479,6.114147439758977,77.24133377998106,967.8661572082636,965.1902822571617,6.272482593398531,1,1,30
86247.053,0.0590889751041756,2024-01-31,9.937028116566541,4.572248685928568,15.307404910862,0.006192495325833591,1.8745951408932613,6.420658654682631,74.97577380393469,970.000015917886,967.410627107289,7.019868952411762,2,1,31
106629.251,0.0669500669996372,2024-02-01,10.349133222779932,3.652981719984769,17.044872914731084,0.010618719730752272,1.8900942030269148,6.737505287165042,66.57334041370694,970.7477662675919,967.4907905448932,8.250211552513987,3,2,32
109896.558,0.0696391148375072,2024-02-02,10.625647726639487,4.071283452570996,17.175863525249497,0.004176331432972068,1.8914420680192645,7.111653102361435,65.64447797594144,967.9384239589176,964.9361406672998,8.670276816534475,4,2,33
107806.265,0.0852876116172944,2024-02-03,10.560999229366335,4.126934391837343,16.991891336014678,0.0045934738895516075,1.8144813678771,6.4075696601271686,65.85900999221005,968.8316853190624,966.4379510855516,8.873762652450765,5,2,34
109309.632,0.0922063391851441,2024-02-04,10.761289786873133,3.3444918736678844,18.170430731235527,0.0044132982832641166,1.3952436363227814,4.9949729137708445,63.62054806850964,968.4905543773227,966.0793770767356,8.927942562208932,6,2,35
87942.263,0.0660856344862777,2024-02-05,10.51870252703835,3.5179295144983915,17.50668762174618,0.005449695179596397,1.2885177862443946,4.927874462182728,64.44099495110547,967.4565756943475,963.8828891730202,7.171794178421033,0,2,36
85230.018,0.0612638384329088,2024-02-06,11.135906841776496,5.564562903256992,16.704763469054456,0.08893453730430101,2.063611606347384,7.6584390239896765,67.66707217624085,964.4103954432946,961.3058658820637,6.294402963655439,1,2,37
63570.45,0.0401708982401017,2024-02-07,10.339461340143352,5.543703410732069,15.132078422870196,0.0959313351193625,2.39161431415129,8.430330150098236,75.73679983705591,961.6724837792653,956.2399374098001,3.980621691469512,2,2,38
39322.866,0.0245179494279179,2024-02-08,10.76786968341536,7.187578677400755,14.349454118170415,17.12050603568391,3.891091530882211,15.46901885036656,70.93390016643863,956.8803915017585,940.3502163809685,1.6126569003211007,3,2,39
30622.475,0.0195926087133755,2024-02-09,10.738753877190172,8.362497687969611,13.115504419200962,13.60325112218206,4.225400344051349,15.466358303423457,87.82516721453595,941.3355411961663,929.383210815069,0.7844369014809313,4,2,40
78601.989,0.0490148014793754,2024-02-10,8.435486792514785,4.942441087152103,11.928177920760266,1.3002713403305801,5.021799521737542,15.300967034075166,74.22165085204203,947.5218318156623,932.3179786878322,5.473059972183194,5,2,41
42131.945,0.0291412656777302,2024-02-11,7.241289990486873,3.6949201303977794,10.792865239780634,7.225635615769127,2.7923610320938734,10.391193269613032,81.53214359627528,949.0419127584349,944.650408837494,1.2455333529950643,6,2,42
88152.227,0.0538287272036901,2024-02-12,12.395108757872364,7.823744383255589,16.964617158738125,0.5621281626974793,3.899392673330607,13.122094401744986,77.44852257822518,956.7375250121963,946.1021046823753,6.068389762451744,0,2,43
80245.157,0.0559105760450537,2024-02-13,13.531838594514587,8.59384677035857,18.467309585180878,0.39849002636311276,1.7332592406882064,6.948789089593122,78.65638309749235,960.4503613104104,955.7409560198043,5.80459492657596,1,2,44
77651.453,0.0553033170075251,2024-02-14,14.449545141682416,9.121834810699099,19.780972019534534,0.02185196081204083,2.35358320780586,8.014621684087915,72.95844267052246,960.1534286250285,954.9830741048332,5.0840664905030595,2,2,45
42450.431,0.0285992724017439,2024-02-15,13.237097188085434,8.843886930964251,17.63127044875735,5.22270556668664,2.845271903005609,12.328586826053245,74.71991617372916,957.1577011013836,950.3718217430911,1.6147475995174,3,2,46
92943.439,0.0587658931896079,2024-02-16,11.240489590617981,7.113100763709999,15.363484830559118,0.35865132317673865,2.733747187947657,9.49341576293737,73.82018157786929,963.2838668768279,955.6171146390635,5.839874224349035,4,2,47
127150.812,0.0893022084753745,2024-02-17,10.927995969272915,4.6934824936494755,17.1624550089039,0.008726429178624382,1.9760731772341171,7.767471156160016,65.05225179333556,968.2376726086324,962.6290561655709,9.377800303542326,5,2,48
118455.298,0.0915853112217379,2024-02-18,11.61413580677724,4.551398033383472,18.681342613919927,0.017518599164943985,1.6239133960952994,6.14295372878733,62.637676161189205,970.7135706765655,967.931474582811,9.336802792138158,6,2,49
125413.521,0.0796917068407561,2024-02-19,12.525904616651989,5.776154154329625,19.282089246446713,0.0017322363545026,2.1032427369400954,7.527553438674852,63.299363314759475,968.9829226014347,965.1053160918815,9.354609863421773,0,2,50
126302.512,0.0817455654987109,2024-02-20,12.734022228393954,5.112025747625994,20.36017540386407,0.0010494871290629107,1.8913310365442242,6.993627763979377,56.53470651132943,967.0351573900659,962.9979658224394,9.609144864656361,1,2,51
106504.172,0.0720130861408402,2024-02-21,11.846839860693041,4.724349925563169,18.967354675855645,0.00575935923506501,1.813505378395452,6.902722761751408,60.750717740116585,964.2969617722574,958.7321842304609,6.948601674531075,2,2,52
72834.058,0.0453015547394874,2024-02-22,11.909264229554088,7.3034444929282065,16.523658410169777,2.1743787286764045,4.263984784501753,14.494596483194218,71.77061746955111,958.6909482087152,947.6177192973154,4.768237771307882,3,2,53
99777.889,0.0612653738279324,2024-02-23,8.197267382303613,4.314990097165025,12.081683998237535,1.2047069420144734,4.494904686622705,14.687711124285638,67.34033786375845,951.5625426875646,947.7370028439549,6.594429069410343,4,2,54
98482.783,0.0646619886256788,2024-02-24,7.879337991001089,4.101390944908144,11.658018443960014,1.5090500968052767,4.28045965042429,13.117508596376274,66.43411152773177,954.8682050493815,948.1718029922353,6.091050131534287,5,2,55
52880.292,0.0376536627844677,2024-02-25,9.867367020485135,5.715862181163179,14.022526247807242,7.602117608660655,5.4744089401457305,15.401829700624218,80.82080641610486,954.6225828781354,944.9310738759988,1.8800180481525741,6,2,56
85977.384,0.0538564764443559,2024-02-26,8.750410201538752,5.266565307000192,12.233202459724483,2.3456965352803323,4.935101530796986,15.6252185258082,70.71348024520154,949.3327626911927,942.3568899966111,4.954755046459447,0,2,57
103146.515,0.0642946441388939,2024-02-27,7.601619392031598,3.3187395837429334,11.883274267554675,0.5296009071231113,4.699082191044036,14.367339025409438,57.305757849751515,956.2242075200364,948.4530248312935,7.159625125841511,1,2,58
127807.743,0.0796217733637891,2024-02-28,8.4194172581796,2.434607697440176,14.39824307667407,0.1510907806982971,3.5350961077455003,11.854477651032362,55.494676208996324,958.0495093405274,954.698434383612,9.446759760445799,2,2,59
121620.15,0.0762982303859953,2024-02-29,9.314969896831476,2.712818386388655,15.920196326906444,0.6135276931015707,3.566431264586629,13.907686402290336,64.04815458933417,957.0235624140082,951.5907270308622,8.805963472149564,3,2,60
124521.298,0.0757023379595336,2024-03-01,8.046346707139254,2.2783391223427127,13.81085880082311,0.5869304067060657,3.1482640006184406,11.269603496919881,59.49462481175778,956.2002218764907,950.3748444228024,8.853851071401365,4,3,61
58105.816,0.040174099136843,2024-03-02,7.407913633495315,3.1676079748609443,11.649854359962848,7.72284640483457,5.131900138950191,17.4469818413118,77.30796653525114,952.3494632913458,941.0006527331299,2.774429858147453,5,3,62
98833.085,0.0694428347445607,2024-03-03,6.905561538399321,2.633888349347713,11.179517228326258,1.2842231811431795,4.259759326202355,13.456288301777983,68.6188325683485,955.22333382808,944.9520067922563,6.73487443859069,6,3,63
74989.322,0.0502490947003322,2024-03-04,9.434717804218302,4.744901255575441,14.130643590422162,0.8836022710492658,3.3925901943288572,10.984823670768861,76.76522669424331,957.174896494301,953.0371238488013,3.551895286744162,0,3,64
144245.528,0.0976845627304385,2024-03-05,8.97258590945035,3.079137146378962,14.861437212882608,0.01736172707667931,1.9698198115679968,7.737803400342388,63.81856809603395,960.3659938756829,956.7827911562831,9.705773342540969,1,3,65
142689.685,0.100590527551341,2024-03-06,9.132543449115518,1.770651637767865,16.48899599932532,0.09689867566030043,1.7714661637244224,7.172518579942337,62.255740083657564,960.3759689571388,953.0155266251971,9.73012507287082,2,3,66
74729.097,0.0478595327144724,2024-03-07,9.066060901127852,4.480944983826767,13.655068040798602,10.581986287327144,3.8642351549088114,13.831531896106275,75.48123255622023,953.3616526271182,944.5337604096696,4.16025679142277,3,3,67
84897.533,0.053635666842916,2024-03-08,8.135130877603627,4.594830801499722,11.685725084122668,15.200916963519527,4.612968448783879,15.338528419125181,75.213561535349,947.1505449748983,939.6809818802446,4.754089982897748,4,3,68
49273.703,0.0347130696698353,2024-03-09,7.249475143312292,4.364367512994995,10.130697534573535,10.161776975243418,4.06492737643991,15.297389950133349,84.36137279113886,940.6789735537839,935.2382424823161,1.7835726290444194,5,3,69
75044.545,0.0566238552061423,2024-03-10,9.027786667467147,5.016114171917118,13.040320670284004,2.082665925598839,4.803655604830768,14.230739184702418,75.00891986608299,952.1673775067247,938.7149473633896,5.459578467247553,6,3,70
122814.141,0.0815997967617654,2024-03-11,9.676383376942841,4.692198400479741,14.6641228064708,0.15732277614179907,3.1297706370492873,10.645500924518823,66.43045480397828,960.9358740259794,951.9987911904566,8.083335198853728,0,3,71
150845.337,0.1070581094548594,2024-03-12,10.669714590214111,3.52471656300035,17.81599303280569,0.019560470035418907,1.911971427068711,7.268137512635714,63.07470343017211,961.2432312570663,957.4557010432744,10.263468436525816,1,3,72
145412.279,0.1044247406316019,2024-03-13,12.403059015761222,5.046767129820078,19.75759435208141,0.011392091737003476,2.05809686799293,7.486285385399995,57.66372638963916,958.1961983302373,953.9583565973982,9.886365315257763,2,3,73
119021.62,0.0819567815808591,2024-03-14,12.567150894392999,6.460538444300366,18.670974627083886,0.10326317879844966,2.1360746030566853,8.026854032139568,68.68416144195155,959.5444581638668,955.633976498642,7.71623854819708,3,3,74
124402.477,0.0887390073622592,2024-03-15,13.639573868739772,7.524991152861879,19.753013562010256,0.1081028200551568,1.9668779223314747,7.213625128693337,70.63492086777538,963.0692588172112,958.8193104631555,7.859316449254531,4,3,75
133819.753,0.1016991948339352,2024-03-16,14.940452364809207,7.981711838765555,21.90226258418511,0.007133226360248335,1.6541066090999135,6.648215674701457,66.51931278934542,964.415792885037,961.5025858600701,8.649743150076159,5,3,76
127711.816,0.0973789838989803,2024-03-17,16.49624378125621,9.486071622497247,23.505216685155894,0.0013153688391737202,1.7120735338971966,6.503621374908482,58.88675731268188,962.418699960963,958.3927274149939,9.148715587705254,6,3,77
107926.778,0.0830347644478448,2024-03-18,16.54414010249628,9.642503741071682,23.45157985377396,0.028560827270000394,1.5999170214780005,6.0021169482613335,59.87685529755951,959.198188041036,955.437415054931,6.319663593196157,0,3,78
125959.899,0.0919491971897914,2024-03-19,17.3477226935945,10.534436278239964,24.160571125503232,0.020787142532391313,1.9410977819854112,7.9093333985064636,56.89000539087658,956.4202848696297,953.013341225842,8.520832407746308,1,3,79
107417.466,0.0751929065905345,2024-03-20,15.649540920317987,10.09849591339673,21.18867390885092,1.167443315123326,2.3594355166802106,9.584979069167549,65.11651728772233,956.4314801139943,952.1917082528715,6.328944765124906,2,3,80
100768.853,0.069319653202368,2024-03-21,16.220840498105964,10.669745643338185,21.777510337710513,0.045392901213254,3.633814822327044,12.129107967406936,62.7972219204448,959.3847471347041,954.9217749010213,5.627530555345835,3,3,81
112729.048,0.0822172555990518,2024-03-22,18.59353424100536,11.902548757378328,25.289655314339704,0.09652518642031101,2.8287292314857524,9.72551759216354,49.218546558570104,958.4745017618748,953.8414303513067,7.227317680840677,4,3,82
88580.827,0.0629433718891212,2024-03-23,17.52018424917101,11.826508364940064,23.21351537073439,0.07281150751862518,3.057166965317084,9.809967621280649,50.499660588852926,956.7268083560416,953.1857547866173,4.998047173302392,5,3,83
72223.69,0.0577675015569114,2024-03-24,14.954664103582738,9.573424243019849,20.343773552436872,4.002645237371103,3.0015444307404024,10.998010967040022,57.934661655810956,953.9580812204165,944.8769979689678,3.400315169144945,6,3,84
53620.203,0.0385426240259064,2024-03-25,11.393660111582953,8.02799466069162,14.760995786194812,7.819912151132023,3.317281144706267,11.427222133209867,84.00901163319294,945.7944485209657,934.7205007745437,1.537626642299392,0,3,85
96602.657,0.0620939961390372,2024-03-26,7.443967469506155,3.7812117581323132,11.112880742852232,4.131099169363749,4.435738744405336,14.702348579830856,72.79690175352074,939.3910798928059,934.6714521711764,4.8252265825994,1,3,86
73599.493,0.0479964372051406,2024-03-27,10.03681790261883,5.835881200726192,14.241453354206431,14.683066385475001,6.293059417321343,18.548978474445995,78.43434289005559,941.5053925089516,937.1693186379854,3.564299331606802,2,3,87
75387.588,0.0516536795107836,2024-03-28,12.284890432624177,8.543082032112578,16.02843824870386,15.423421828629314,5.284168674099706,16.865437448859392,78.85959041345575,943.1540070000058,938.2136580928242,3.624763151455795,3,3,88
72669.077,0.0541749430684715,2024-03-29,10.135118804797413,5.923261187576625,14.354472454943496,10.596128042393444,3.570563268353025,14.478386033977031,78.50092685369354,940.5506239890317,935.6959554616448,3.4436351758324233,4,3,89
75804.767,0.0571433936280746,2024-03-30,8.772255606240245,5.320483032879046,12.222003953802572,16.637658767453352,3.673429918137437,13.026549814815521,81.45263802745863,938.5007846419559,933.0448529129086,3.0516529845809215,5,3,90
58703.513,0.0452631218747038,2024-03-31,8.54641327635727,5.336707170371331,11.7545725154008,7.646708908457424,3.791733231882801,13.973501587396067,82.74939535394982,946.1679728442836,933.9458437770681,2.2867894797194652,6,3,91
113212.722,0.0790172009700965,2024-04-01,9.79992841404701,4.969610410586679,14.64607538347562,0.9900111102250063,3.7906831493096127,13.00831666256333,70.80213762683672,957.3543646240498,945.7704026482849,7.925271388450183,0,4,92
103328.431,0.0727802244918805,2024-04-02,10.870616224944333,5.019522469848662,16.723435172183766,1.3460521168795596,2.7131465689018066,9.574682851797782,67.84232281360755,958.2194658737038,955.0274812913365,5.879452012772591,1,4,93
130477.607,0.0890863663030511,2024-04-03,13.93552773718,8.167101236477984,19.70554968139468,0.05424997718545224,2.1726089859407804,7.909366667188992,66.83634774439989,959.6346811986749,955.9462331546945,8.910598568528338,2,4,94
136606.992,0.0963602552575248,2024-04-04,14.895147003418561,7.356861771606614,22.440911615164104,0.011420335515786683,2.07413976897375,7.721276920208831,61.68071024340194,959.2498299434781,955.0341278867471,10.271911852853732,3,4,95
132858.014,0.0908292864063202,2024-04-05,17.081793127915386,9.19648854404302,24.970654372082244,0.010323798853578335,3.119251219664224,10.842488897169142,51.48631972662224,956.4922202329034,951.58642444839,10.139790000983792,4,4,96
69591.054,0.0541698821390038,2024-04-06,18.36307295298557,12.898650752873676,23.830750506563362,1.3449601478664064,3.1580760661905445,11.522634580123666,50.22587337168021,955.1005036703583,949.8596646360465,3.161968904597301,5,4,97
90263.851,0.0784671878286042,2024-04-07,17.72459721057212,12.627821317697725,22.821497727831883,0.47562599406169576,2.2946152044428905,9.922361954730137,60.8539404059541,955.1672548328859,951.0407123414924,6.742177256162548,6,4,98
105295.335,0.0749224824272063,2024-04-08,14.026394083522643,8.364546167523383,19.688604656654793,1.957467236490697,4.06015164064437,13.810548054095696,67.6317536013292,958.8149157052637,950.7599366103634,7.242115332796866,0,4,99
141700.935,0.1011025157304987,2024-04-09,11.297946948364947,4.937526361628443,17.651049811736282,0.03770460115405107,3.1649038030848073,10.648930645584096,50.34991350205212,966.9420928298442,958.6697963300044,11.509319518373296,1,4,100
139102.361,0.0971509401035634,2024-04-10,13.157646291559063,5.393351834302983,20.919093445177364,0.00015531968549856864,2.5954136704878117,9.2664283058982,49.05619735938048,967.5478001138658,964.3964828385183,11.560691382807494,2,4,101
148415.462,0.1066413315750996,2024-04-11,16.4509177998894,8.992846987798353,23.90948345663022,2.049559821710859e-06,2.7246509729037975,9.687898567722993,49.69668720719632,965.810620980093,961.6203482258974,11.836075793677772,3,4,102
155812.946,0.1184407156894828,2024-04-12,16.628817597412354,8.78318738315895,24.474190684785643,0.0,2.2057774501905123,7.872193440347175,47.38303225139796,966.8937590544176,963.3478963106407,11.898090907625212,4,4,103
134657.093,0.1129341044058296,2024-04-13,17.903946492266662,9.250285489770814,26.55012985697866,0.0,2.0210792454747386,7.458365432888996,46.02825055382962,964.5446303713965,960.5097722532691,11.800294697704414,5,4,104
125103.209,0.1089087707965865,2024-04-14,18.39015937700348,10.18403884846794,26.597407639748713,0.006368618132544621,1.9778386366235965,7.531069450508789,45.12178606968939,962.4270501222927,958.5206080795684,11.887026364412442,6,4,105
141563.397,0.1029233002780794,2024-04-15,18.80762045266546,10.939369186616192,26.676196373724437,0.16181119270836986,2.3946879635776246,8.568204589964608,50.470878090130846,959.3054454327181,955.1727380486288,11.078432299630727,0,4,106
149112.573,0.1009768828484538,2024-04-16,18.202313270174997,10.69947224690123,25.70257692494692,0.04259911541016512,2.7316937959526015,9.1702953157019,51.15617182152494,956.471696140027,951.485807998997,11.750976234412953,1,4,107
147683.253,0.0990972813630108,2024-04-17,16.4276339255724,9.856757425274559,22.995496757187492,0.02759552932423641,2.7700952688556693,8.781503704637258,54.04307354877371,952.9991695541894,950.0257257898577,11.300173623922989,2,4,108
150976.453,0.1004323193389704,2024-04-18,15.39021062579925,8.739543168053068,22.04668902458055,0.16881012055891365,2.630836557401722,8.796546806348223,55.05247603413912,955.6036917333204,951.2394240566474,11.04458605623045,3,4,109
159805.872,0.1150027735951393,2024-04-19,14.720478194328367,7.931430592187535,21.511071240853987,0.10280289736885095,2.8760478982386335,9.365059111207598,55.78092576729869,956.8876749953695,952.9959695851232,9.61617352566804,4,4,110
141956.682,0.1040172537149528,2024-04-20,15.635232349980356,8.78484992937127,22.481741641507426,1.1814080912698144,2.3818381447918995,9.152209882083804,55.16026935455931,953.9060560719453,950.1803646802667,9.214229372645292,5,4,111
137776.364,0.1033644319487968,2024-04-21,14.874141648030799,7.5798440925982,22.17308566544666,0.44666261554434905,2.5405121583873727,9.211249587554606,52.727029801761034,953.4227784096146,950.3631807178596,11.170359562080005,6,4,112
145126.631,0.0963920598123554,2024-04-22,13.366339848778468,6.979977090340014,19.751745563612264,0.24907653362837656,3.2506880800212223,10.648788344724812,48.381385646636595,954.5038284195431,950.6034872161629,11.112860734494728,0,4,113
161428.975,0.1066359798036103,2024-04-23,11.374008856349738,4.826259049285257,17.920549567667877,0.16445872133856063,3.2938871323418386,10.535041198291188,45.980211229130376,955.3860848844563,952.0406826888245,10.775771222940426,1,4,114
183243.204,0.1189710446719696,2024-04-24,12.309979075503742,4.7598272345132395,19.856876326975296,0.007589818960000717,2.6549788487367816,9.023884919653643,44.79771097607868,956.0863527333377,950.7216229616164,11.698623559858426,2,4,115
143816.503,0.1019157007770819,2024-04-25,13.126129377993829,6.4956188784294495,19.763077634885256,0.2602933990729667,2.800678189870408,10.29327591682866,53.06256265839715,950.8130011754987,944.9459047585682,7.781591717009131,3,4,116
130367.082,0.0926192753527357,2024-04-26,12.407948764301805,6.960411546484277,17.8593913889857,2.994649034123079,3.24156294900099,11.382620259183275,63.41394975183228,946.3826685208712,940.888719647932,6.205731912314509,4,4,117
111883.713,0.0828352341619198,2024-04-27,12.07227077202294,7.615052708615878,16.53414771725967,2.892325619733778,4.171631572147873,13.42100455989693,67.92918783911388,947.7178811444027,940.1837118619753,5.770984137163763,5,4,118
137939.332,0.1203279895531281,2024-04-28,11.340518242510218,5.279502314381366,17.410194109418057,1.359684440958499,2.0077660206148775,8.524302822638802,61.782245873183065,951.7257566402578,945.9761065332563,7.897862380351963,6,4,119
129778.528,0.0966539127683702,2024-04-29,11.860261341092306,6.310053478126381,17.40901935148078,2.2287983582076607,2.1589526576042464,8.650746746747872,64.37816653372937,953.8998870160389,950.6195793250348,6.677899271212352,0,4,120
130650.03,0.0946754958306029,2024-04-30,12.264989991253799,6.679192697109988,17.8557733614238,3.561836877226834,3.333249644002324,11.105859801497775,67.09321718891296,953.7396489707786,949.9735786135315,6.475074433384301,1,4,121
112667.626,0.0859147352275951,2024-05-01,10.712608793302785,6.258744094983332,15.172698478221795,1.8738255582624381,4.205713870190201,13.591946732780807,64.50846446631348,952.6827134968909,947.8954156090073,7.284278436897038,2,5,122
165111.991,0.1125391705168819,2024-05-02,10.386940722092948,3.9893511549832326,16.781305567042715,0.1364243438698437,3.0996350375243416,10.365955919905502,54.906866526275685,956.1085550654749,951.9965299836881,10.177423927154488,3,5,123
181671.278,0.1269958485421157,2024-05-03,12.528975119083887,4.840877104086519,20.2106075834203,0.07664970585196582,2.237761763447689,8.372365923315007,52.23371576766873,957.2617924144475,954.4853903902736,11.398215927405388,4,5,124
162296.623,0.1148109956564787,2024-05-04,16.072936743416765,8.100559506635742,24.037163447771405,0.129713268758032,2.7365284828054772,9.583741638034779,49.76432611193539,955.8527340248796,952.830560597949,11.29965106125342,5,5,125
120599.319,0.0959062253788601,2024-05-05,16.727800688151305,10.90223039978348,22.54978144444921,2.907271235976386,3.156040293350147,11.105967543538306,61.73064327338662,954.4074947055387,949.5787848871217,6.686413710636967,6,5,126
151451.233,0.1081128780858954,2024-05-06,16.255904911645555,10.729885828478565,21.778869783456038,0.28490170484463895,2.872036967192601,9.527604252979835,59.28832793364462,954.9690456592937,950.1956276433667,7.583027420501686,0,5,127
182844.542,0.1212302230789546,2024-05-07,15.824930514509317,8.301391965207241,23.350405305217325,0.13283146595324835,2.6122411996362436,9.188326811272905,49.47094002686428,958.2286962852442,954.2832409871755,12.19473892341696,1,5,128
183389.199,0.1242392059860766,2024-05-08,17.369378113121076,9.658051980461197,25.087495177483696,0.004391893672311265,2.7497262492534977,9.118696247306476,43.481233386811766,958.3879687404761,955.0739384642733,11.570271386296888,2,5,129
173634.57,0.1313365053114918,2024-05-09,18.127938720272393,9.839987596525972,26.410285588104244,0.0005110248384902016,2.414825884225064,8.328646715013523,40.53801408554603,956.5010501802461,953.068478331621,10.95887474500215,3,5,130
175687.436,0.1286305448667911,2024-05-10,19.354758591656488,11.02890596689577,27.680960586470253,0.0030426441479214764,2.5482232282365054,8.901530491734137,40.13367637504745,954.9965043023477,951.4026227041585,12.17826524678338,4,5,131
144607.172,0.1176866720060669,2024-05-11,19.680911747590446,12.07889720477329,27.280387384314395,0.16971544161618285,2.7066173952017714,9.463153897800886,42.62423693653733,954.6003147028969,951.7700508922546,10.632176676775547,5,5,132
135235.199,0.1254548649404737,2024-05-12,19.44969036992077,11.895041330224759,27.002063437909573,0.053401544564912855,2.2298543997849096,8.175013330283244,48.37425138859877,954.7122670325934,951.6941772618246,10.943689267142942,6,5,133
162586.851,0.1193515218396293,2024-05-13,19.08263228478212,11.91890747168152,26.243104721763494,2.614391751943593,3.1882279396248245,10.655507821551598,52.98535603584573,952.8458159355301,946.5499365515336,10.604245081004683,0,5,134
152097.468,0.1066048562215083,2024-05-14,15.59908780070733,10.330082620332792,20.86807625613528,0.5954694399031796,4.094409945859767,11.966557010057914,53.92956487672246,947.6374773794914,944.9310767952405,9.515906918228506,1,5,135
168536.455,0.1202433156334408,2024-05-15,13.74596664308017,7.834432711989272,19.660426964753164,0.30365905007770655,3.4399806610695336,10.945718191244113,49.822746936460135,947.8767972771255,945.4898436923564,10.090074971065741,2,5,136
155328.995,0.1103592131864796,2024-05-16,13.660863940024704,7.614151421831704,19.708241628097955,1.0875414144668913,3.3467132394036305,10.58232562767978,53.766070955476884,948.8841176021681,946.3179901451399,8.882786023369906,3,5,137
147372.205,0.1091759636976364,2024-05-17,15.49042582289911,9.886211192714912,21.098312302811607,0.879690091626153,3.160329993082969,10.14264226040454,57.693559462553836,949.5967120745237,946.3656356464446,8.462026593741887,4,5,138
176736.207,0.1444752120233135,2024-05-18,15.504697573185673,8.377608497148186,22.632937180387714,0.7413418996314165,2.6132045255682574,9.338649846879386,51.344316133824364,950.4368057024094,947.5861574004518,11.243769747951163,5,5,139
141292.841,0.1258799126536947,2024-05-19,15.343740455534821,9.061376719121377,21.629441797467095,1.7841246889486795,2.920612253386089,10.399182546609062,57.30932428421607,949.7317797769842,946.736440537805,9.31799399778359,6,5,140
164151.277,0.1306639183990524,2024-05-20,15.135740449897037,8.723649138882285,21.55555056013947,0.3953847615255338,3.116941888436886,10.515286686920685,55.01236748549804,951.7413202415478,948.3282680241407,9.28870890119988,0,5,141
165237.569,0.1237483053706877,2024-05-21,15.455646498396314,9.227954803596207,21.683539761546573,0.7118088249033688,3.311219595610482,10.798394879342869,54.76261827553428,955.1460989518969,951.1721210742443,9.638474463683817,1,5,142
181926.872,0.135188070750192,2024-05-22,15.84750347656021,8.75814853098686,22.934757923332693,0.15920929510751142,2.6348027167063712,9.431707317403289,49.85103964726917,956.0565433716129,952.8000913900412,11.26945504273756,2,5,143
184469.97,0.1378541664636194,2024-05-23,17.221444347378178,9.335066141615478,25.108809336611404,0.12329387155520222,2.218593939180171,8.141254540548946,44.6323801981117,954.6083037227428,951.1127697727776,11.120800633758428,3,5,144
201286.74,0.1493139437984993,2024-05-24,18.93641961713142,10.665356324478381,27.20688344508932,0.07270466668976987,2.4277800928051714,8.694047432897925,43.00726735996265,954.8732889468839,951.6966986936993,12.531331569815485,4,5,145
183000.536,0.1449904360151664,2024-05-25,19.829040971896195,11.251864579208515,28.40894842528037,0.004602655377353631,2.679268620577055,9.192882220371583,42.522375442793475,955.6892058513272,953.0525943986667,12.647010726529945,5,5,146
148825.731,0.1310409887454847,2024-05-26,20.646407084724004,12.465003013209373,28.832249408888956,0.06322555126547738,2.640391784895254,9.30066635352107,45.485948638282075,956.0550974332757,952.9560301420898,11.917868609159152,6,5,147
186053.318,0.1351072799625219,2024-05-27,20.61893893569914,12.74843509264746,28.492932130312074,0.008284069255400676,2.5650978305217076,8.841572955327896,46.58300896858415,956.4170902723096,953.2883388728352,12.095740145194213,0,5,148
185576.366,0.1382198780316702,2024-05-28,21.492334132477854,13.208399928684322,29.77819461176419,0.0006563163797512363,2.4207889241031557,8.27596777833072,45.5976956272423,956.8740659069995,953.8154510883336,12.705544122167758,1,5,149
192560.073,0.1368702382097366,2024-05-29,23.15779869844651,14.525475471248537,31.79345018389788,0.004100473404388454,2.2139784819190123,8.027260472444336,41.58649884212833,955.3583156524687,950.939675403049,12.82751400538128,2,5,150
181038.398,0.1214384775758177,2024-05-30,23.809086033956316,15.255296238794598,32.3620940546088,0.28989289775976607,2.6212554716903753,9.459418970015038,39.994820779713464,951.2163598731573,946.3710935358131,12.327919135677474,3,5,151
161521.789,0.1044987526802918,2024-05-31,22.293230100481697,15.216676632328923,29.37090005276105,0.1497089578573683,3.438336337908427,10.335451553247259,43.965232138602516,949.6904913850503,946.1177956544078,12.303019805449335,4,5,152
151084.189,0.1051236820835164,2024-06-01,20.668102705269433,14.059398245853288,27.27585867978521,0.1590294636650065,3.3969715646003227,9.969502810827306,48.850078230493914,952.734474399313,948.7520745719205,11.743037718686814,5,6,153
154540.195,0.1141022903547971,2024-06-02,20.28899745269188,13.140096754871692,27.44077008502325,0.07324389906055075,3.0236857221680733,9.49918876783792,47.52840672020158,953.4032978877132,950.5273943138217,12.573668230903122,6,6,154
179006.359,0.1256516602354418,2024-06-03,20.988090269194913,13.824114631786305,28.154362762788864,1.0620047269589872,2.8879723962591166,9.709796522767258,48.1639067372657,953.3151933484212,949.881551196333,11.412625099258095,0,6,155
192544.359,0.1413657903974103,2024-06-04,21.91506694296766,14.263805787012542,29.568120527832022,0.054744331830809775,2.368458320246047,8.49895368598981,44.984774070030646,952.372473132873,949.5614107990664,12.06930199882234,1,6,156
187767.057,0.1301722319247283,2024-06-05,23.299724656746992,15.003379386612885,31.596292359338275,0.006191048544347446,2.4762062292779508,8.993238406176413,40.54797773299857,953.3164835062488,950.3663731481997,12.369557299892051,2,6,157
166341.664,0.1094440953520793,2024-06-06,24.924948126032483,16.648408335735166,33.21927240286903,0.17206109716031195,2.6811018887117397,10.184492871450916,37.24347975467162,953.1425305199051,949.7434687929654,9.75989647967474,3,6,158
136104.972,0.0899526195289438,2024-06-07,24.54667578497622,18.247391191281046,30.840351986525956,0.5351157746452903,3.4809369298043977,11.941493309358835,43.60580542066308,953.5850837646477,949.0529958507093,7.169509987840982,4,6,159
126232.384,0.0934548154582323,2024-06-08,20.950359112147282,15.597891220232622,26.302958194970195,4.83453713682978,3.3163220226177135,11.923155633544319,60.314748357763726,951.8803638993255,947.3250887566331,6.485296684808422,5,6,160
115453.991,0.0855662021067448,2024-06-09,19.03556882752396,13.963634402573758,24.117070744837143,2.8585816113373843,3.322679056170518,9.74603591640893,63.76878798171637,950.8621496456277,947.7604720896152,5.995432886082884,6,6,161
126005.907,0.0894815345053006,2024-06-10,18.886838161628404,14.017895037827053,23.759341640570977,3.31526513002393,2.7156946571467575,9.419363264589666,67.07705729252515,952.3112720377812,949.2813363852499,6.011411422606627,0,6,162
157393.271,0.1091107746929446,2024-06-11,19.112983442043745,13.048095351886627,25.178271475758553,1.4742059111285384,2.6145856715211475,9.399139508006613,58.14890065454826,955.0404469376673,951.6603858560412,9.033055670946608,1,6,163
155360.856,0.1070725424387292,2024-06-12,18.90939331823386,12.765328649481217,25.052090684404497,2.698329556755783,2.967035119199157,10.487126048962807,58.315095292228,957.5047555808354,953.511720511723,9.486509104715243,2,6,164
181031.073,0.1319026098047744,2024-06-13,19.746473059683517,11.49628745088142,27.996547589552925,0.011519109989746756,2.7522466519023507,9.385016939742705,47.53716300412652,957.4982667965562,954.1583353961265,12.734386731238205,3,6,165
189116.424,0.1306849050076914,2024-06-14,22.068626402413496,13.630969116737537,30.515211372681136,0.03494295142790824,3.065064685239983,10.666910808761576,41.98659740572358,954.9425809903698,950.2053675250436,12.214132898932647,4,6,166
159365.351,0.12597588369127,2024-06-15,21.308937155109607,14.287913567826033,28.333493838807318,0.1570653710774466,3.4183582064721914,10.847362605257143,41.98076176552628,953.6336377335309,950.7970656730812,12.551453350671062,5,6,167
149205.161,0.1245702289992323,2024-06-16,20.988033185073874,12.89177728911219,29.088166202081602,0.00525262728261516,2.844180758234923,9.433544949654548,43.29507535683206,953.4011517555856,950.2614926223414,12.866407828784913,6,6,168
199976.395,0.1345010484370183,2024-06-17,21.93831094415306,13.881799793835071,29.991373805342366,0.583188831566303,2.907263690001387,10.139735340932374,45.329457133153554,953.2494653564926,949.5974724794413,12.334600379077681,0,6,169
145691.212,0.1015326550491761,2024-06-18,20.67373931605313,14.839206972591153,26.50478775448394,2.752427401252207,3.553163816189866,11.718222344122667,57.183336340055185,953.7019182948603,949.6066920256552,7.9967704101157935,1,6,170
142392.935,0.101681116903436,2024-06-19,18.706081361125705,13.230562754703293,24.179859249923908,3.4308761237529932,2.869637110750239,10.840824824997906,59.41587273349847,955.0327599179219,951.8173715574085,7.619622496654556,2,6,171
156259.463,0.1043882750371224,2024-06-20,17.82207008026784,12.35316208219046,23.300190904043987,2.800619601821741,3.1149740160018693,10.230599463268602,60.556330079623635,958.0339425782328,953.7539535013043,8.670285334732636,3,6,172
203714.026,0.1382865649326501,2024-06-21,20.07583815792551,12.103813693390816,28.052522250125683,0.01970669452779645,2.2543933126744706,8.17767919178288,47.95747927496658,959.8656397912675,956.8371304481977,13.089348937862704,4,6,173
177058.515,0.129856056016896,2024-06-22,22.403287947816484,14.283728521600521,30.519400549747417,0.015618235414009616,2.484434273862824,8.950322397474157,41.29685659498578,959.5604616747286,955.5129945266306,11.297141352226397,5,6,174
152116.098,0.1125262582305911,2024-06-23,23.853817796734244,16.56420185577334,31.147293038206904,0.028186096638395785,2.8557016843048775,9.19335414719111,42.7411030597176,956.2338077536625,951.5997047868701,11.839685714245768,6,6,175
193716.86,0.1340905523443013,2024-06-24,24.49203007914882,17.064860328552243,31.924036063730007,0.003070143564952374,2.5383379371219137,8.555004849528475,44.62891823918159,952.7002103843528,948.5117278132269,12.766970528016277,0,6,176
193514.861,0.1314150514114399,2024-06-25,24.86134343540557,17.27844573630809,32.44194316013832,0.5017010642298598,2.915217026976003,9.653550979151472,46.842916407286154,950.410282001656,946.7334484156347,12.517768813906827,1,6,177
155911.027,0.1041513979425056,2024-06-26,23.364824417038648,16.778457892676204,29.962019594669286,1.2730780302289886,2.8951072646178493,10.098526261924308,53.44997845951519,950.4837903048777,947.2705822621848,8.979622971373704,2,6,178
146446.531,0.0981997072169909,2024-06-27,23.109911003228056,17.109952186584334,29.11598791161125,0.6291078164770205,2.720253612152485,9.484046133296216,55.108786364500446,952.1131932894164,948.8199752353072,7.554741807217239,3,6,179
124268.754,0.0823563473162382,2024-06-28,21.046169897961942,15.678911568417572,26.406706870774137,8.31842726751535,2.847784976038126,11.251647778912487,65.13067611017966,953.7293698530696,950.2053189345385,6.4056970260241615,4,6,180
105721.224,0.0792191298621762,2024-06-29,19.45639319784413,15.131877459785706,23.777394973304236,0.5755408897684056,3.220138110533844,9.718178347172328,70.89880827830878,953.9053071799121,951.4309961934773,4.576245584914105,5,6,181
155230.905,0.1249476777103886,2024-06-30,21.16689067543337,14.914046485848912,27.417869609432543,1.0192870944010026,2.379300444864704,8.768965241925857,59.68573469795582,954.0995266442727,951.3877770461419,8.918335555649787,6,6,182
178960.656,0.1165860604309642,2024-07-01,22.051803310165216,15.058949711240917,29.03977611070105,0.2830909276729549,2.7135384731858356,9.318994203805053,52.11861725416854,957.4788187902384,953.2943872427987,11.792238140989182,0,7,183
201343.79,0.1258611970311224,2024-07-02,23.513671766947116,15.808218724722535,31.221181146743387,0.006394116029373301,2.736778745837378,8.90403476272731,44.5005503494987,957.2237338844099,952.6942598164895,13.094400743171542,1,7,184
206229.417,0.1314041632435572,2024-07-03,25.1528792266048,16.584390149433236,33.72113060450901,0.0006006932258699972,2.373061427917236,8.41541512564627,35.30312054803128,954.0653438949498,950.3902738928446,13.20493854113903,2,7,185
202360.769,0.1314377305952586,2024-07-04,26.810889276802595,17.89580218699975,35.72768359383702,0.0006833350061121742,2.284823794067568,8.3249450938893,34.37256147142263,953.0825754011821,949.7794214976918,13.191623825237784,3,7,186
197830.115,0.1261989565307573,2024-07-05,26.946671005517356,19.160559680789117,34.73674762879197,1.0569575300629162,3.3434260583356097,11.277177621653632,37.10827149276275,951.7396005613639,947.5380605038997,12.520811328170048,4,7,187
151679.634,0.1132145775531378,2024-07-06,23.429524548678437,17.09982003456671,29.770091048810503,0.8535034465976883,3.789205352080179,11.469213897863964,51.73595218724298,951.4257529137083,947.689025992672,10.706191557359478,5,7,188
162756.694,0.1298133017893895,2024-07-07,22.021424185074054,14.627347361483071,29.408821290836425,0.03767032321340145,2.8779922443381656,9.441137411080142,48.27339464390527,952.9636880659112,949.8667067310537,12.313342115488483,6,7,189
197908.71,0.1317160365673201,2024-07-08,23.051165368529965,15.0732579328768,31.023755646495818,0.01675744949251101,2.770879648753757,9.30124382620987,43.49384440575905,953.4652902528976,950.7322519923448,12.617071181716707,0,7,190
198198.98,0.1274097092756206,2024-07-09,24.079781357616216,16.523681870427744,31.6356698080073,0.07284419919767753,2.8893204703507083,9.757593451046137,43.44437222606455,954.2886265831621,951.0179147357827,11.89966044777665,1,7,191
206135.379,0.1337762231173576,2024-07-10,25.678395952978534,17.428837871388673,33.931542609058205,0.004097131575663844,2.3577686744859987,8.253058929049123,44.6358410963135,956.0431584167435,953.2490339356898,12.96132605083596,2,7,192
206358.293,0.1248424848806309,2024-07-11,27.07117796370407,19.44629495303722,34.69762392323461,0.13095607550858684,3.0899012842791436,10.381099193188046,43.255115921497826,955.2702863937874,952.1363097646564,12.8331614789015,3,7,193
212186.465,0.1283663132206896,2024-07-12,25.438559981379104,17.905708625775436,32.9691997119995,0.01675238929518301,3.0463209701797496,9.689987695816892,41.17481985144321,953.3114929198704,949.1050568521648,12.860715513649247,4,7,194
190618.588,0.1348550365181328,2024-07-13,24.24295419965896,16.841673651916228,31.64687821533171,0.016033317064700965,3.235281585867779,10.088842406614711,43.6606259469047,950.4350494131481,947.3365747299852,11.866913216355275,5,7,195
174513.465,0.1325683827407782,2024-07-14,24.285832341918486,16.26425028801973,32.303863939906094,0.08636013487727215,2.8670607653001308,9.57714055960116,37.43873304995004,951.6419564656211,948.9622279377113,12.540267167804565,6,7,196
186625.652,0.1169170977357591,2024-07-15,24.356770258317045,17.147243499442304,31.564661822073504,0.09602452986152633,3.4024874595321055,10.637559950505972,45.319284953304496,953.5148697434804,950.1066258838803,11.616778274584094,0,7,197
206533.202,0.1340169323372567,2024-07-16,24.432819909150698,16.093292102263142,32.77216627355721,0.0002058872858041381,2.3815839068199156,8.462678405470587,40.52276188746449,954.4667645029726,951.1143822653695,12.922467461728747,1,7,198
197799.773,0.1246138230202718,2024-07-17,25.616484693921997,17.043207380296646,34.181949574802836,0.0,2.761957245749204,9.054532609588685,41.52682939264786,954.8744236678065,951.797652171638,12.464331231772274,2,7,199
154455.584,0.0991464644706009,2024-07-18,26.879163515471703,18.636829408411888,35.11881371754787,0.02702378989780862,2.098824204453202,8.373490974184508,39.57747317440712,956.1622550538424,953.4628532586296,9.130357126068553,3,7,200
197679.997,0.1225017582361333,2024-07-19,28.55153760497755,19.844327325991863,37.25397467029538,0.0032007892357504616,2.4413193849952677,9.329627704359552,33.402819422433815,956.595941613202,952.4346714368335,12.398774827020764,4,7,201
187884.273,0.1239336939790408,2024-07-20,27.152365563575177,19.32209158952923,34.9865889447765,0.10949511409018405,3.5845309479670333,11.742670131559427,37.474875460166665,952.578826841523,946.9567537645729,12.335999737539671,5,7,202
177048.819,0.1196691833970133,2024-07-21,25.02412777834429,17.711510714797974,32.33743583146255,0.04352856357298055,3.3084771089919283,10.121851165468243,40.82029748269604,954.0309456367908,948.5995402753817,12.879060663630687,6,7,203
198185.098,0.1281390846806352,2024-07-22,25.881269945744513,17.08073149601057,34.68306248695118,0.0004430730967151214,2.5546032541842005,8.563412680172966,37.336428349481,956.4497438149737,953.4248699531516,12.950304958604542,0,7,204
199344.095,0.1229137818067776,2024-07-23,28.25136858665878,19.226283321669378,37.279405234053556,0.0001803917742620393,2.3406911029966153,8.142556819721024,34.20626324286629,957.228581125825,954.518886715931,12.965061274788255,1,7,205
198606.011,0.116766243955594,2024-07-24,29.437158717393995,20.485358775227166,38.38477501079388,0.007761382534840175,2.4969324225154943,8.796851765501172,31.467133815619814,955.638516379627,950.7079615299533,12.803249178538197,2,7,206
195801.489,0.1202154273792205,2024-07-25,28.32664138697965,20.19900763109026,36.4570289935153,0.10096886903366499,2.8223751460407636,10.043589881431682,35.77766174068883,951.5456004095271,946.117241329687,12.456447129945133,3,7,207
190828.424,0.122729327739735,2024-07-26,27.33806155452788,19.382002734120963,35.29517062561387,0.10601687401327667,2.574800804491381,8.981604057030156,43.38682541523584,949.8694746890818,946.8548742249551,12.085543055987404,4,7,208
189099.234,0.1270027893794053,2024-07-27,27.622413172372077,19.683435985875498,35.56009571461741,0.11208488959724029,2.5709327767438483,9.102478627124517,42.98953972966781,952.0100504487768,948.7127614015777,11.730526117220307,5,7,209
168004.677,0.1167569166484234,2024-07-28,28.029065557676045,20.155104671205518,35.90520086909028,0.059216553620237374,3.0389422452296277,10.560915784312785,40.338419705566444,954.0956865510246,950.7953181741516,11.21168105847849,6,7,210
124691.807,0.0789856654667776,2024-07-29,28.96078598619485,22.088952348943938,35.832872128165086,0.6756613203450335,3.2114511217241297,12.938891035438413,41.07824897054437,955.1305201744696,950.6416474314977,7.161407300934958,0,7,211
172024.232,0.1016429391645825,2024-07-30,29.039817971230928,21.74688388289548,36.34266273699279,0.08488375917342494,3.338501856068501,11.413018127249446,38.81084147815979,953.476409496722,950.0346287584106,10.936778133219878,1,7,212
194405.499,0.116218905426358,2024-07-31,28.47457902392381,19.905707798477184,37.037304989990254,0.0003187150561316533,2.5737983182813466,9.28496623457297,37.002422530646164,952.9829048493037,950.2981681732593,12.455370629741573,2,7,213
199249.105,0.117050813693034,2024-08-01,28.36041411067926,19.820936057770684,36.90208042033289,0.012583023094215039,2.7908650871996294,9.512061142379972,36.38171512943964,952.8740045360106,949.4309504543515,12.39974789570416,3,8,214
190920.762,0.114139270848056,2024-08-02,26.230766800725718,18.69092149679945,33.76207623573091,0.5201407325330522,3.3076900663082496,10.910379137306764,43.433021512216754,952.1347169349067,948.8742299945085,11.89275621358577,4,8,215
193614.009,0.1299654165300987,2024-08-03,26.803745190810726,18.408364409261406,35.20056293226502,0.00043862215874407605,2.3723187187144137,8.63002736296807,41.705335633463044,952.2907314261188,949.3554874034679,12.396895728341427,5,8,216
192284.888,0.1378375363736004,2024-08-04,27.876698119897625,19.422734669903512,36.32968412042892,0.009085299935612223,2.262347481422496,8.321237272646234,38.769018823761655,952.3885364894879,949.0285141822637,12.27092423412324,6,8,217
192773.616,0.128742756617715,2024-08-05,28.379119171685964,20.083219734348635,36.67677008803053,0.06066556890997325,2.6341258580104556,9.436222327278067,37.27645340156836,950.8188602649874,947.5969801364627,12.13284550882155,0,8,218
191765.998,0.1231105999690117,2024-08-06,27.77960559594964,19.45144274312834,36.10877936123747,0.06415366808637638,2.555150743196812,9.110243500394438,38.92165984459739,950.8919418887166,947.6729723439581,12.020601573078459,1,8,219
191647.247,0.1222158304589381,2024-08-07,27.885785327614393,19.51263096504299,36.26484077172653,0.0028988776392821886,2.4603961870325546,8.802482973828816,39.16989222177274,950.652002040475,947.5775081924938,12.086114197652458,2,8,220
192908.392,0.1252574833470667,2024-08-08,27.98603967948,19.71456085435633,36.2560057495143,0.0006018550868207379,2.600787301819258,8.842926384456664,38.8653384662446,954.1794100244505,950.7992975604269,12.065035402717498,3,8,221
190796.006,0.1234294010940876,2024-08-09,28.569720056808496,20.093024617908466,37.043521799014194,0.00028686754672183784,2.3921426953149645,8.728178197673069,38.81775262474749,955.4879036569637,952.6501493809661,11.920581525706629,4,8,222
178461.883,0.1219816297084501,2024-08-10,29.156785713185283,20.936815677607374,37.385906100364615,0.09320999516483162,2.926820045770871,10.25437317002014,35.05711794037961,955.0828940397322,951.2156628001959,11.939420818743786,5,8,223
167871.261,0.1188627775503602,2024-08-11,28.703699661206727,20.957685274788467,36.45495092924439,0.008506604972151343,2.9740874710377807,10.22534297920477,36.85174953172732,952.8457324425688,948.6696492949021,12.061084716665604,6,8,224
186059.756,0.124451959665895,2024-08-12,27.62558776674732,19.971032726695693,35.277323337235316,0.7993434871915588,2.7427251054610164,9.944051833571633,41.90392622177278,951.6125102442621,947.919068633316,11.719370275972736,0,8,225
148355.09,0.1036865335885219,2024-08-13,25.036423772065017,18.49785989781888,31.573687133734804,1.912644952027039,3.12954929156861,10.617564367716753,47.43308357075251,950.5368851862305,947.3728658009536,8.352845398094736,1,8,226
166404.74,0.1100192163319339,2024-08-14,23.785869412456353,17.033567283382997,30.540338422444986,1.1867568785256095,2.8289741716201835,10.552982512336245,50.49058574086693,953.0438804972083,949.050405231072,9.983939169298841,2,8,227
171053.657,0.1224151821157099,2024-08-15,24.06358364869326,16.620330563459085,31.503549981992958,0.39895801704479955,2.7012159857824796,9.056584347252272,43.76052244407239,954.617661951523,951.9111142408173,11.758989225659722,3,8,228
187199.185,0.1345576243867595,2024-08-16,25.299383695052143,16.982452381754154,33.6138131429976,0.05682728387756396,2.367740375860825,8.319343803671291,39.699170970168325,955.6084820220201,952.7827359493123,12.147945945117172,4,8,229
184720.068,0.1347773022235933,2024-08-17,26.6662884151014,18.026430109009247,35.30796536718039,0.06282452949689327,2.4239155849008367,9.049668827964064,37.62595554645792,955.1271526436932,951.243714719178,11.617540965160048,5,8,230
173475.123,0.1238454301556274,2024-08-18,27.11654202597517,19.51617560909233,34.71009749509034,0.03169634308835386,2.886634372504163,9.831652569680172,41.41248621083449,952.8611684342628,949.5595365878726,11.79091980067389,6,8,231
185105.469,0.1252374083686911,2024-08-19,26.74791270968628,18.972514771109147,34.522128678205185,0.001898828934982153,2.639216002499677,9.193113407980048,41.1431288013091,952.6164158160079,949.6393223808607,11.968360150503269,0,8,232
176812.781,0.1212544495760415,2024-08-20,26.82018064951381,18.770620293931024,34.86988645665976,0.03254094986150604,2.4309328296027393,8.675523733335776,42.162536851798095,952.7296428933317,949.6585792588692,11.526185552285023,1,8,233
165290.342,0.1088102366289062,2024-08-21,26.992142873746545,19.61186217535312,34.369351483910705,0.6058966755509699,2.7962333563377038,9.99280535956436,46.69204370568007,954.289723830316,951.0101344146041,10.34203593448628,2,8,234
172765.572,0.1190890412299281,2024-08-22,26.728548330756855,19.20317496603678,34.249976858167706,0.21968318934115616,2.4937202837488166,8.867968540138477,46.68623383797617,953.0266663543853,949.246114268953,10.49761547037704,3,8,235
173781.189,0.1180875090760549,2024-08-23,26.347911787617956,18.180767312081343,34.51089927474446,0.8324850382302948,2.378639527287716,9.663796688301371,45.81300346758111,952.4959326292969,949.3056148727175,10.779686793818266,4,8,236
164375.098,0.115702711274957,2024-08-24,26.713597525048453,19.045402968485327,34.38208411459665,0.25175327812570786,2.6995001446679185,9.635800003409791,45.328455738068165,952.4782243812153,948.9137494979672,11.147699215813482,5,8,237
138045.164,0.1008020737987575,2024-08-25,25.836120139190193,18.88236972963418,32.786319181465146,0.6693515919493762,2.7156979218913904,9.443331308482422,51.85525600207626,954.9643613812804,952.1229688250709,10.242013394157997,6,8,238
167691.771,0.1120062522620345,2024-08-26,25.706159234828743,18.685943910407175,32.732617950752804,0.09358823596164778,2.430662228492836,8.390440871401587,51.47566112099535,955.2833032361998,952.0606046767986,10.434536838386487,0,8,239
172085.446,0.1127037990136228,2024-08-27,26.46909042057466,19.183283493026277,33.75501363784092,0.009589525885444173,2.2486571771716983,8.254132701268741,48.833237303098315,953.970842295308,950.5646170115984,10.990547035442662,1,8,240
167968.766,0.106405349998692,2024-08-28,26.31897454866466,19.033029317847305,33.59640970353165,1.1732523455573471,2.6972398557175663,9.554230710842054,48.91875113660631,952.5398781735303,949.5923684768013,10.64856370962058,2,8,241
132294.327,0.0839898304637839,2024-08-29,25.01212614473462,19.293394558168284,30.724189674230438,2.7199084106890696,2.6104552220358093,10.460870145546465,58.707472851512435,953.9244010601296,950.5503960065535,7.15203934864536,3,8,242
144209.393,0.0915980555322101,2024-08-30,24.977858568370728,18.599763357601343,31.35353223777001,3.3646147445925667,2.6047612236527415,9.84612581328578,58.71699225384772,953.2364987128441,949.6238434516758,8.228030464873013,4,8,243
127947.474,0.0899412454648226,2024-08-31,25.06900943862749,19.319752719134144,30.819958900373013,3.0736448433022847,2.79747955337351,9.835192886646043,59.501439273455354,952.8062198667064,949.7876680579733,7.317623340238616,5,8,244
149532.444,0.1155338519022051,2024-09-01,24.54860054574744,18.47463842719003,30.63349913624631,0.26450113719359614,2.2067119670119384,8.10705144047592,58.675783017338055,952.6114249722939,949.6137963712806,9.05864493720097,6,9,245
157421.01,0.1060998875167779,2024-09-02,24.473066029961455,18.108563077287172,30.841388245475606,2.482718477504244,2.4727213773349064,9.425465945066874,57.19866092616173,951.8842781913177,948.3754561433367,9.494940027704736,0,9,246
153992.303,0.099086908011937,2024-09-03,22.898711323358803,16.72079870703775,29.068254892506687,3.8698202828648447,2.6265081323750574,9.56336597973348,59.430020450047394,952.5194979420246,949.7596402742005,8.971163050421795,1,9,247
156448.096,0.0999449136794757,2024-09-04,21.8753894803498,15.491255459432812,28.262120533103708,1.0792855169335938,2.6137786008537023,9.588174896939085,54.81593915068314,953.1482928755058,950.1491992983587,9.135279723734504,2,9,248
155501.653,0.1069280680500759,2024-09-05,21.58355746160215,15.079708692431067,28.08760276139038,1.1764805321111764,2.774789187242767,9.88307341148613,52.51490613735255,951.6366789583208,944.7693749471832,9.332182039924016,3,9,249
175331.401,0.114863844004299,2024-09-06,21.004166302618504,14.869675381200416,27.139991210171498,2.056589492901867,3.1669052724076976,10.566190976976777,48.231010697890696,946.979188768001,943.9393924682712,10.223650201736886,4,9,250
150231.556,0.1126249192183399,2024-09-07,20.179518328821008,12.777636869860645,27.5820330341682,1.0569575465055367,2.393850297554656,9.732053440523845,46.23801415696746,951.2817556364059,946.4583868732474,8.304214297477058,5,9,251
152576.334,0.1156955175928717,2024-09-08,20.947955557090673,14.45403331169703,27.434367074171536,0.17781488695082284,2.860993929942331,10.140982642435295,51.752335229453585,955.193970396218,950.2662981265851,10.151781266367044,6,9,252
180718.754,0.1200600686083182,2024-09-09,20.997233500432994,13.236934686914555,28.756158968866114,0.0122570508536821,2.280916545348197,8.178693731937827,46.90652464021887,957.2523324899888,954.2905442733735,11.159939665860247,0,9,253
172454.528,0.1131937628811628,2024-09-10,21.57640253776482,13.669457991393381,29.478546810808982,0.0011880650890868322,2.2211167264576384,8.259075357546653,46.682314025151854,956.7858203287791,953.2271002011012,11.077742961866331,1,9,254
162906.493,0.1097518780603881,2024-09-11,21.565265922330298,14.194033988011965,28.931139381498575,0.15365535834268615,2.6190056176696896,9.296537118825436,48.638695539439816,955.2056251456144,952.5091105158239,10.225783989574621,2,9,255
152844.649,0.0997920469860465,2024-09-12,21.416215377283237,14.605315905901875,28.220553099159254,0.12907689773074704,2.9994497679759085,10.090052153488793,49.28181429597507,955.4951213733101,952.0275622007541,9.70231062613072,3,9,256
152152.129,0.0974734734634747,2024-09-13,20.221320197019267,14.015104320148097,26.429271732653206,0.09914637713018853,3.4498772373722297,10.71828088593683,48.65860892550439,958.3959813307093,954.0644585232876,10.117112176963122,4,9,257
154599.572,0.1158737982321111,2024-09-14,20.335245765501245,13.192579279489754,27.471046945529263,0.013041336295474241,2.510005216972221,8.702249190781327,50.29936003347367,959.6267547673159,956.7159853284438,9.942127684859646,5,9,258
137847.116,0.1041543025392377,2024-09-15,21.506115468321056,13.378750500597112,29.62795941240302,5.176986207381715e-05,2.1718659245815193,7.975314397838296,42.94822838350154,957.74969967611,954.0239012970142,11.037929513562633,6,9,259
159796.042,0.1028583204623576,2024-09-16,21.73191370471578,13.337172485548182,30.12604093209068,2.7200945903550477e-05,2.5418672232537936,9.071412080502284,35.41681311932688,955.3271162855901,951.2658105841086,10.725558691751738,0,9,260
144442.725,0.0950988336803697,2024-09-17,20.1986087920123,13.473002323759177,26.919750661153003,0.15623157991418377,2.823039295272481,9.5936297484221,47.16213965324608,951.5265481956612,947.5011868441882,9.540479929876907,1,9,261
131600.598,0.0900014702453003,2024-09-18,20.236252578775638,14.36823900364981,26.107813243186985,1.1685106068829747,2.499808328732686,9.064702125164853,60.621437649068646,951.5020823336185,948.8857199135888,8.149528277548907,2,9,262
96407.966,0.0674149603099595,2024-09-19,19.548854391272897,14.715455505342053,24.378379744223942,6.485379023498684,2.27264888206385,9.123965716717082,69.27831702365408,951.2278976001139,948.7682545655675,4.609750402103779,3,9,263
103620.794,0.0728196013865324,2024-09-20,19.415272228742886,14.730097691291224,24.10078237621053,3.4961416800391225,2.2736129251020247,8.376187235471747,71.59681053551085,951.6611893281727,949.2063632728316,5.348083021351045,4,9,264
98540.958,0.0753785151871162,2024-09-21,19.625294093589368,15.53397864531971,23.72566415147313,4.77079779356074,2.568570775695395,9.408601879263196,70.88647174492529,952.3175868362478,949.3581622793168,4.928353349809159,5,9,265
123555.532,0.1024575283717153,2024-09-22,19.245318434089228,13.893194106839024,24.602403295804308,0.32548600666151345,2.096367368133635,8.251692978247233,64.26740735238342,953.3527177496884,951.0690415285256,7.6172236654211485,6,9,266
143874.766,0.1061505868256719,2024-09-23,18.678988356672,12.649210996131753,24.71640308671276,0.1311711492628664,2.2355037198724133,8.493044996496177,57.88558956474942,953.2143004130895,950.5701469356657,9.48655577722883,0,9,267
94162.193,0.0714844158637065,2024-09-24,17.332139511051388,12.097793409609256,22.566329469207634,0.8317009623531083,2.2928191100834994,8.249975471926868,59.230308235372924,952.9816527056365,950.2976117002545,4.066645009117402,1,9,268
86295.915,0.0596376282390988,2024-09-25,19.507891702935407,14.786535282657464,24.231998418336946,1.720817996674549,3.1311695770217116,10.358899483329974,71.62476022391017,953.2355973719204,950.7654661974505,4.634018329115231,2,9,269
100411.951,0.063342599807855,2024-09-26,20.678672644129627,16.00264741853019,25.356838160185138,2.108622104492455,4.457981270532719,13.527588561808836,69.62723303186284,953.4093844774728,949.9563846773012,5.88262297276492,3,9,270
131818.742,0.0899122910258499,2024-09-27,17.29013329881529,12.04647089415112,22.535036642813346,0.16728198133096372,3.32755220728027,11.044299297524004,58.480632766721314,956.6436565663282,951.3948795453941,8.77781664366859,4,9,271
139593.079,0.1110163873640322,2024-09-28,15.869693664770706,8.932615335146298,22.805304273311908,0.02358232912409454,2.343202553198343,9.052387288432891,50.06843558114596,959.3245732975284,955.7236876244743,10.16209812182059,5,9,272
129608.649,0.1039996129225814,2024-09-29,18.10194822627885,10.056041561097706,26.14813344904464,0.002476469042824628,1.9179331097344896,7.163617677467075,50.61602621274122,959.4811090166236,956.4276958392426,10.555909504839338,6,9,273
157884.573,0.1167043546949396,2024-09-30,20.07841034837579,11.716889994955194,28.439496382482478,0.0024481246246126284,1.6499913003869544,6.286336734474194,49.771975056588396,958.0161720582357,954.1529930753935,10.582044011215322,0,9,274
136439.712,0.0952353133309567,2024-10-01,20.441632120971477,13.127673247839628,27.759586128763413,0.3497470482840603,2.1729204037516663,8.360993684265926,53.65706214561132,955.102181173965,951.1465719827702,8.505426590823753,1,10,275
95716.0,0.0618014810702081,2024-10-02,20.352818069019722,15.31231729007872,25.397612620840274,3.644546015564464,3.287351150770477,11.764480775748115,67.90816579533947,951.86033634572,946.7113420172876,4.494579188609757,2,10,276
130731.828,0.0827252400272529,2024-10-03,19.773341174179706,14.871998045861249,24.683931526742636,0.09375749203902302,3.209048053055687,10.753607074758587,63.07635462603052,951.3005164554364,947.2460362275281,7.935803636957946,3,10,277
138788.63,0.0934491331894955,2024-10-04,18.6140198550847,12.326667667416755,24.909889706781147,0.007644113422906651,2.130274123943283,8.15806454404602,61.75632688676545,952.0821841147693,949.4772554675607,8.742779177386172,4,10,278
119062.048,0.0892901142996246,2024-10-05,19.331688969365135,13.063692417574696,25.606937624158792,0.3272144526801326,2.3903774055248888,8.85515893550459,67.07136550736682,951.9145336441857,949.1888299385836,7.821553456031115,5,10,279
95138.176,0.0732040514739578,2024-10-06,20.874972802151603,15.667407153032949,26.086051452960486,1.8213589991635695,2.695349882283058,9.510817625251207,65.48020264425689,950.3533744062081,946.4032578675656,5.831721602964702,6,10,280
61660.256,0.0428637926461475,2024-10-07,18.78236075796365,13.89643500798103,23.66783678127592,7.56663499626934,3.3784493932823967,13.998125169396362,71.88606625268477,947.1721592091376,942.1869941117125,2.8349972329145015,0,10,281
85576.916,0.0573990739348527,2024-10-08,16.891572420761396,12.90574824453447,20.881184116827566,2.424151036281146,3.4002417021527775,11.355484531224574,71.52945362091805,949.9067211752081,945.6232257065017,4.537266608592769,1,10,282
65432.668,0.045140599251315,2024-10-09,17.62928948645995,13.414847954272775,21.845443337939855,5.9785511193787135,5.4955890030561845,16.85836641354809,76.5730046800068,948.65278713052,940.562766045212,3.415043839133436,2,10,283
122762.275,0.085834143704924,2024-10-10,15.674574947195547,10.741999487681495,20.604961880115802,0.08528747815450488,2.1226826010454234,8.715178137287147,65.6499477253632,951.8640138123197,947.1840002752562,7.231102527269853,3,10,284
80361.155,0.0605677678733532,2024-10-11,15.214001874754445,9.975760714570297,20.446084553327818,11.13098083700854,2.4778963613414207,9.349569739832873,72.95473008161333,952.2519608355512,948.5649166485836,3.7639015608067328,4,10,285
43889.038,0.0359775764860161,2024-10-12,17.255663520972607,14.136231722293989,20.379260700843542,13.219999210482106,2.6214141442352603,10.110293076027169,84.26411662419181,952.2601108527102,946.6267974636036,1.5671901623716205,5,10,286
88442.224,0.0797537839324203,2024-10-13,18.422975186623813,13.741400954189487,23.107835002742807,0.7134022655522374,2.019818101994328,8.038894163778552,78.30107145338305,954.8837217552124,951.8261964573277,5.252536594879963,6,10,287
67501.079,0.0516486557420309,2024-10-14,19.04289075855801,14.6989458034532,23.379272707796428,6.608036695261195,2.0846831737810585,8.497177692799802,79.49058619201791,953.1741031208077,947.7972489173582,3.125459526400148,0,10,288
52094.204,0.0372689373031574,2024-10-15,17.884987176967254,15.282675991327004,20.48067807192304,18.334609044759834,3.1238396468429195,11.788580484162024,84.52814611817098,949.115775461926,943.864705393693,1.6569392052300367,1,10,289
85163.545,0.0598270039730853,2024-10-16,18.093450721242284,13.827579773108017,22.360052285136078,11.059940796500799,3.532284563582685,12.745914859019987,82.1301260098364,950.0158101050265,942.6934273934169,4.578116377483386,2,10,290
92643.577,0.0632405500586093,2024-10-17,14.62674085849935,10.925632796952396,18.324812716422926,2.678076486569161,3.9267985460556725,13.192538687682351,73.3874102937511,957.7649196346179,948.3661809116705,5.4776339057254875,3,10,291
107693.656,0.0718076087733055,2024-10-18,13.907790673221966,9.242835335787412,18.568691935690946,0.17346017659791807,2.5729130173685437,9.2322952975679,71.32904835512929,958.7811720490323,956.0069633673768,6.584303672477855,4,10,292
97704.14,0.0775083521626884,2024-10-19,16.364184978188764,11.506580513814288,21.218391098322535,0.049634181837589324,2.0546984356839646,7.785472327127951,72.82486580042062,958.5426307309071,955.6950810785785,6.396735579046101,5,10,293
103222.272,0.0883452018616726,2024-10-20,17.399440036420177,11.479049089915714,23.316101582928162,0.017407548008343484,1.4161250823820106,5.729076233434977,70.74817421995536,959.711416169481,956.9240176128521,8.304668620246437,6,10,294
129539.688,0.0957639012020332,2024-10-21,17.767935883656147,11.331267348503825,24.19985625348147,0.052666943529081744,1.546813122515102,6.155391311856399,68.33509174053088,960.2848935507815,957.6665225253136,9.24530889934416,0,10,295
112170.178,0.0782231369482008,2024-10-22,17.414691659196425,12.33844456570808,22.491915737542136,0.7704469172592842,1.9856066070307643,7.148498493759025,71.78144384610778,961.5728766700356,959.1694554562816,7.133471085036062,1,10,296
115185.554,0.0824463480992891,2024-10-23,17.25708102832786,12.57420616244789,21.93619016746452,0.36536083533835856,2.3309175474580712,8.05940808516004,73.87643233236884,960.8701952774964,957.8731662929526,7.184001864961577,2,10,297
108440.009,0.0761086762013938,2024-10-24,17.17164807766169,12.187782162742284,22.15622793862934,0.7772777964296789,2.1292242262105514,7.757202959930769,73.85548414237869,959.2132394586586,955.2861232548696,7.448469279458152,3,10,298
69667.916,0.0514388177813802,2024-10-25,14.479685252923359,10.011689341336572,18.947012726217327,5.903446155067562,2.669947839211947,10.189116740378871,76.53444999556335,955.9847626222239,951.661993597203,3.2202325620502146,4,10,299
74080.699,0.0576855645456091,2024-10-26,10.359106349906543,6.8795627680737494,13.840225828188018,4.962636991475225,2.4991273356392014,9.297133214785923,78.76351441473888,953.4540293639511,950.0426104371825,3.8964934452847335,5,10,300
76300.989,0.0620526885623265,2024-10-27,9.915716195857359,6.280099087320436,13.554145549147067,4.634045833666778,1.9553532567886034,7.773827012392215,79.18104796693329,954.1298560242038,950.5309369414903,3.84712582104808,6,10,301
96100.733,0.0667484226506056,2024-10-28,12.397406285934673,7.678545653949861,17.121766503855877,6.702772552785437,2.7874341546745933,10.899296597807098,76.81958532895456,956.3816666996846,952.4703384342085,5.199028307049455,0,10,302
34795.676,0.0235540471991867,2024-10-29,14.195914645297552,10.535251968865715,17.860813794883878,20.08966734364033,3.984858260832361,13.903628990132566,84.35410708692793,952.2118992379787,946.5339832836862,1.660508858296355,1,10,303
58216.17,0.039257394734762,2024-10-30,13.512152532177666,9.680262914496575,17.345230561862056,8.44441661791283,2.8174976483691303,10.376328088963255,81.19117060367014,952.8972730880279,948.4290252571773,3.653871888947667,2,10,304
56144.009,0.0434696987360978,2024-10-31,14.599776775901459,10.98823505048859,18.205606308402004,7.047213346258468,2.2947226937512526,8.172325190086783,82.10738482614025,955.3890872660912,952.3033033221476,3.035570769421958,3,10,305
76258.206,0.0658283756693035,2024-11-01,15.69162682660337,11.808227919406317,19.57516965410028,2.4730815644737962,1.9451418985470166,7.57476838660914,81.06288446048134,955.9546622725195,953.5001415063666,4.654594051645083,4,11,306
99650.826,0.0847618073120507,2024-11-02,15.212353614599952,10.565600432698142,19.859072278865746,0.6885896100728687,1.6950268962689805,6.581698538850603,79.30569349794946,956.2690753288572,953.4262706233874,6.523532839999508,5,11,307
95329.315,0.0785572206559202,2024-11-03,15.18466313470142,10.704438954696803,19.662782733972684,1.4113020603365372,2.6043374342148238,8.90201147637219,77.31821264001992,956.7173635319082,953.8440217329141,6.593119742625692,6,11,308
83857.962,0.0630423740887458,2024-11-04,15.962567294268213,11.6859981453282,20.241372695321164,0.9237804998700939,1.9551195328539617,7.402546805129758,77.59904986454642,957.4195241858946,954.3292212651252,5.289847943856523,0,11,309
92265.336,0.0696458461271679,2024-11-05,16.213527101111914,11.563354440488354,20.863219676101906,0.26718361730592866,1.367318375252223,5.551391882511951,78.66267750678854,959.8634276393192,957.0753876669532,6.699549422721122,1,11,310
110960.499,0.0825705015896841,2024-11-06,15.895034962886758,10.442610051245511,21.348164449345045,0.2613688550824557,1.8348634904377423,6.597083350279798,76.37408802444422,960.0368942035053,957.4282499230126,8.018245094302934,2,11,311
101903.668,0.0758193565802192,2024-11-07,15.533838798340415,10.625740103142691,20.436935303494227,0.19454830306319357,1.940259063706122,6.816078782529158,77.57453388572124,958.7038412344493,955.9761193072012,7.137819687367041,3,11,312
52745.731,0.0394062584692491,2024-11-08,14.59923684066271,10.71266954679706,18.485845648153013,0.17901259698388125,1.7209232747466552,6.850530421193455,81.77137008083729,959.2663751851999,955.4341692199646,2.2853558914583734,4,11,313
80468.325,0.0610315007659904,2024-11-09,14.64738979878447,10.049878047287796,19.237696203371268,0.2539353203740585,1.7473535274717262,6.739500330093239,77.95733559142488,961.5999560645689,958.7410121585939,5.071317854221547,5,11,314
99799.671,0.0739846782623101,2024-11-10,13.94966743944926,8.590119891980201,19.304367561800603,0.21867777301880215,1.9338850724706762,7.262769149325266,72.94239641036306,961.9239853536398,959.2040664066054,6.791867262727229,6,11,315
101895.087,0.0690247542493575,2024-11-11,13.663983835751928,8.701614530255064,18.62274145210828,0.11080431075671897,2.312811642791242,8.363870438278633,71.6727061143857,961.774582299129,959.313986787839,7.64645391451037,0,11,316
95810.257,0.0626299814579276,2024-11-12,11.511120493423025,6.394830978518365,16.631404285592353,1.6877402457174884,2.5085735733379053,9.526540683754547,67.78970693057659,960.2543265382405,951.9041731237076,7.117591663231386,1,11,317
41521.963,0.0287299296471052,2024-11-13,8.521843227970738,5.281123966786235,11.75971555162458,8.93260437736846,3.1208128929203207,10.67998553006078,81.86172465528212,952.3843594821367,947.5618513193413,1.825149298225956,2,11,318
42826.743,0.0305696349276727,2024-11-14,12.491859553621556,8.639286495076409,16.344316218746254,2.84834168390394,2.8207294614017444,9.527232981196995,83.19144181592918,954.4032035604577,951.3388350360967,2.4956186136227614,3,11,319
64813.74,0.0477084292427701,2024-11-15,13.666631321030911,10.094209269601578,17.239293810246814,1.4073891627241002,2.973318915152419,9.70196238353553,80.70467577814009,954.8582736207482,952.5944840344649,4.401753092601993,4,11,320
68964.955,0.0579714322916513,2024-11-16,13.797218237090402,9.626631870938466,17.964551509807013,0.32571278513587304,2.596207486879334,8.826090336382531,78.5206705395388,955.89259669833,952.8148535873165,4.543930327489725,5,11,321
69170.248,0.0622591877796113,2024-11-17,14.049061764590489,8.720495237301462,19.376421210696048,0.1251230310770826,1.819810965455042,7.519361384860913,74.99726386862159,956.2618336922486,953.1624286616005,4.7816115597242,6,11,322
91486.012,0.066415481547046,2024-11-18,14.06743781736525,8.673178266850751,19.470300391585557,0.18660630837039419,1.4000547596758492,5.446670037390709,77.24327020002083,956.4342486164485,953.6657242600551,6.773579364537275,0,11,323
76947.102,0.0540512082351973,2024-11-19,13.300337954014358,8.452853980540894,18.14466856642616,0.09947126263062506,1.8505708641906615,7.330936180401522,80.84753627793994,957.3320485703443,954.0726844488412,5.7030099171017214,1,11,324
86327.885,0.0542938576672222,2024-11-20,12.91390902141539,8.848976992505953,16.98523804970562,0.28883188786133585,3.277842978684784,10.186086089034081,73.57506714457956,958.0048418346436,955.5138036353276,6.739091440325756,2,11,325
44309.895,0.0263639483472301,2024-11-21,12.155995608386922,9.25223642029699,15.056090277074695,0.9809598992069762,4.133334270531848,12.361645696191639,75.63464080523073,957.1233785464613,951.455739315821,2.9194175138187166,3,11,326
60502.094,0.0402596123581212,2024-11-22,12.23168436306484,8.87776537630985,15.587860006207272,0.46611785090478125,2.747841291930688,11.044055390628108,77.47738851674532,958.2557560714715,950.5786779624176,3.555223215734012,4,11,327
81593.619,0.0659736939497693,2024-11-23,12.920539189074493,8.151649052921071,17.685541838486746,0.0892495955518693,2.418813002279043,8.256227485707113,77.94243236595948,959.7921981482971,957.1749454731406,6.422743359538347,5,11,328
53668.4,0.040715659428911,2024-11-24,14.122752839851616,9.613915532511305,18.632555496576312,2.6406611301722904,3.8216657822357045,11.855263644675048,68.85224519171467,957.6615020934412,952.340213419018,4.255767197147515,6,11,329
56618.94,0.0383631868477204,2024-11-25,13.301405744696872,8.058770626376228,18.53023535794306,4.026154597468126,3.544517448076473,14.359479849610736,74.08667364379703,958.774040536421,951.2739205293482,3.377818168771198,0,11,330
65749.432,0.0457323904163618,2024-11-26,10.309934961023078,5.8996463144122755,14.7200538983781,0.0206850818632358,1.3112956004237744,5.335048399302024,79.41824376076832,959.7422162669357,957.3002790881449,4.139835304986228,1,11,331
94448.549,0.0668607651164576,2024-11-27,10.584475076260428,4.959890324325815,16.215453639590223,0.030314817227652613,1.3466879014290514,4.982573491216149,78.58050358547798,961.322521146198,958.551980135878,7.307242875196203,2,11,332
89273.273,0.0639685077248904,2024-11-28,11.424944729014477,5.482890559815662,17.366696103211716,0.01799806574407718,1.7546899594322085,5.755183384648763,77.74735946128004,962.5765306873433,959.70910721092,7.259056395628035,3,11,333
71183.002,0.0511096623008084,2024-11-29,13.334812498823965,7.472224394798862,19.197538994643512,0.015720546518631872,1.6433808610488583,6.195236011354823,72.84899449660443,964.1452147936317,961.2484683485714,5.64055106540629,4,11,334
82509.497,0.066291961157035,2024-11-30,13.849234377603636,7.787343535936701,19.908429896915717,0.02062543195020112,1.3174899983660868,4.885350712044302,72.75222257200703,965.0664208332666,962.2186654872672,6.946733219120815,5,11,335
52128.663,0.044192122326742,2024-12-01,13.191258989412933,8.157024777971047,18.226091583013297,0.23172234409966586,1.4958137150946085,6.36975007717053,73.44080159324497,962.9255401553849,960.09614533061,3.4037743572887815,6,12,336
58667.413,0.0410103816259986,2024-12-02,12.94611511803212,8.105234366974317,17.78132123449719,0.22114002708146344,1.6248086797832209,6.92599263646646,75.36257090613164,961.3018225667057,958.6895570217164,4.03210576983438,0,12,337
62543.708,0.0407696533490978,2024-12-03,11.196766891523243,6.838236365768407,15.549392227321453,0.6986096157673245,2.0641413719876063,7.9998380085956775,80.85530613761166,960.0934041324857,957.1468483941728,4.497381178012136,1,12,338
79196.451,0.0496330690889866,2024-12-04,10.636351366161403,5.929093295967521,15.335729292825608,0.056683408512687355,2.648670989634285,10.398205114094495,73.53037594800506,964.937193885591,956.908440825215,5.687676764609612,2,12,339
87028.701,0.0574753263716076,2024-12-05,10.88208473979479,5.173997857867618,16.597556046547226,0.2842721910297858,1.7232534781423103,6.733010669167787,72.28842074846074,966.2132872941153,963.5129074416616,6.688935363762788,3,12,340
80900.057,0.0576330787171725,2024-12-06,12.52220864221288,6.897811218342509,18.14513786828061,0.12026104230985878,1.9144497977823185,6.930728500127975,75.9194388174739,965.9826949678722,962.7630386986507,6.482673558101126,4,12,341
73591.454,0.0518858048811144,2024-12-07,11.624580478175305,6.272874844301295,16.97676096772858,0.8962758775056004,3.344196589933044,12.303850003194734,72.07848614309417,963.0168840011763,958.7834760819584,5.929284155332657,5,12,342
82238.025,0.0555937199203897,2024-12-08,7.737711956142331,3.447928416471636,12.025558975460463,1.0271953122829363,3.8238795346045684,12.679222313234053,60.23202168567713,960.7967061459908,956.2686709289414,6.819669141636581,6,12,343
90456.74,0.0552372582962723,2024-12-09,5.950014833991206,1.6111802289371435,10.291512710373652,0.3306752760594029,3.209702616512681,10.759847568535953,62.6397241652962,957.9654122398455,954.5025108156651,6.6582338072069716,0,12,344
93676.302,0.057431276706138,2024-12-10,5.6228732634407095,0.4978806242128691,10.750283438779272,0.15064024353202526,1.8030157394361472,7.011602877080173,66.94487425366992,955.879893701873,952.9681331992674,6.657599938686041,1,12,345
64207.244,0.0393458126196507,2024-12-11,5.289462063398377,0.9337527095234409,9.651421249858414,0.7407621666718783,1.6574251927092494,6.318193125758251,72.23849049840668,955.4909333808923,952.8194991362448,3.8978525157965715,2,12,346
55983.634,0.0347816440656529,2024-12-12,5.873037707964172,1.5402619312645514,10.205438757925764,2.5857374001312747,1.8593051639390135,6.82020053174522,77.83271889333815,955.0284290344089,952.4383949084352,3.8571486958114733,3,12,347
72330.974,0.0456375919908617,2024-12-13,7.349634498086441,2.876422198849682,11.82700334611897,0.24756448474150253,1.358281147445388,5.6347928344851494,82.13126681265098,962.0792737216785,954.3907257287954,4.40220879456594,4,12,348
79750.323,0.0557886277225455,2024-12-14,6.9736749162533505,1.6627837464535975,12.2859457469032,0.18474251817912235,1.6364796098467254,6.05255062077084,76.83148121442447,967.5150568128377,961.8260057437647,6.151318561462042,5,12,349
86144.068,0.0616211756550784,2024-12-15,6.713565147751018,1.0670978628955545,12.362429978074077,0.047486602838172756,2.3486459588992465,8.31786123506076,68.90980352893239,970.8040373209478,966.0739314565237,6.736990143796409,6,12,350
96856.745,0.0659564535875028,2024-12-16,7.446801265495022,1.4213341468714913,13.467539026951918,0.006612680273888089,2.5847392807865432,8.347636560834419,67.66532533512971,971.7029119003472,968.1697417839829,7.84334833902525,0,12,351
75264.458,0.0490679010304946,2024-12-17,8.205230641321297,2.157992546864659,14.256264917072246,0.017584960673109648,1.5673161933541662,6.264074937163309,68.78879726881094,968.9131000834387,965.4928552807255,5.956793680044668,1,12,352
71188.565,0.0478584143350466,2024-12-18,10.924268496815648,4.737192179802805,17.111361706478128,1.1279407423819783,1.6539126969589286,6.521346506193059,65.75961912603593,966.1390262670827,961.1771754826497,5.667506495552135,2,12,353
48863.671,0.0313390430387663,2024-12-19,10.944124648501116,6.182455966828308,15.707885592155444,0.9720109415433724,3.349025949585743,11.654574440783104,75.55963952139288,962.3553115247198,957.1540938297255,2.8894331736448704,3,12,354
89919.883,0.0594021099564424,2024-12-20,7.262308878945161,2.290974484859566,12.233900078039902,0.06418845696114003,2.486417002507271,8.884583728900086,68.68016061307853,963.7478006162755,960.5481825944189,6.812687399189565,4,12,355
97319.705,0.0731065198832135,2024-12-21,6.594996301758505,0.6057082999828429,12.586680140378974,0.052303014674316015,2.1095785117650245,6.995401745223562,67.47750568181222,965.9404163931915,962.896581797745,7.759243472550503,5,12,356
98992.289,0.0694253181496106,2024-12-22,8.62718750102611,1.6265660104132535,15.62938422631206,0.3486140428875668,2.4861456332781318,9.430433321155087,64.79272676362042,966.0395829888311,960.3549731013572,7.79875647964935,6,12,357
93304.079,0.0589103254001729,2024-12-23,8.375813375870761,3.4121255783626707,13.337430797820575,0.13772400525806006,3.757247332634251,12.647020242809996,60.016289827424934,962.5785198882089,958.9093027900747,7.575958209217802,0,12,358
95814.084,0.0671231332763635,2024-12-24,8.975076671552017,2.7283665217907997,15.221936137218004,0.08521778753812122,2.502820745472231,8.685525191151546,64.57953824282579,962.7593901519052,960.1668595923811,7.48882861559877,1,12,359
97693.267,0.0812395770941937,2024-12-25,10.097543576854502,3.2319604506755857,16.966305370446182,0.024100164251775545,1.7779286067927493,6.6051245942362256,68.2316799910576,963.0095140345416,960.474333567544,7.562325968661036,2,12,360
83739.592,0.0660778862119367,2024-12-26,9.409965182567351,3.699423812479467,15.118452761546262,0.016835325404915925,1.7122404715768653,5.99659579227535,75.4325518953136,962.7524134469868,960.1956815649946,6.050796814253006,3,12,361
86501.394,0.061820784821755,2024-12-27,8.467878113375042,3.2724904223617353,13.66425775013427,0.015351173627006814,2.1685284944707237,7.195779719756207,75.41484663955663,965.1687337496124,962.5934875735906,6.69286758003827,4,12,362
88210.738,0.0673391405442353,2024-12-28,7.427190827356107,2.1315164337683368,12.723781833684571,0.012565580740247833,1.764436764846931,6.165535485384148,74.05882037460289,966.1171795122203,963.3953435818676,6.762697725371169,5,12,363
85835.792,0.0670202690113417,2024-12-29,6.646952977204074,1.0361575247461772,12.257636188114976,0.023718542396110258,1.577658203949078,5.546420084358865,75.54539981717234,964.5102597115208,962.1166741348443,6.514192345634812,6,12,364
87250.825,0.0629949447962576,2024-12-30,6.515535059652215,1.0072480464523006,12.017893089693924,0.5333621940300518,1.5514667998188716,5.587898850339241,74.36402847570717,965.381164457102,962.7890128620246,6.220581867943065,0,12,365
78089.479,0.0593963840721806,2024-12-31,6.048574635895571,0.8165551691352583,11.279408021790786,0.7467532973426051,1.593929477505615,5.944322578496992,76.93892602261968,965.1394467415666,962.7001446151651,5.5074730363720406,1,12,366
78619.626,0.0642419867096408,2025-01-01,6.166803574965474,0.9580791029476455,11.37451235659747,0.06994301854011171,1.6516669421556034,6.006973878798532,77.12474460133294,964.659806150444,961.9228751932458,6.0274930319779125,2,1,1
92660.075,0.0632006761400115,2025-01-02,6.611545563463172,0.6339149977435432,12.593828301509706,0.06297982839878645,1.4976712004535182,5.549666180338476,74.68837643226419,964.944836678839,961.8248734438322,6.648673167648962,3,1,2
75315.585,0.0477472976488349,2025-01-03,7.291140269872054,1.5542751609804528,13.020603145780353,0.48136786784830915,1.9510218218585385,6.749023737086753,72.42859950136662,961.7354033385847,958.6708105876955,4.923344861619812,4,1,3
70088.858,0.0477589612762955,2025-01-04,8.505428704942137,3.4067719303645703,13.60494478439865,0.10999192006876342,1.8924799172451037,6.967111610066086,73.13028866936654,959.6464928530903,954.5762587814843,4.765734976268706,5,1,4
40197.193,0.0283494523942761,2025-01-05,9.38256331558539,5.456585481246184,13.305838584924942,8.862996438337616,3.8324708379609826,12.93998175675538,76.21290965365748,954.6225023408771,944.579264331963,1.9192783901482406,6,1,5
59142.055,0.0420025184215621,2025-01-06,8.289015316137178,4.44471229626653,12.137387723098003,1.5142619357279221,3.4333723325229197,12.498252037405125,79.65187016120244,952.6122499048803,942.3594448535417,3.30149234425163,0,1,6
75200.438,0.0469041096545232,2025-01-07,6.842910285993242,1.9666263168066804,11.721029757053937,0.5473771294976597,2.4419170386397275,8.759945621395648,77.08065151476686,958.3873771929851,953.2472555786619,5.176039189791834,1,1,7
58883.431,0.0354469386557348,2025-01-08,9.341483144034177,4.950579858977764,13.727723321170812,3.63725757942407,3.2778224656535793,11.41021213694441,76.33735241922633,958.1681662774463,953.4892659583793,3.6257257230204063,2,1,8
73547.551,0.043587556819413,2025-01-09,11.466746142008144,7.4914256411425875,15.443201439719159,0.236487824070413,2.8049439453296166,10.09826519413325,79.43069136870994,960.5054610229565,954.1389107346045,4.941713768110036,3,1,9
61666.521,0.0377088049492984,2025-01-10,10.710105483769409,6.537227129791809,14.879434366918787,0.7334938891382925,2.102040050375852,7.488104797996844,81.27580241251175,962.9602982827807,960.1974704830678,3.7318925964569387,4,1,10
58963.645,0.0376030551302766,2025-01-11,12.525428484805017,8.267069287502165,16.784965437516625,0.36740759617411717,3.010153878212749,10.187586700472535,79.99008934880437,964.9687595594678,961.4264352304425,3.564794828012775,5,1,11
89431.508,0.057997889166651,2025-01-12,9.468094035250996,4.013807982751296,14.921582205863363,0.018885819890042246,3.052682314725907,10.612249789069201,60.347563623762085,963.97012196182,960.4620117193032,6.572240155363668,6,1,12
111953.278,0.0672507758860366,2025-01-13,6.028546865119134,-0.26386819267947387,12.326356645236952,0.017885492889333166,2.080048475579165,7.576370318126806,51.25694663973625,963.6212717303929,960.3251217445561,8.152725189125833,0,1,13
114804.471,0.0689544237202186,2025-01-14,4.976334695385413,-1.8487070521851412,11.803477271376877,0.014657812399500241,2.0484931178317423,7.355993624727391,51.501227825660266,963.9754157673527,960.4997107275268,8.214683500783027,1,1,14
115461.433,0.0650852058716693,2025-01-15,5.612925210613787,-2.224480620864337,13.44951362747512,0.006509878991325642,1.8309129645540172,6.919868716537961,46.42799286274976,962.6942170411473,957.5672959636271,8.457187373760483,2,1,15
105059.152,0.0584604880356546,2025-01-16,5.977587640840666,-0.7144628576339029,12.673007797950175,0.5189164995104725,2.001093066048159,8.818484000843801,56.60244837860572,958.8699756272299,954.3417678824787,7.241631950001081,3,1,16
102399.553,0.0612685094021952,2025-01-17,6.1342406564618965,0.9767496228474405,11.288986828883672,0.35473482970141457,2.5914365167687463,8.904370544509874,68.05721723898455,961.6882216758295,958.037203894683,6.7552747556238995,4,1,17
116687.228,0.0785777023923906,2025-01-18,6.28970487327565,-0.28914640016600063,12.870540502785701,0.07276146128803153,1.4978914970745247,5.665678984849663,65.95634499048431,960.7339368329972,956.5709921322243,8.056030942584975,5,1,18
98919.913,0.068645574259588,2025-01-19,5.749697954008931,-0.833571607205341,12.334655162132048,1.4931129650650459,1.6305306416883087,6.4594872977975974,68.16631564027885,956.7924116401686,952.3530790468263,6.838005135321373,6,1,19
28554.573,0.0173155763035908,2025-01-20,7.58527789352121,4.303405316900227,10.871742858734132,14.900730873049113,2.3370539903215164,7.754414394671489,85.30976622794476,953.5150832000718,949.3963605786402,1.139846028590398,0,1,20
34124.563,0.0202608134260341,2025-01-21,10.687807760766386,7.634143478539483,13.742137174547556,9.446738587457629,3.088296803892203,10.460749208060182,83.89269773450185,949.8868910566893,946.3514194293841,1.4254098105029551,1,1,21
47494.936,0.0287083421220952,2025-01-22,11.804959776551925,8.689287621891859,14.916929946802485,10.5549061328795,3.6737338898776133,12.563628875128398,77.85701149907098,947.722128366213,943.8948701866589,2.545046571669672,2,1,22
71692.829,0.0470185250203742,2025-01-23,12.093894599290088,8.067978473265665,16.12136060845959,0.9839580540556319,2.1898197926234326,8.414051269119204,81.23248794725485,955.1949317225426,947.1122244115263,4.245068709682058,3,1,23
65254.411,0.0448465625151776,2025-01-24,11.485947535837928,7.54846717668855,15.425997410099127,1.5860741264406129,2.288501530059613,8.270510747935603,80.16308131748153,956.185683447059,952.0068522864244,3.757606148117,4,1,24
49974.668,0.0345778857475714,2025-01-25,9.835019274423622,5.91435706887844,13.754030845256404,2.5138086662903616,3.100295188370726,10.669425343228971,82.05052720662664,955.7146253302841,950.393180479655,2.506069411992853,5,1,25
43835.859,0.0313946669290355,2025-01-26,9.98630970510446,5.348717735526954,14.622210827056763,8.77417895116593,4.103251123657772,13.715147474465022,82.56928426015399,955.9159424801636,949.450539257006,2.07518529803172,6,1,26
49203.895,0.0309429041564288,2025-01-27,12.018923420182542,7.8410748306164315,16.192114788569327,9.478218729240858,6.229535597394282,18.967957966827875,81.93097536024813,951.1181654342028,944.6442815212376,2.7433963203060925,0,1,27
75325.438,0.0459551159550618,2025-01-28,8.178044037428757,4.962377259181217,11.39614041548701,1.7048055769035237,4.842255625724753,15.754522684630151,71.19789936597705,960.7223656393525,951.1704245885455,4.821193681989561,1,1,28
35765.295,0.0222115910117052,2025-01-29,7.355456610902027,3.9853091569009695,10.719829062520681,6.923890137160031,4.103325938732564,14.592787975509317,80.04685318932017,960.3478376086796,947.0184513219548,1.3059430619957433,2,1,29
92782.002,0.0556676860369214,2025-01-30,7.590435578633607,3.7448953350356637,11.433311957910927,0.9730076976449412,3.971462506475763,13.343124218238042,68.82729203996098,961.6286540091595,949.424102555924,6.639038889035301,3,1,30
123500.476,0.0740356979528342,2025-01-31,6.963818102516334,1.6209061536683604,12.309731217524206,0.16964144414947896,2.148236606370545,8.497050908428292,63.408406211205715,962.754941942698,959.4719399888828,8.408102993349472,4,1,31
114073.13,0.0747045541492782,2025-02-01,7.1856913269397955,1.202682526655361,13.16567290504859,0.4413277296202141,2.364766980001906,8.69401646371816,68.70450685887135,961.2533619249059,953.933446887089,7.585123291079887,5,2,32
83400.291,0.0598311762932787,2025-02-02,7.140956090243238,2.262525193462611,12.02201039142784,2.704288779861112,1.7851877782604852,8.179313350107366,77.3133689094262,955.9070948737191,952.9291335211042,4.8816343657697825,6,2,33
107502.502,0.0675182407461712,2025-02-03,7.3719809581956,2.5186505591930963,12.226575126551138,1.2459430913035212,2.3975608175487597,8.762865507622797,72.72741926227114,959.8524926082272,954.7781550951789,6.411086387655327,0,2,34
128804.874,0.0773513303274398,2025-02-04,7.562964963851756,1.0997487384553792,14.034141709748926,0.027884885821241434,1.4968757642543733,5.716859007559577,67.77187846889957,965.5203887753223,959.4304473583508,8.720001471957058,1,2,35
138313.839,0.0817353766135213,2025-02-05,8.159855097510613,1.2179993758804677,15.103991191679814,0.006348567989416618,1.5964392462501178,5.797510060473001,63.09132475699211,966.913982248073,963.9422700739586,9.08743502146323,2,2,36
141033.216,0.0850747861981476,2025-02-06,7.681952124118152,0.6853390844600042,14.680474589536221,0.11881165378889419,1.4591242697678026,5.422298779466907,64.66929316581424,966.2776371101286,959.9433645814111,8.944920541846683,3,2,37
86440.558,0.0517478715577508,2025-02-07,6.849504069748417,1.2929866557998682,12.403709973672454,5.1264881558151485,2.6708957198930863,10.110133758419527,77.4434809847316,959.8465015000555,952.4247876227557,4.808499540721343,4,2,38
121395.053,0.0772117831142687,2025-02-08,8.087468692641584,3.209417409585717,12.973313359049833,0.2514955898140589,2.2097925412626265,8.332520709430836,73.0274994497129,959.6336144708341,952.808311964519,7.308258598461446,5,2,39
120242.721,0.0817353963839444,2025-02-09,9.161014473926576,3.0334039805847968,15.290841808615689,0.16666088659824801,1.419706595522695,5.7030735460730195,75.60372822280331,960.5961201807544,957.4291529986361,7.384341384537586,6,2,40
92076.458,0.0601296945268284,2025-02-10,9.870137025839895,5.063881956543479,14.679370450246225,0.4740499837668798,1.9366695803002594,7.007436238899333,78.71380766609315,959.2424928463519,954.4951560060581,5.138758696979583,0,2,41
90971.077,0.0570519558064438,2025-02-11,10.252366509415657,5.63063478164119,14.875753096654863,5.900657922664781,2.9411397775667525,10.002409180522095,75.0743213126145,953.204657983629,948.9006196112101,5.464719654685547,1,2,42
103786.773,0.0618298284744931,2025-02-12,9.600663878807769,5.576293461088975,13.621503738984984,0.6176103635170138,3.052012489345485,10.327445210513016,75.11989383492198,954.9466724262788,949.3458874788569,5.2638122628133415,2,2,43
135617.846,0.0823512616346868,2025-02-13,9.713046589598017,3.7195363587777743,15.70482114191605,0.04754276266005675,1.6944711886926858,6.467093058568157,70.36004443095969,956.6501409512512,954.0559726799986,8.213584646222682,3,2,44
140614.874,0.0880275666163911,2025-02-14,11.13252543345982,4.3065758139475765,17.957808204165126,0.005201484571126001,1.670817273652484,6.257407941762593,68.02213807769455,955.0307332552724,950.6486834247431,9.151141113545536,4,2,45
111739.657,0.0777514247063384,2025-02-15,11.415109007059192,4.72980408500384,18.10067727823393,0.014688266380832395,2.022467835353888,7.5642958186711144,63.32068318416022,952.5768495255174,947.8125150419731,6.427970241973209,5,2,46
130032.943,0.0942212816953674,2025-02-16,11.767363724707502,5.245107339392656,18.294773329080414,0.028146593243297432,2.0111508571443917,7.789664445590943,63.29783086876012,951.8241953227672,946.824865421085,7.893477766713101,6,2,47
121866.726,0.0812394198595236,2025-02-17,11.276165054766304,5.233763165194063,17.313312617457207,0.04292757909823487,1.464106293751018,6.180630907215017,71.80460755159596,952.0800291954997,948.3822086197774,7.049496063208718,0,2,48
88613.667,0.0577913724527538,2025-02-18,11.5461739634863,6.346242304363981,16.751011446740424,0.3545963280898219,2.702077229877733,9.129241560302399,70.66861007555445,949.770405087847,945.6359392492329,4.332166961359335,1,2,49
113712.461,0.0781943154335692,2025-02-19,12.289723254080315,6.888110585271141,17.695054283698994,0.10120630317858416,1.537865881217995,6.364558485126061,73.77852112093859,958.881609845668,949.6123710491269,6.3969701205947125,2,2,50
137755.664,0.0919959264396117,2025-02-20,12.302749977368824,6.020863376096809,18.586546438642575,0.00701554579331655,1.5344355155906482,6.052622436874328,73.51103745401656,961.6063607450918,958.671218093296,7.839941217410741,3,2,51
79562.765,0.0505832186103928,2025-02-21,11.700337783597671,7.252696464427947,16.148143075018712,4.1071865212051035,3.2833877692904947,11.332512314544445,75.3468130582524,959.3391047792157,952.4628077806177,3.1720605633985843,4,2,52
103296.415,0.0745478560000496,2025-02-22,10.270633109828623,6.079457247879252,14.462716728819862,1.7555822582896732,2.144018428912041,8.743792928468295,77.47477517536869,959.604867820311,953.0938856249375,4.956376292822787,5,2,53
145222.938,0.105298574193629,2025-02-23,10.147673144702656,3.5332930469193227,16.75237500579763,0.030532621678155247,1.6704770503238107,6.6082703148205075,65.9516722361,966.0970377890354,961.3315893971522,9.16657614455379,6,2,54
125244.018,0.0815056980599033,2025-02-24,10.67473257851671,4.452650583342819,16.896357533019206,0.28089863721147457,1.9669178700312038,7.5083843937207435,65.10855862804483,964.4169694243842,959.9255862490636,7.49040160264109,0,2,55
84834.441,0.0510553650108618,2025-02-25,10.008570389927074,4.964097441095207,15.052277936450878,0.6318051441152142,2.904966610988963,10.303918473567391,71.69985535766834,961.4880374124257,957.1654671731569,3.3261421194673084,1,2,56
153756.429,0.0966176085398115,2025-02-26,9.029932995812805,2.5685949446854908,15.488715062688062,0.011588706389004062,1.8978126380680482,7.549416244314734,61.04110323709673,961.4772789524295,956.0316926202256,9.246109497154707,2,2,57
114949.975,0.0805769356108761,2025-02-27,9.888935688324096,4.7216177812822915,15.054901213639994,0.28334363773194265,1.719796550236343,6.815960810565092,65.70312596759632,956.177815669767,951.1833297963798,5.590541491774033,3,2,58
90486.9,0.0591300839249505,2025-02-28,10.095873840155443,5.4917271860943035,14.69831211427577,4.686482661954132,2.7369150067647574,8.995418058562828,73.80657891034002,952.0949375608258,947.3389098061285,4.067446411724325,4,2,59
63946.356,0.0415741927863371,2025-03-01,8.631530545935762,5.741733958215055,11.524756260698897,6.379168407686028,2.896155041197878,9.229469346924034,81.46592850014527,951.2112637016603,947.3117388937552,2.2048768428096337,5,3,60
42935.572,0.0297566127107422,2025-03-02,7.441175807502413,5.1176045033959285,9.76237555396121,9.944902367921689,3.272003352633479,9.98872503584237,86.88248158855909,951.950959253945,949.5446451591778,0.9801145451882747,6,3,61
60300.734,0.037870157711938,2025-03-03,10.166551573157284,7.152143771428478,13.180604152653853,6.647875900326057,2.9804818973213965,9.751299362096189,85.70176102987388,951.175025301009,948.2780249706044,1.8821496860866769,0,3,62
85845.691,0.0538550938785443,2025-03-04,11.583450226830386,7.752044216088678,15.417027888283206,2.7279016463608836,3.1756726042464765,10.37136727737043,80.26459233999493,950.0183719606044,947.531004158767,3.1250799011772594,1,3,63
62105.939,0.0390045089208868,2025-03-05,11.479794542952211,8.774876025479841,14.183516635778645,8.66517596514637,3.7266507145076977,11.05374988834445,81.55291318615281,950.0992284772029,947.3375461082162,1.4210791766063466,2,3,64
85159.758,0.0529918583204455,2025-03-06,11.872508286966342,8.692519030957515,15.046178343178932,4.5438179208768466,2.634111200342418,9.11490943933091,83.22344923342041,951.5261813044804,948.22680447526,2.86128039084203,3,3,65
65024.777,0.0426448826375882,2025-03-07,11.125927401773577,8.239488631995066,14.009584334850652,9.7148121369463,3.5918464881910563,12.03930616991527,84.8904775173191,949.2767034398549,941.8296778882817,1.387508304655578,4,3,66
56004.947,0.0375445147609116,2025-03-08,9.338149841868981,6.0163319370627715,12.663307011700962,16.657936011450037,4.937011724996244,16.553292285067243,84.8010230100096,943.3795629410772,933.8239838160072,1.671275786395028,5,3,67
99831.346,0.0731728699267488,2025-03-09,8.128140942101071,4.705243905766731,11.556331134522091,8.454718644441938,2.959853077041161,11.314152888628167,81.66840663090727,937.0750952193544,934.2523562870823,4.2816943343698135,6,3,68
92459.655,0.0629036725241366,2025-03-10,9.278782164340628,5.563817365433435,13.00037724967591,15.107597364013527,3.27754760921372,12.219152144724958,83.69480167836392,938.8676805857815,935.0678952306534,3.7031748251816587,0,3,69
100778.132,0.0629176500988579,2025-03-11,10.662334229090055,7.279532293380205,14.046569800420027,5.490263938346789,3.7244428049502805,12.630005947030797,82.96767125275022,941.9174737264462,936.7944787239989,4.248106391162654,1,3,70
96363.891,0.059209095238091,2025-03-12,9.691240191627395,5.959505010884698,13.424469899036783,4.243573727966907,2.952419359417473,10.1341745116437,77.56703294318261,943.057410404646,938.1971166508552,3.563010901591633,2,3,71
68616.162,0.0427244933639596,2025-03-13,8.937086212862917,5.961865690390637,11.913340617500651,11.423840186291832,2.898662313876,10.990320709112696,85.49038881797321,938.7515375961167,931.8083266779912,1.8737421906672727,3,3,72
110124.487,0.0659783278172198,2025-03-14,7.4041738101888726,3.7074736589560144,11.10625467322994,2.8888871203942985,2.856189013841546,10.070728545385435,75.50409520247173,943.0987146150093,932.6902617655163,4.145356530970453,4,3,73
134918.042,0.0883147009149466,2025-03-15,6.875362498178115,1.5693262002944062,12.181175543430879,2.4071510031051506,2.499907667458033,9.309917128898734,64.20152851425941,951.5117716817413,943.2715726524319,7.044362212496618,5,3,74
110196.169,0.0797726317271685,2025-03-16,8.229723107827514,4.082071519790984,12.374941565158597,8.25602126740423,2.745291184782885,10.15396609514122,77.64433584081004,951.6074296197231,948.3119649674165,4.48780816630235,6,3,75
77820.973,0.0514262441109475,2025-03-17,9.210910596448029,5.728191181232779,12.699059768272594,15.416037067745627,3.055562665129174,10.796018301584931,84.65111013519845,951.1548844541574,945.5009260165415,2.167808758366516,0,3,76
80771.678,0.0490723481777106,2025-03-18,10.566662631722856,7.4377352696958665,13.69995587804469,6.160770502782843,3.378734292932532,11.307854379068992,85.66925940999536,952.5351103627202,944.9740195970274,2.7066505313799074,1,3,77
115125.487,0.0731929048323321,2025-03-19,12.17534574359644,7.476878807534709,16.875105801337266,2.2363953458662884,4.033440906500505,12.740711885274983,75.23027674503552,952.4661996263038,947.3183119683908,6.034276806782233,2,3,78
87208.448,0.0524859911848832,2025-03-20,13.12733808029501,9.343572428475564,16.908951702087347,9.171932996063388,4.350170715536262,16.032290318838424,75.32381375256325,949.550305934587,943.4761354006478,3.1724442836216644,3,3,79
85542.853,0.0529971753621105,2025-03-21,11.001474966718286,7.835118559852349,14.163363475986976,10.195764978910935,5.233160133456617,16.49132095154187,79.34561792185274,946.8095522930322,942.2598272604257,3.263815331555972,4,3,80
92622.991,0.0647466806964972,2025-03-22,8.850645413923148,5.410772115059989,12.289357458352733,5.215131514676468,4.773923893559153,14.71545500432489,77.84986325048719,945.7315807294664,942.2082714412,4.052401733668949,5,3,81
109938.941,0.0806102776510133,2025-03-23,7.996311307438292,4.08970982041608,11.900096252126307,2.9756007136644715,2.800227838100095,10.48401888447642,74.789792003346,949.5324503301325,944.0132501608401,4.828361826478749,6,3,82
142483.835,0.0916497190969906,2025-03-24,8.896305305790545,3.3226818543115195,14.476571128733001,1.56860503540783,2.4851173750720528,9.028599056728423,71.83538441803864,953.7734777342927,947.103980574537,7.250233356592587,0,3,83
141089.287,0.0878636901492313,2025-03-25,10.650775164343381,5.3660376485995185,15.94183594294094,0.5781003004651851,2.1627069155403627,8.209829026971182,69.41102267516743,956.0734661371538,952.7488404872128,7.50379285367284,1,3,84
138336.299,0.0867381813366886,2025-03-26,10.761286751979718,4.665332756570764,16.872412093851334,0.019373075800668268,2.279479101488097,8.213038160183377,64.39107807595121,955.9403382037938,951.8778848086888,8.729813035979904,2,3,85
139152.982,0.0880330357096866,2025-03-27,10.956607999837589,5.01731474391547,16.89895275822996,0.02309138746943162,2.303692863588055,8.11656499531547,65.04909037337917,952.1058243964085,948.5853921681212,9.15031301429661,3,3,86
142366.346,0.0898159726382827,2025-03-28,11.82072561948191,5.053670116923806,18.58657879466274,0.053420592421082644,2.798925450793105,9.819146006812758,58.6657624557922,953.1557531111038,949.4010536304135,10.671216691252537,4,3,87
137235.1,0.0906698946054996,2025-03-29,12.499155424478387,5.709312237819738,19.29273071484105,0.06308487654794527,3.37883533191152,11.536785015162543,50.183714211326105,955.9699886011398,952.402951449365,10.991471285021133,5,3,88
126506.052,0.0991633890266446,2025-03-30,11.992377717040398,4.678081880151352,19.303207126802693,0.01515676455077686,2.864920870216447,9.609462537241503,45.22736367074346,956.8227263055114,953.6948807760261,11.497088912456448,6,3,89
155117.951,0.1114378853466401,2025-03-31,14.707494862492199,5.701903941525232,23.712527606916883,0.003888710526596917,2.3223830820044387,7.914471318825616,43.53915480569281,957.2161389856964,950.6670667785814,11.409430721432393,0,3,90
143138.521,0.1084844359135147,2025-04-01,14.548343849904011,7.55517583766889,21.540471522606264,0.06393156247132714,2.1875421812502336,7.961854709501394,55.9459401842609,949.1231288960117,941.9043386623146,9.081766904408779,1,4,91
108960.881,0.0765940470806247,2025-04-02,13.127775784155013,8.080403655215893,18.1793571757224,7.8536864408852685,3.1327400454489798,11.667748638370684,75.01154785304061,944.9573836809944,939.4902849974733,5.599797786180524,2,4,92
81977.934,0.0541635907781481,2025-04-03,11.885082875567058,8.884473553210931,14.8880262867131,6.511060551979062,3.2672415837802817,11.796043484947461,82.14719132415502,947.6797952208926,943.455146133063,2.041616825664624,3,4,93
106201.237,0.0703233396917782,2025-04-04,13.383405853236384,9.612273588737173,17.152265695920097,8.752228742306947,4.341554138583049,15.187435716458257,77.97224399827049,951.0188175670783,944.6029135492334,4.722919277306603,4,4,94
129631.623,0.0994443220888955,2025-04-05,12.685319328195838,8.051122947392491,17.319544667141905,0.2702291165446146,2.2962196516506115,8.3702018819918,71.0270082189569,952.052929863313,948.8556896686938,6.624324426187466,5,4,95
122039.54,0.1014899357530026,2025-04-06,13.154554341749584,7.10590071531701,19.20286783117739,0.5918406516334388,2.0457137449355485,7.446193569419823,67.23314215569755,952.5614040830837,949.8352401303873,8.182437928796686,6,4,96
181301.08,0.1252797425397083,2025-04-07,15.000410965761645,7.739736422708355,22.26335209936164,0.004802307841912285,1.7615433093272346,6.676286939729021,59.97341993754372,955.5228819751699,951.7898132687313,11.130738061768213,0,4,97
163108.845,0.1145193850942723,2025-04-08,16.395273644001254,8.80670991641377,23.986300249075924,0.07311310894267604,2.6628662888070416,8.857289425392674,51.87863540181959,956.4932436210648,953.2243974693881,11.464962183241353,1,4,98
156660.793,0.1089273377901526,2025-04-09,17.042375533929583,9.585908824620619,24.50385441385923,0.21070916715742757,2.291115415480263,7.9508659253288405,51.20609833836591,954.4212143931409,949.6887039414391,10.309754004510685,2,4,99
141382.894,0.0928729903627083,2025-04-10,16.828230877429483,11.306545793019326,22.3436010681728,0.9743565726837404,3.327093339105418,10.726771757292862,57.203501803473934,952.9469664358844,950.0560395747141,7.593259580984652,3,4,100
97648.113,0.0652266864937181,2025-04-11,14.608689847792117,10.624223912759813,18.59289890938543,3.580742083124669,3.3568592362449166,11.380330782322597,74.05249519402689,953.8801853066515,948.5346721091561,3.356304739300188,4,4,101
91209.139,0.0719526552328976,2025-04-12,14.419690995144158,10.511899830905511,18.32542598807252,5.636075260691276,2.329012859161208,9.27881675931905,82.64575175773597,948.8530532500909,945.4005919878186,1.977529482720104,5,4,102
126984.649,0.1059146113667596,2025-04-13,14.849266124907096,10.08568029983431,19.60688525217753,2.0870024751454626,1.9886578324388795,7.734207921623697,78.04293228034302,947.6486081155525,945.0523285155876,5.45939479218348,6,4,103
113513.735,0.0793851497053814,2025-04-14,13.348756543081752,9.216129989413412,17.501922148254064,5.7093934669444435,3.652668975828705,12.255230325211121,75.91061879757405,946.6840843893801,941.9954714949824,4.940094242677057,0,4,104
140880.298,0.0949528643668641,2025-04-15,9.579379239080579,5.533502967437092,13.644959228827709,2.7340811125068747,3.9521634402398784,13.638242355664046,72.99994837511782,949.3357533537834,943.2432888711061,6.289383452967939,1,4,105
151828.988,0.0999963422025488,2025-04-16,9.077182323457578,3.760483446776629,14.398117657361734,1.5343808755575847,4.040028634192136,12.370786441325306,68.61899446486947,952.8920976044842,947.9196339261878,7.747610120433417,2,4,106
156715.372,0.1133419590133479,2025-04-17,12.690298059653935,7.115461815866304,18.26746413943728,0.19734277540441544,3.0370404196520817,9.922118258226584,67.06551331702873,953.8316330521645,951.040745212023,8.456502321476142,3,4,107
117322.597,0.0942824112047944,2025-04-18,13.812184544822504,8.509036923901176,19.117454518066705,6.235422129698377,3.297377195113319,11.64288173788999,72.2389548805886,952.9424570352697,945.3087351500302,7.035237131398038,4,4,108
115151.294,0.0876328351403406,2025-04-19,10.657579884390918,6.676746690424839,14.643924015050768,2.8315056598339665,4.819407796197141,14.3853680460516,65.44378949383461,947.9485700510469,944.0264340298324,7.765477429780649,5,4,109
120653.523,0.1035506275123833,2025-04-20,11.00259247431884,5.993106972397649,16.01696229318228,0.7378316346479998,3.4807849288440673,11.054803058392173,68.34100981354149,953.6272309862628,946.8589162054705,6.637495834152259,6,4,110
176664.69,0.140865000666049,2025-04-21,12.45604865961843,6.3214999200904005,18.588400944250964,1.32185525743917,2.0324251027766618,7.607954370671213,68.01625248860068,954.3372448672811,951.4160801297559,8.259331256728522,0,4,111
166799.817,0.1193485547756395,2025-04-22,13.685540455780107,8.42596271993555,18.9474946410638,0.5949239891500064,2.261705723258413,7.95898593529281,68.01549497839682,957.387705964595,952.8448348269477,7.632927591987791,1,4,112
208300.915,0.1396666082188281,2025-04-23,14.870862241163769,7.37948798078976,22.365228447954227,0.00901938729098603,2.1924749887691544,8.027985002046726,58.00525355018219,958.129286440297,955.066259895355,12.038826658653297,2,4,113
201480.707,0.1380456832398232,2025-04-24,17.49176427128207,9.444199526840492,25.54147576254282,0.002475835609480808,2.0556628498702,7.353867379785862,52.064770954413675,956.3246549691215,951.5185412574115,11.924187935852787,3,4,114
190688.693,0.1389756718026457,2025-04-25,17.86037536598619,10.550330907421673,25.1707161346434,0.5860112829998452,2.6894868148904303,9.84755531624571,56.92490608014441,953.2353116215379,949.3251598159162,10.977623664142639,4,4,115
164506.64,0.1197166809293328,2025-04-26,15.951110778452286,9.898887281321421,22.00255493639379,0.3513292895877676,3.213281372851999,9.998232191849777,57.36495227246415,956.1218481337892,951.5555275362599,10.875196022307865,5,4,116
134923.141,0.1093780440631044,2025-04-27,15.237274844009313,8.426518357527671,22.048598199877144,0.035659128434984484,2.7527537777347018,9.12954017869844,52.634175297247374,957.314891377301,954.3899386665637,11.580636609454704,6,4,117
73629.297,0.0924658572370447,2025-04-28,15.919117881038707,8.775489684548694,23.064722218149964,0.037545371419647075,3.5376701137859667,10.437381823313983,52.587846283816525,956.9623484050599,951.9603640289122,12.017655886921633,0,4,118
92745.243,0.0773693461156418,2025-04-29,16.00752496812127,10.102848886778377,21.915405769571255,0.20052861298974334,4.176635332465835,12.139311470969133,58.178887319350814,952.7119712770159,948.7898170715332,9.415224380934907,1,4,119
106669.814,0.0808217538687581,2025-04-30,14.598940247478424,9.443745563579176,19.76060338481107,5.554389265148262,3.721684520150339,12.574880607498429,71.83546585125389,951.5690262327907,947.4038777027015,6.365619377043524,2,4,120
119509.345,0.1028598477034512,2025-05-01,16.259903173203917,10.058511552114567,22.46698876828493,4.454248509597461,2.7973026085580956,10.025776640607651,65.38234236645096,951.5500058451868,946.9819556745996,8.847436745759124,3,5,121
102145.329,0.0805170987308496,2025-05-02,15.969267359593365,11.81174205812833,20.138652704876286,5.884615857476413,3.9828946640327834,13.965922064732979,74.83254997320134,951.8736308289856,946.7938901793289,5.336267773201474,4,5,122
136810.164,0.1220559059665797,2025-05-03,15.873780471929866,10.884222582539138,20.86179739995276,3.6756384856342064,3.0919311956148587,10.899746433068962,70.51843831391467,950.964021074244,948.1510464595568,7.149665781006476,5,5,123
115559.518,0.1049061790696211,2025-05-04,14.467793295454754,10.455589013742406,18.488899950562633,3.939480232606299,3.3443219852178254,10.792190248748641,74.11055255420803,950.1572402096829,947.0724090629698,5.336761592276399,6,5,124
122675.72,0.0892040173481136,2025-05-05,14.560846904198764,10.084355890392468,19.02893703704275,2.252852603477966,3.355387390227393,10.640376639701161,72.25113914858565,950.9159744067915,948.0064432961564,5.487809921565399,0,5,125
136249.133,0.0983773688762306,2025-05-06,13.726596840513965,8.485609510345375,18.966315995068133,0.11688766985458696,2.46339366050624,8.351830168394635,63.74361566805512,950.6602371328738,947.792761838017,8.65666023701587,1,5,126
169002.507,0.1213387421311952,2025-05-07,14.092798870012995,7.916181574308544,20.269585223263263,0.7825325593528182,2.4481329764942057,8.553086169705072,63.61483242444305,949.5834596528483,946.7501799933806,8.641653466632643,2,5,127
131849.324,0.100523481247511,2025-05-08,13.797496548647763,9.001727123116448,18.595071314839622,2.621550349419744,2.5803023837141974,9.2613432400978,71.33613112341041,948.9869218842143,946.4440220779858,5.526834491404658,3,5,128
149997.715,0.1128571789633915,2025-05-09,14.281373312039467,9.110815743998376,19.455448628153825,1.8283137823023035,2.190601899940906,8.418264747908404,67.76943132916247,948.3886467317773,945.8149715380188,6.541279926527691,4,5,129
115022.899,0.092612344259585,2025-05-10,14.410645234711655,9.548471940539073,19.278906703847856,3.5713744099543736,3.288607447268451,11.576955648047626,70.54576697870881,951.1411139246209,947.1945493920224,6.817338788791429,5,5,130
118607.889,0.0968726691615453,2025-05-11,13.752524433974282,7.914575362524397,19.589940322992486,0.4064198825207973,2.8608020440485693,9.65797501875458,59.372534721372375,951.2323582524732,947.7867242749996,9.769144119460854,6,5,131
165298.162,0.1168103932188954,2025-05-12,13.833657757019502,7.208529674580693,20.46879173107237,0.5375110945134947,2.3833831600518547,8.622189336053872,55.16564688584738,951.5935483679631,948.6893146271256,10.864750499688418,0,5,132
154825.099,0.1158589522724759,2025-05-13,14.648620088503405,8.211631967937363,21.09991954605826,0.9908858195740935,2.1908589746243328,8.875630222070617,61.60823912477972,950.1567445726818,947.4489975071095,8.466653045028078,1,5,133
159000.192,0.1192197992229434,2025-05-14,15.097909351018085,9.32199376475012,20.88859688010888,3.424825804596724,2.6431838102169207,10.027765743617156,66.43342344256646,951.9832173379946,948.5328287674523,8.336106598993984,2,5,134
142896.062,0.1022509313159133,2025-05-15,14.992293379188522,9.18961943588601,20.806303259262965,1.0000598480113185,2.648835609366662,9.551477532450058,64.91579161316422,955.6936557028655,952.7311121914992,8.529404835721083,3,5,135
163158.14,0.1106186627651796,2025-05-16,16.489688950167995,9.27438168950874,23.71429565123624,0.013523382791342992,2.2931318003636703,7.927268096230391,53.8987702827153,953.4259861731111,950.5994051284972,12.096576245773555,4,5,136
159408.567,0.1247206241901409,2025-05-17,17.906945104070076,10.02451078605613,25.792098364651675,0.006216896144621862,2.0972863212768056,7.652495974769463,48.82429508536047,952.0346242668467,948.9212432400587,12.269830822310418,5,5,137
147288.047,0.1179440492340623,2025-05-18,18.788904301615084,11.166238440720836,26.416874433441325,0.2700238587481267,3.2250971147034315,10.797490206406302,47.41496930528196,952.5820665167073,948.7794320331926,11.605610945162772,6,5,138
162068.637,0.1123045137686159,2025-05-19,16.70356048112467,10.85474957108296,22.562972446514493,0.5602349937462854,3.308023379533781,10.782611508777668,56.02307642206428,956.9946842285892,952.6181386213901,9.854437650267974,0,5,139
176252.192,0.1217716269765189,2025-05-20,17.4600012967941,10.097109175184045,24.833381536433574,0.01618527572036587,2.6093459621991673,8.690777699630987,49.611594776006235,956.2879315338648,953.4360490688176,12.528215834028982,1,5,140
193317.579,0.134628735615526,2025-05-21,18.90929108960688,11.150657989460338,26.68011222651694,0.12484021282270544,2.251422101046559,8.215564633051024,48.07596768215182,955.2699856469341,951.1534558521258,12.345100668977068,2,5,141
171184.891,0.1133171291070478,2025-05-22,18.815795394127232,12.364927888577546,25.267898748857693,0.9442450479787414,3.1625773057048483,10.04033615775165,50.94314536880203,952.7722685228738,949.6867817869287,11.024305096198262,3,5,142
178275.281,0.1187048191959227,2025-05-23,16.97937748450748,10.749211898933677,23.21213310996747,1.46164071680514,2.9246250498159347,9.662279928644283,53.54300008358038,954.9954689556971,950.3030114356574,10.088199141614952,4,5,143
171597.853,0.1330310414205516,2025-05-24,17.71538169251018,9.612771667822669,25.809452824335928,0.002730520734957857,2.235187336869387,7.756417052167862,45.6348589415642,956.555826021741,954.0272224763376,13.011756978499344,5,5,144
157241.851,0.1344259241354188,2025-05-25,19.98223527927325,11.375241109840484,28.5857052895257,0.05578840053109831,2.1425694257672707,7.899359495821674,41.9572670298038,956.7099423905174,953.859618398656,12.679762680012399,6,5,145
206840.726,0.1437109307600998,2025-05-26,21.227917912777386,13.227159816764754,29.239835602491162,0.0019126393901202979,2.2311478121523396,7.98520765654194,43.95238763257583,956.4690582335502,953.951938697053,12.116375465038216,0,5,146
212696.868,0.1497375254716996,2025-05-27,21.80008290833061,13.270843716704835,30.341565007955555,8.931098511779003e-05,2.186734150565384,7.823899336133657,41.10488573316842,957.8398195998188,954.9720801500911,12.717638803271457,1,5,147
205654.515,0.1449004955441648,2025-05-28,23.179372383825946,14.297520416916624,32.06431047648207,0.0003005587563462788,2.0675223445571613,7.807619228510819,38.31044959297299,960.2218751177602,957.6204576511453,12.937749011368672,2,5,148
204965.863,0.1423377512163057,2025-05-29,24.670292795286294,15.837506659684431,33.5008762730437,0.0534810394412083,2.3723953795589874,8.66018235252799,35.387705680368775,957.2472675157264,953.5563574511576,12.413262398376023,3,5,149
196347.86,0.13490217804953,2025-05-30,25.458518537826567,17.06459554899195,33.84765691005034,0.5535461247600801,2.2146638724710255,9.338363598691167,37.87860354251276,955.4964676785075,952.6385438567612,10.96331976208432,4,5,150
179186.174,0.1329316007450305,2025-05-31,25.567948400342193,17.15726093775008,33.97387324399666,0.4527382043486296,2.392894829374379,9.89359424191031,39.35417063298406,955.2295505038121,952.3900832260703,11.346889649718582,5,5,151
151258.984,0.1153414067339559,2025-06-01,24.8537656710355,17.3819324928162,32.324442681732556,1.3098682611977364,2.690001856406505,10.26917108083224,42.362209373776395,953.5412026230734,948.9063496113221,9.661164431457292,6,6,152
176095.474,0.1156579041566062,2025-06-02,21.901766872825778,15.94121452378482,27.8626822872901,1.3674386010003583,3.2642482839495948,10.27403290645556,53.11974287633064,950.6461171939308,947.4782174211603,9.133217481078058,0,6,153
158115.664,0.1147088252302517,2025-06-03,18.86925794672405,13.503063906342152,24.24812679215598,2.335393802379394,3.2065920279928517,10.847115907981985,61.78387732668476,951.0758140259468,947.8190783846658,7.21274103548936,1,6,154
201527.304,0.1408803954237951,2025-06-04,18.702283839285304,11.812802806484417,25.587600908064065,0.03436228397574147,2.618784179560143,8.814863518708355,55.42078337671796,953.1483885511132,950.3380148569295,10.525767503246005,2,6,155
213792.342,0.1464269618288468,2025-06-05,20.69503594045949,12.843445188587593,28.550966312653603,0.00901255365320598,2.209094141409684,8.039495979265306,47.325359625797255,952.186373344803,949.4743668970169,12.268063335492098,3,6,156
228599.018,0.153854964278412,2025-06-06,21.945433056412543,13.949945602541229,29.940465301099458,0.062367120418539604,2.48871789321538,8.581569616904325,45.752232754860295,952.6186427751711,950.2276704061798,12.506619321586463,4,6,157
195125.314,0.1435974242750127,2025-06-07,22.991002488166195,14.481679455457694,31.503041093800107,0.005137952670559985,2.4769959583635783,8.667192339041875,41.61508300732007,952.6756018521254,949.6557826084894,12.541622483674061,5,6,158
172162.673,0.1312412969564899,2025-06-08,24.496994588720643,15.513952478917334,33.48365283895336,0.004685453146126184,2.313268217682778,8.218145466777868,40.784791119717035,954.242036316307,951.2501008035778,12.184609918618964,6,6,159
196761.785,0.1343915093367613,2025-06-09,25.38088797498246,17.52818589633619,33.24309309791589,0.5045228307693129,2.573427271066404,10.729574902267352,47.37054702488521,954.2527318530246,950.9981798264885,9.316350491197399,0,6,160
166697.135,0.1120541853664699,2025-06-10,25.493559551822102,18.2529948723102,32.73210658754531,0.7074441462822206,2.660301473435429,11.684283004522834,48.0211193103198,954.6269381780269,949.7242246753113,6.204752978226649,1,6,161
170128.722,0.1075496925066522,2025-06-11,23.197719966643746,16.936243816550018,29.460816415161204,1.2528764580105016,3.1549500654326024,12.032190536143789,53.721368180524664,952.2166500014802,946.3429431344241,8.007141311945546,2,6,162
222591.605,0.143928919746091,2025-06-12,22.14800659500327,14.437862319099949,29.87314898171262,0.0030074688291099505,2.375486784457405,8.328533580289818,48.94482858624327,950.5387324978637,947.5009162971791,12.208971491011852,3,6,163
214782.69,0.1347730633452182,2025-06-13,23.539010651993788,15.67558166849225,31.400703932057077,0.36665053098932465,2.644515830707741,9.362927885740172,48.42125492977619,952.1680053953211,948.8144900561743,11.395681069497796,4,6,164
198399.308,0.1385923763113563,2025-06-14,24.405265489873607,16.692406960336946,32.13016374498401,0.4602727941844398,2.493180867503535,9.204916259089915,48.47996063674197,953.7735981359822,950.6077335443073,11.376700825577442,5,6,165
176170.114,0.1213289305011903,2025-06-15,24.782426756146616,16.84941042700556,32.73567013327918,0.3283948595929268,2.3197672956796263,8.554790928423179,46.7055572305659,955.1415237072232,951.495777923681,11.09879926609794,6,6,166
216538.094,0.1351077835605369,2025-06-16,26.29801013350125,17.969981837075974,34.62127260659867,0.5665154655150179,2.5103716834094776,9.826401921134819,44.33362182697275,957.6405472493593,953.7655460274425,11.081379653757912,0,6,167
219352.015,0.1333887771903698,2025-06-17,27.586698372060003,19.43873801855189,35.72841097481959,0.462987005336355,2.4460086656624784,9.987526834958297,40.43097119615732,955.1730869656564,951.9946604927865,11.132270825196255,1,6,168
222269.623,0.1356136452688626,2025-06-18,27.112971075449654,18.84472740221607,35.38374763522958,0.34518159403693116,2.266102757607871,8.87906547185362,41.302486244180365,955.8385113342521,953.0442603795852,10.95440671667973,2,6,169
190202.131,0.1175971699814944,2025-06-19,27.667155934790664,20.047088504991564,35.29539712360826,0.6770895343016592,2.4634277500985173,11.35750299343319,41.93602164203106,958.0158334354323,954.5510560837464,8.476274935424202,3,6,170
227208.121,0.1379673497266157,2025-06-20,27.595574590303208,19.484877629123613,35.70517768684073,0.3768904082613545,2.691113239281806,10.27711692805434,37.57072110979802,955.9546999013314,952.6081405415804,11.709467858204713,4,6,171
214299.608,0.139960931901481,2025-06-21,27.31840536070082,19.224782022427995,35.41320789887889,0.517074733521488,2.624944708372928,10.205023067424648,39.845123016756496,953.5553698706657,950.1978983882966,11.186968637655646,5,6,172
186365.478,0.1285800769862379,2025-06-22,26.967697464011312,19.25627689507144,34.68542540818789,0.475282421507183,2.5949615761690996,10.30083614358963,40.65398184742157,954.4227137341443,951.126721640859,10.766446945746019,6,6,173
196097.738,0.1249623759180824,2025-06-23,26.91483261702301,19.30178936323403,34.54734330162167,0.7630937776223015,2.8676913013444914,11.216179134495157,41.140764087747776,955.5520959937302,951.6899874767437,9.232458147109371,0,6,174
181963.257,0.1141673399528843,2025-06-24,25.05503734531475,18.447318829056798,31.672221163731184,1.5259686443301612,3.276464633031409,12.279449837896449,49.07527690032229,953.447515811354,948.422712187848,8.169839588052927,1,6,175
228063.009,0.1322561050812816,2025-06-25,23.203210217804152,16.09368389225967,30.31516265467104,0.11420131147235314,3.065432432902781,10.117262170237613,46.99048076506948,953.9084507099036,950.0789796073335,11.683857666861579,2,6,176
239713.848,0.1401729417350496,2025-06-26,24.70982640664358,16.155412108762444,33.263211781424204,0.0011485050613355495,2.2291779072079394,7.821323110151565,41.789233910795794,955.0784266118659,950.9869931639698,13.01941295155756,3,6,177
232045.325,0.1342111082453511,2025-06-27,26.830791589562597,17.95194012068109,35.7153116408904,8.454991783299439e-06,2.2531048935741276,7.986014177139065,37.41416195258233,956.6437775658936,953.6378597323813,13.093158579470007,4,6,178
227344.669,0.1409120659850913,2025-06-28,28.4677556849808,19.595389287154713,37.34200671803878,0.00047703248669016723,2.212186438759901,7.899835763661989,34.071851335652724,957.127799808996,954.0920449160975,12.551896648578353,5,6,179
213862.444,0.1370233582649949,2025-06-29,29.234818976293052,20.569145748578382,37.90135007905131,0.273351291931,2.3858015891853532,10.679846611916625,31.75164838892461,955.4772258925029,951.2358825478373,11.395742256068939,6,6,180
202026.167,0.1144436630679287,2025-06-30,29.17765801845137,20.88432057574758,37.46563528330675,0.5319306758841904,2.6026240087302854,11.57071306081804,33.04099536824918,953.0191763606816,948.9078570766062,10.464556070645797,0,6,181
204556.28,0.1128181931173537,2025-07-01,28.409326278919362,20.07094225702443,36.756345455453804,0.3824116351859606,2.35892615755692,9.86497537462173,34.65336454390173,950.8997034928045,947.2841799064336,11.422809765004564,1,7,182
190736.246,0.1030383691635903,2025-07-02,28.333921606960345,20.572800234674915,36.10005063837427,0.704353533710777,2.4943533032497114,9.812472741558535,40.3040333798814,951.1557996485094,947.6520522997957,10.797597738693222,2,7,183
196555.969,0.1067046079828398,2025-07-03,28.040883537759427,20.672558315783167,35.404269641724525,1.7255813842494252,3.252531608159504,11.031813685016497,43.21265562595161,954.0556540066925,950.2999368071062,11.739901749532386,3,7,184
206907.671,0.1160699145314716,2025-07-04,27.562146899813836,20.106312697937106,35.01438614847534,0.9669477369078487,2.841139646210474,10.204990690321017,43.13354189571137,955.2335138613524,951.5651848985636,12.151448974787115,4,7,185
200416.676,0.1223420748006332,2025-07-05,26.80626131429651,19.4852538695483,34.12885873586406,1.217504536340851,2.6724835910734868,10.497510247691102,46.39184031531205,953.7507270704167,949.0539438764072,11.3804312083982,5,7,186
198249.161,0.1308825000746611,2025-07-06,26.394341289770647,18.69787888960525,34.08865054710264,0.2290201460040009,2.56502259150978,9.19330118800956,45.45389380512083,951.0663147157486,945.9804583949177,12.127554091574629,6,7,187
231146.266,0.1317346567175505,2025-07-07,26.59455737687651,19.196288345854466,33.98970540864218,0.05657915462813046,2.859563740334835,9.703177723632546,44.83345927898889,947.3409837729236,943.7022581191143,12.320112524861184,0,7,188
209987.804,0.1215300424150707,2025-07-08,25.814194201724256,18.607333618222178,33.018681444014234,0.061078502710899166,2.992008691995893,9.49400883574982,47.51463939307395,949.4641893389302,945.6612813668116,11.908057175204924,1,7,189
187374.516,0.1123243259339993,2025-07-09,26.297686098494886,19.05876080528904,33.53445677613765,0.4980705490281738,2.8869355580707796,9.520620036528696,48.52132396852908,951.6637602257675,948.5742425828915,11.649191164721914,2,7,190
219119.89,0.1313557285259485,2025-07-10,26.008829466817364,18.66705182913178,33.35201372136623,0.01800905178717815,2.795376269528031,9.493317066221332,48.44139398291422,951.5890801536547,947.8364079076254,12.107732812302405,3,7,191
205467.606,0.1250672654493119,2025-07-11,23.589581308281883,17.140105341077096,30.041546349299974,1.0679793380609535,3.33390261764229,10.468501969664484,51.98104669861826,949.4766871726961,945.1698402522642,11.02267374637365,4,7,192
175913.273,0.1222639564861563,2025-07-12,22.05349494283707,16.2269200905907,27.884869990424185,1.6229150166350523,2.974829621417071,10.196519269000952,55.11049053086258,947.2305943846644,944.3674165059506,9.035969154031575,5,7,193
202769.867,0.1491934686442632,2025-07-13,23.41263950389394,15.28641355611338,31.53449110869321,0.061278534315893286,2.2587241661157758,8.295669976799191,47.67185765236181,951.7645616286276,947.5050684532447,12.613829668738688,6,7,194
226688.481,0.1455968915879784,2025-07-14,25.934937220302636,17.768728687405126,34.11082053658678,0.012900643272680302,2.625086986190706,9.031180911619508,43.63364630871108,953.6713014001465,950.3294702310669,12.54929325597544,0,7,195
238036.552,0.1435398444689608,2025-07-15,26.925437720120208,18.274717746596906,35.5705745232571,0.0031000722109899986,2.2352217140697594,7.983210764496742,40.33300328462841,956.7170848147694,953.6682049861016,12.89703447231171,1,7,196
240550.576,0.142867552220531,2025-07-16,27.998998446347862,19.072459955433047,36.925934616802394,0.002309768789191066,2.4679681572911667,8.468828345320029,37.33574293148609,954.5762397092058,951.024430422617,12.97463895956353,2,7,197
223420.53,0.1308138446763467,2025-07-17,27.988037020434156,19.28889610677645,36.70116035370976,0.004825311193917112,2.8215564293809536,9.6384008944849,35.59916585314026,952.0788181308482,947.4577084960858,12.724141053698396,3,7,198
213318.307,0.1247638431325878,2025-07-18,25.792343236573647,18.049681547199505,33.53491599396903,0.04028764652488122,3.505734207894846,11.092962199607115,37.660133237892545,948.2025348752038,943.8394774647758,12.305853736870645,4,7,199
189617.207,0.1249236880071939,2025-07-19,24.048849092590245,16.906020219870836,31.195487974186996,0.03334254685005656,3.3675489574344732,10.357866030434185,41.93001102606152,947.077715984328,944.001280062188,12.219582396904729,5,7,200
169300.041,0.1174800004746385,2025-07-20,23.57613804454969,16.412566474385354,30.73646239150651,0.16834040201485334,3.6353508163777897,11.14350421449156,44.117772155230966,945.6576072604963,942.6065899105005,11.887127270514835,6,7,201
232533.323,0.1484494487374377,2025-07-21,23.213687471060787,15.143404471948497,31.29133167476738,0.0009113210043023856,2.5298025704134037,8.604589961835721,39.299165129041384,949.0025595395454,944.8706489667786,12.846441810571262,0,7,202
223059.218,0.1432159062797371,2025-07-22,24.44433820313072,15.799759010798597,33.09303059190593,0.011776424899563587,2.6420053854294885,9.109597822238648,40.37386769735161,951.0515454018828,948.0448593583236,12.593848174977301,1,7,203
164000.438,0.1013570792888541,2025-07-23,24.004125297373,17.109179875537343,30.905785503184607,0.5718863113413457,2.7322391165432007,9.16817497675874,48.01948891408838,949.9746326099194,945.7663938785146,7.965905582653343,2,7,204
171282.685,0.1025524719746952,2025-07-24,23.211697086533327,16.428143106550166,30.00272120444851,1.9089090390679904,3.4077278624838794,11.140791847442141,48.534010691011105,949.1459987499215,944.7802163474807,9.889316956642405,3,7,205
192582.559,0.1225997764876238,2025-07-25,23.00147777854696,16.06114894975915,29.940031639160946,0.019201886090258913,3.2444232707665637,10.041794730087728,47.16562714453621,950.8045231231141,947.1703838417016,11.58746132263361,4,7,206
203335.6,0.1350684317621755,2025-07-26,24.22851125089207,15.990814349031979,32.46207590983308,0.003849221449535499,2.468094251625042,8.451549171641549,42.22484070514651,952.82713784642,949.9914750700607,12.713521841547976,5,7,207
184741.856,0.1298666772448529,2025-07-27,25.637224763247414,16.913207166352546,34.35999343775006,0.03020263385593484,2.7153196792702734,9.456403237491896,37.557100111709886,953.1954076700438,949.363426734025,12.66090367290709,6,7,208
200952.308,0.1222696888180465,2025-07-28,25.73238944688118,18.029368361135887,33.43440016866598,0.03018151481405064,3.213356249533251,10.250655782414643,38.58473105082257,951.0524336856823,947.2652756393555,12.342915073192765,0,7,209
183146.18,0.1124300092326883,2025-07-29,24.30816908567891,17.40771652956084,31.208808526593668,0.03355638863478391,3.181215391567251,9.648193759730106,45.5938740584764,952.8229657466499,949.9232377223483,11.781666703150771,1,7,210
201026.504,0.1229073265185098,2025-07-30,24.872544924324526,17.316521314035292,32.429770623310844,0.017187215034522675,2.7199545615242924,8.906493339725682,45.17101304405696,952.3351717071203,949.5881857066747,11.978648506340905,2,7,211
209348.06,0.1274364273427828,2025-07-31,25.844264259015695,18.20134414037651,33.48763696873364,0.20086474217798636,2.715517536026959,9.228590029489238,44.97216791866495,953.0598164135916,949.2136525191304,11.81645179674098,3,7,212
195612.261,0.1205217128159802,2025-08-01,25.449038951805587,18.27011981935458,32.62495948364031,0.9503749077696648,2.544477045268657,9.457393634990014,46.46851765046289,949.9240401267558,946.2249745526196,10.183136388743907,4,8,213
196022.777,0.1241970368555295,2025-08-02,26.075689102524915,17.887495221207114,34.260556189624246,0.06696257067606916,2.4861203426347163,8.651869566196375,42.769999190769056,948.7754911113499,945.8568175693753,11.925347261834744,5,8,214
177161.41,0.1227036779201089,2025-08-03,27.04740756685425,18.733276958067975,35.35797864205322,0.0010086696045931711,2.697797546710704,9.128567593031105,38.46494080877125,953.4863499180367,948.9097735839669,12.046196781660118,6,8,215
215698.704,0.1427039084284278,2025-08-04,27.60136938785372,19.27144145084178,35.92986677596279,0.0007886964764712329,2.3988416698662105,8.545705902348292,40.968936944755036,955.0819990399964,952.030725424692,11.864267838726654,0,8,216
198837.568,0.1252350863392985,2025-08-05,28.380722387137645,20.09869246603392,36.66870908624439,0.0023189945472770197,2.381794008274943,8.493676768276542,38.51202046965605,954.2781074289238,950.9851693628382,11.407248178910379,1,8,217
202327.87,0.1260136118355691,2025-08-06,27.56714311758887,19.62171103094421,35.5132887370441,0.0024415983490510707,2.5311749032003403,8.595724083020999,37.89836223470947,953.1559539803949,949.4275048867797,11.033384884896424,2,8,218
229160.541,0.1451234681917187,2025-08-07,27.674178405043445,18.663707087444234,36.6784382038937,0.11947912181337068,2.2782327628742376,8.698856602439175,37.60870376849606,951.2604916052811,948.5527329929135,11.649473369715357,3,8,219
210343.702,0.1351841063554147,2025-08-08,28.011423348433883,19.77277878522118,36.2535621696042,0.09272133204547188,2.6323350340007137,10.209324912679303,39.61546630882423,951.9966795531466,949.1051510993806,10.705620805728056,4,8,220
205469.952,0.137295460887118,2025-08-09,28.290183964252936,19.716787868567938,36.86516563966202,0.1178441203880373,2.3685039680764444,9.152363332797592,38.37273765582643,954.3346190746713,951.2211955948966,11.463897744738798,5,8,221
184993.81,0.1308710038857226,2025-08-10,28.79879961195707,20.27930315715686,37.314962359020726,0.04876593683834981,2.5402280851432755,9.017595736519214,35.81094631720164,954.4505063175222,951.1180153189916,11.668332153963284,6,8,222
217421.05,0.1374637374283374,2025-08-11,29.674167238083513,20.736193744457225,38.61075136454463,0.11024271053973528,2.124618009474094,8.908665801462467,33.97665174113739,953.0749194466788,948.6731869743564,11.202276791483275,0,8,223
186461.137,0.1134483899777804,2025-08-12,30.07371769717345,21.543650459847267,38.60656819591267,1.278323868342714,2.6988452049023337,12.734523210695455,34.07190332329614,952.9848584369784,949.0670798808201,9.557454231552606,1,8,224
180237.897,0.1123736735337608,2025-08-13,28.6641970265207,21.20585361054111,36.12168186450269,0.37727829952836567,2.5908949570023827,10.279778761166977,37.74434511675627,949.9995649354577,947.0370996999783,9.405880321676195,2,8,225
193937.213,0.1207090462139288,2025-08-14,28.53984508424459,20.34385727739232,36.73459588556579,0.052996533818795856,2.636707312300997,9.220836047248742,35.3865261983242,951.6337549404719,948.6587434002569,11.202451238475534,3,8,226
204459.244,0.1369516414999646,2025-08-15,29.24284625941035,20.668023430097225,37.81726167008992,0.0033070521130917374,2.451767568879969,8.68397911265163,31.475730952496605,953.7013080400458,950.7014331654966,11.543168568593002,4,8,227
199465.777,0.1358723633103839,2025-08-16,29.740413709018334,20.54360471430315,38.93609862080666,0.05690889076200805,2.0151587335124628,8.309599227231642,30.61771415669171,954.2641498640411,950.7955452056938,10.95407445420628,5,8,228
182214.71,0.1298190048677014,2025-08-17,30.657983472361792,21.85524195400042,39.46780228722318,0.10871155775025407,2.515768352971404,10.503618758724249,28.67602606048199,951.3198343067993,947.6880156101685,10.26082710957191,6,8,229
148795.017,0.0971037776233361,2025-08-18,28.27625679033052,20.954185771977617,35.61399248939749,0.7864991703518547,2.6634755499520297,10.63876156761408,33.968875178497655,948.8143229671194,945.4591451144601,6.409684891984632,0,8,230
182391.407,0.1157283317892264,2025-08-19,24.54868507684464,17.88178971330356,31.22430680450867,0.7348656890790649,3.22810524234508,10.569003764126597,45.49697135968382,947.302387429091,944.0179384401523,10.523593831104,1,8,231
176971.115,0.1137547928216944,2025-08-20,22.718176075783674,16.122525367474555,29.31960782958421,0.35224572008156146,3.120670769322452,10.0198896350856,46.78822963298869,946.6454160098152,944.0071582354357,10.848079345732078,2,8,232
197700.162,0.1272878276576094,2025-08-21,22.61625992730599,15.50159354708585,29.727398687572723,0.08817976418187168,2.4530392464109805,8.7732909453746,47.731819027519144,947.9864814933646,944.610654994362,10.761905829495747,3,8,233
194249.958,0.1248705749156422,2025-08-22,23.505459195143807,16.05720692278874,30.958901430240857,0.12875476429551447,2.229239482618933,7.975964334214843,47.39440003813209,949.039545162046,946.3864923914969,10.914482931043418,4,8,234
200226.028,0.1417173241302487,2025-08-23,24.350228317650842,16.5493963876451,32.155949705817775,0.04648637087645517,2.3874173325926487,8.449172896404907,46.41786366835558,949.1830201937554,946.051518501226,11.090673509985264,5,8,235
167429.218,0.1305621734156362,2025-08-24,24.91341267670359,17.126218740066477,32.69501000585045,0.13416228306307895,2.2096986974467523,8.627451500069535,45.874676243848995,948.4699197365783,945.6059451319003,9.793208943010422,6,8,236
167659.566,0.1126716524071359,2025-08-25,26.494203005739113,19.590360882616338,33.400544896552994,0.08983787693152567,2.5187737521005493,9.686965968398297,45.891662908953634,949.3929699721765,946.0728806318233,7.919976146900026,0,8,237
175984.341,0.114891531229401,2025-08-26,26.645740838762677,19.348080118801487,33.94683905352547,0.6857288069591349,2.4420000511683786,9.469410852683271,48.51654968325981,947.6381350320866,943.3987742019075,9.310166334951719,1,8,238
175346.777,0.1113339250679895,2025-08-27,24.82130797408137,18.528929092376437,31.114799484166234,1.3404341235712556,3.208879996840796,10.871924896983685,51.68713766224104,945.3948990735257,941.7197798489141,9.198899795899138,2,8,239
173369.323,0.109455745333926,2025-08-28,21.61157679367263,15.65545020290855,27.569869543817,0.0963614425613652,3.854572918792007,11.455620214741757,45.06263129981726,948.7338116849481,944.8238136687896,10.945474256134263,3,8,240
167667.461,0.1119295856902532,2025-08-29,21.204225705977834,14.048334064021939,28.362437905439116,0.06332917776400379,3.341638583648127,10.719738256927727,43.87498297242703,948.6765584626341,945.7354208034631,10.340018362031959,4,8,241
189818.96,0.137441070677686,2025-08-30,23.693945545368702,15.957405538376443,31.429338170743602,0.021093015908116408,2.580620604306846,9.165205115420507,44.66860508537056,949.4776644226723,946.2575528729056,11.512403751648822,5,8,242
142516.081,0.1067917605837932,2025-08-31,22.337140717787886,15.470613975672057,29.21739090433932,0.920871674207917,3.549239982910517,12.015003715480974,49.84602420510188,947.5260912837218,943.4739628629719,9.829513710252362,6,8,243
183243.459,0.1186944139966661,2025-09-01,19.325567992077566,13.13871157501907,25.510330073968536,0.013226135494762422,3.39376315066426,10.647600996248663,44.667369364135155,950.6215042631052,945.6421407959597,10.746665916245144,0,9,244
179413.538,0.1237361364310619,2025-09-02,19.871879794440755,11.820680796318145,27.92486269398711,0.0038090648362026536,2.2227156258030654,8.278015011030439,41.85806256023417,951.7407619365533,948.6902240532032,10.890271896462528,1,9,245
187585.972,0.1276740091454477,2025-09-03,22.368738796687442,13.511003894704773,31.231615640981516,0.004750082206443266,2.378621010375013,8.438161121346004,40.57118055070406,950.9256968299244,947.4348880776629,10.972208971559343,2,9,246
197859.403,0.1312523914777295,2025-09-04,22.433634614207204,14.769184017152348,30.095085913893758,0.0041103810578546245,2.535614831004919,8.77038219884132,41.779299709954834,950.9369201389513,947.745080239425,10.924231997606748,3,9,247
182244.408,0.1174689673335636,2025-09-05,23.191334742271525,14.989793197592034,31.38862616838747,0.004263733840499833,2.908232216577976,9.819703639196307,43.236248119766316,952.7742062572877,949.4751514625312,9.974976266387028,4,9,248
150020.684,0.1032028339608393,2025-09-06,24.47706835089123,16.887405220483025,32.06349231991822,0.03431756123307657,3.3750194438442094,11.124873502665091,49.139627421285425,950.8374740191164,946.4563343981798,9.49313538134003,5,9,249
121421.428,0.091649520462318,2025-09-07,23.273747743919603,17.90552054889117,28.636992209727765,0.2781409854324995,2.281750786511215,8.985241336345329,58.562245932318525,950.8536951419713,947.6847421668623,4.141280052759295,6,9,250
169531.089,0.1115125315008544,2025-09-08,22.865444595905608,16.80424301907884,28.928367300820195,1.3032329157272167,2.6793711002384377,9.85725669357851,54.90018790265933,950.0241218608661,947.0778513968022,7.352532607594881,0,9,251
178998.42,0.1195355055005149,2025-09-09,20.01185583494945,13.525641789738039,26.493964490079527,0.45779277289028875,2.9051839238183566,10.018537880871385,48.91559501866385,949.2351013729403,945.9903998681693,8.844185473024568,1,9,252
151672.73,0.0996702149575192,2025-09-10,20.226746518876176,13.518746136127461,26.939929158101698,0.14654112367279234,3.3936813285512506,10.783859780390092,54.62084176007055,952.0733128297449,948.3556954753141,8.77868013831831,2,9,253
181867.97,0.1237103931844239,2025-09-11,22.418529751540586,14.880477698749283,29.954419652753682,0.04974352425115118,2.641488867535076,9.08493844645848,49.792014662795786,954.4125195508424,951.2996436170082,10.95086024837135,3,9,254
195307.57,0.1355306148364167,2025-09-12,23.218765523822707,15.456422840737401,30.983416066163898,0.3751868959906112,2.2046337238242057,8.277818810197394,46.87429031096004,954.0873277546228,950.9282037912143,10.058842979527844,4,9,255
171016.13,0.1273326314288932,2025-09-13,23.323315379875154,15.950108300480247,30.6967804014908,0.048725445412320184,2.437202117699523,8.808436745947924,45.08851928817668,953.6558463953951,950.7585055134156,10.351729876155538,5,9,256
181264.502,0.1365765767172235,2025-09-14,23.485509849726302,15.377372266277373,31.592757128956173,0.004874682741726637,1.9383333397929239,7.502949849070599,44.58409645850495,954.6685243142764,951.7592615233996,10.914177809586214,6,9,257
206431.47,0.1371119245576946,2025-09-15,24.550067387535368,16.55673442232549,32.5444280240049,0.016003184990958357,2.0817138499293106,7.94186275251237,48.823369559872305,955.3006762749006,952.2874394176582,10.808982882935304,0,9,258
200865.266,0.1283956336580604,2025-09-16,24.72912258699326,16.59650293061771,32.86441806315009,0.002026624458684071,2.079936867972588,7.79918244028027,47.303424521978656,955.5047065211272,952.5362721751517,10.637902585880896,1,9,259
199832.884,0.1270802659172435,2025-09-17,25.512315691802584,16.834025973476965,34.190320036805105,0.005192364496509708,1.8805727495440798,7.03186756611106,43.45906505334962,955.123041548475,952.2107565304235,10.673812843983042,2,9,260
183618.299,0.1154400041864081,2025-09-18,25.987968737635338,17.401618714939328,34.57185280012637,0.03032637098835688,2.1838529021641966,8.340220564968453,41.86298490352779,955.8189298218716,952.9308516213002,9.644091835312144,3,9,261
147721.114,0.0928478787552315,2025-09-19,25.617250843296446,18.72718673356298,32.50454858506375,0.2918013721119003,2.6030786881948367,10.069698325000642,48.31700932207979,955.9471963077588,953.2200700884935,7.347462937334913,4,9,262
158287.127,0.1116454480508582,2025-09-20,24.380659950907624,17.668380576415412,31.097204073935558,1.7832477205540957,2.5071480801728514,9.347218566341546,52.950360413877696,954.5287780986216,949.1482620357962,8.722844875573157,5,9,263
132297.168,0.1013519998080843,2025-09-21,19.711913846589255,13.574810213500843,25.859344238727022,0.8188615142015891,3.274684151433123,11.222750953338117,52.50573202100307,951.2014964831205,947.6512201248443,8.240127935030209,6,9,264
173499.622,0.1214796862409386,2025-09-22,16.500899601926218,9.493997345012076,23.513049243194025,0.2264876054417266,2.6187149143235833,9.041150126116804,42.16886457303774,950.2799438069653,947.2698440140349,10.12334318149003,0,9,265
165661.507,0.1134232854558505,2025-09-23,16.44409103107647,9.52491003310507,23.368046720564035,0.1682038015171999,2.588602779522572,9.202083373310607,43.740800464768526,951.6707068805403,948.461989685585,9.981607180347632,1,9,266
168526.005,0.1161865098389073,2025-09-24,16.82068809324367,9.811446020655852,23.829138898053284,0.015243106374821808,2.3118090804466997,8.220442186975358,46.08542290212157,952.830580049315,949.6323500603079,9.390019317302619,2,9,267
182813.668,0.1243372174069705,2025-09-25,17.683495325394976,10.099218807757193,25.267651861045774,0.011824278361946336,1.951696731686483,7.514249891240472,47.38456122121051,952.9805842433473,950.091407524421,9.911792143525373,3,9,268
189462.27,0.1309844926506094,2025-09-26,18.417956801120077,10.092196546989106,26.74711383595651,0.018057407738566688,2.0019776538389835,7.991867158924569,44.882608029618034,953.157536076013,950.5327448010925,10.298990040334067,4,9,269
143738.863,0.1109025469884128,2025-09-27,18.810808991652095,10.820470449888981,26.798824775035193,1.1377121625819957,2.3721262866796953,9.073624323665323,43.99599254080427,952.5777608941394,949.2938833896396,8.059655219097193,5,9,270
93243.599,0.0758175243647863,2025-09-28,18.722603610455028,14.684134936465474,22.759384228026715,6.730848294009452,3.01654175418016,10.799153410970941,70.2943109767862,950.4856677334051,945.9749658289147,4.080419196244784,6,9,271
114695.548,0.0815822479856806,2025-09-29,18.097028481432208,14.07865821915557,22.12096124044924,2.6096710305472595,2.3558239514426957,8.192683373447663,74.0564429589994,950.7363657845232,947.6324300081866,4.359327030092275,0,9,272
150407.889,0.1096451128836883,2025-09-30,18.59100273342456,13.030507976289039,24.15410038112497,0.2578111762530905,1.930873340459569,7.2873047876216654,67.66238723476046,953.3666126737585,950.1169302553426,6.998045822456726,1,9,273
180509.883,0.1239401648272744,2025-10-01,19.58240521768476,12.641680287627311,26.515832822487567,0.007831779961894837,1.6979996009196219,6.784751154114818,59.39874630614606,955.165881170852,952.505557101823,9.525189711199172,2,10,274
181429.407,0.1251001302494988,2025-10-02,20.06114915492466,12.397511078105667,27.72452642645574,0.0005984541048946496,1.672935747935019,6.8880047296897216,54.046863535329464,956.4294557241469,953.5309626411654,9.94584043895102,3,10,275
165035.109,0.1133933044210864,2025-10-03,20.70697922693386,13.092416724307286,28.323852214278112,0.0023408876584351808,1.7522130754561605,7.130836772877432,50.382815316054895,955.3743234686166,952.5987708887066,9.26427569689385,4,10,276
159948.334,0.1195195458196203,2025-10-04,21.179393416093962,13.405758880666223,28.946788922475577,0.048805401579112215,2.229974124875779,8.525495487055696,49.25201786877732,954.8057632333233,951.4713252958721,9.811695014264952,5,10,277
128213.133,0.0949247237497059,2025-10-05,19.697024849719618,12.845286301179138,26.54995126590768,0.20706252299012587,2.4688416904422827,8.516696747761621,53.889195177142625,954.6775254285624,950.8677928609404,9.686508359828792,6,10,278
145189.867,0.1020183996644613,2025-10-06,19.555225342889237,12.624751875370176,26.484932865144465,0.10238338681214694,2.212285704445947,7.8481200851363475,57.96795053135853,956.2239399066927,953.3664623160247,8.184246989234241,0,10,279
170421.106,0.1178009431493448,2025-10-07,20.373248615168094,12.965549198273568,27.78405370058962,0.0006459244676471377,1.6978188583956433,6.782452749279752,56.99801485982974,956.0105411049663,953.0021900233775,9.720990697708498,1,10,280
147889.275,0.1010703143849332,2025-10-08,19.66948875685187,13.146589022019768,26.192986113708937,0.7930400569888438,1.9956380381240777,7.922558495341286,60.87659769799702,954.2445448043053,950.9369439982905,7.6245297500698594,2,10,281
137135.745,0.0877576559837353,2025-10-09,18.449987701098006,12.782660656827593,24.12079860383564,1.624771224212784,2.0886603239105543,8.473700591165077,65.411422422537,954.2459411645156,950.9072867896549,7.662080420637632,3,10,282
134753.179,0.0905532403122236,2025-10-10,17.647827032061357,12.394062268862571,22.898261856829272,2.420277787774742,2.600613541224261,9.02665395778288,66.04206252826947,955.561035728,953.1004959583671,6.587430116754296,4,10,283
143457.346,0.1098794602013215,2025-10-11,17.86634334656297,12.217998030090667,23.512332038468763,0.9378831068954394,2.67171068510905,9.533056256371216,64.2223278308812,955.2534628148481,951.6227807693587,7.417117734944279,5,10,284
126351.459,0.0991946029803018,2025-10-12,18.666831269659394,13.023776526081798,24.30756015452708,0.5966004166133986,2.4199172849707606,8.420804549258895,64.56083531275898,952.7183829681691,949.4101021364463,6.971549004062926,6,10,285
123777.045,0.0917051739053885,2025-10-13,19.246920018323557,13.841554522856503,24.651478637321034,1.3252347196459109,1.8198044887638665,7.153325732231864,66.96887724769708,952.0788271136078,949.5250142174498,6.75468940022847,0,10,286
153570.601,0.1060570709643075,2025-10-14,19.101467307047592,12.436171250265062,25.76133678387306,0.2387324684414041,1.4459478067561249,6.100148928444778,63.811906102865315,952.7762387581857,950.2098965907707,8.682290537263357,1,10,287
143717.439,0.099776775132142,2025-10-15,19.081071478637625,12.428305758219844,25.73436289608932,0.15521453576924782,1.5187806875876468,6.270094582213117,60.5623568317523,951.2858353233488,948.4600549903449,8.157831745078862,2,10,288
125526.936,0.0868110905873179,2025-10-16,18.84679910562155,13.181118232261635,24.510352280008814,0.6179609422521184,1.8290457654063215,7.14276760034257,63.158894648927266,950.8598169028961,948.0425549163787,5.954964313433076,3,10,289
144350.476,0.0974157494823572,2025-10-17,18.524199547611204,12.226596945117176,24.82537479293781,0.4921331281575676,1.9016725657994262,7.966788808418619,63.90293798924244,950.9920041602576,948.0339292650862,8.087612773146068,4,10,290
151047.193,0.1125110755823258,2025-10-18,18.223120456225075,11.16270545132144,25.289381932581676,0.037745796232730236,1.8501922642360629,6.952741947832088,58.83511001424498,953.7996592300053,951.1160755186153,9.316873058231083,5,10,291
109775.127,0.0851378380973589,2025-10-19,18.035874193382654,12.15054847251197,23.923168102129125,1.667183330161463,2.4938927290232744,8.82845951448258,59.06575441693615,951.6901755633392,946.8190214873781,6.0004769043769155,6,10,292
107798.057,0.0717608599650539,2025-10-20,17.759730927785064,13.254888323332189,22.269164518076586,0.8162734157473486,3.166895543812823,10.364052834469929,68.50202979244031,947.4115475804916,944.3352658448425,5.617431286059413,0,10,293
88258.083,0.0572008930247543,2025-10-21,18.339712706646782,13.899491361357628,22.77640940003886,1.8910480741313342,3.284387318758137,10.77180837073747,77.31708837068844,947.6796622423922,945.0208624020422,4.188859332862129,1,10,294
102144.515,0.0645847066355785,2025-10-22,19.228964094321366,15.23870256700403,23.220770401764927,1.0379093301248223,3.6001605829735093,11.77895137966492,71.12249074589353,950.5864299956916,946.9594931188324,5.43759356781563,2,10,295
123239.762,0.0785807937936468,2025-10-23,19.11941071941682,14.319007713856358,23.92609173821327,0.12513871922474654,4.098863046168277,13.113308290216708,61.73748140789992,950.6921864693423,946.8516244898569,7.337078046967877,3,10,296
124301.037,0.090946324980394,2025-10-24,18.23695359298751,12.926964160599418,23.546158757985637,1.0434665001726613,2.303535731959989,8.42741776138244,69.70438486284012,950.5916071299262,947.7238807539734,6.322391349736865,4,10,297
109141.388,0.0861947951313351,2025-10-25,18.08880019153039,13.245650022870345,22.922289827242952,2.6130787722386613,2.058544297048747,8.692912409824258,73.01610822356704,949.6825954164125,945.8199381523772,5.663422486421678,5,10,298
101374.051,0.0776699086626268,2025-10-26,14.712726832379134,10.20127713041167,19.226248533495227,1.8625255897876873,2.432003291598663,8.605081429592177,74.60692240615838,953.5656592688349,947.021498724932,4.299815555407101,6,10,299
153137.837,0.1125675523277077,2025-10-27,14.540361787796009,7.885471651552315,21.196666954919937,0.13020212497941117,1.6742773728855602,6.371512974697948,65.72240290264708,954.4545729382656,951.7858176242398,8.05193409355687,0,10,300
123816.997,0.0893065609399057,2025-10-28,15.104858180448188,8.294178168577305,21.911057938647364,8.678021025410029,2.1380661494215785,8.767053592166803,65.2691333643117,953.1813061314422,944.7914838996965,6.5870331577922965,1,10,301
58441.74,0.0395112973396879,2025-10-29,15.311420242902111,12.04281949193134,18.583899206708708,12.021505991319707,2.305683451287756,9.72521539565622,86.66289590403011,946.124412698334,940.6833004276499,2.3113707369898453,2,10,302
93641.521,0.0649691481346754,2025-10-30,15.161608525939346,11.146379301430438,19.17541340447412,0.2413498955752494,1.918570597641728,7.609361425771616,80.4325720739276,949.2780745783335,944.92989695732,4.132258170509757,3,10,303
86368.609,0.0620430252329563,2025-10-31,15.487823205401025,11.45783302106396,19.513624732688708,2.1346089663846644,2.6306021196573894,8.78454487727314,75.78253102471362,950.1436136690695,947.9744349004013,3.9228473842524676,4,10,304
95119.627,0.0739313339989977,2025-11-01,15.400034806722463,11.227248190945001,19.56300428914572,2.5151926505546776,2.392790190918396,8.829503595994806,76.9714062164795,953.7601751105653,949.3061281458655,4.669967355247536,5,11,305
116153.597,0.0915247439998232,2025-11-02,14.352676749841109,9.258636470286255,19.449695908827024,0.04307560091360779,2.288198556174401,8.557880868570988,68.63821198472353,956.9419506569377,952.4562020675173,7.295706876112518,6,11,306
151398.463,0.114086533947113,2025-11-03,13.961999125693852,7.030771751068473,20.89752908435809,0.014293370745881336,1.7164744291830285,6.590544802039178,64.49842227843446,957.4572835586239,954.2778052157505,8.800649538008207,0,11,307
123464.033,0.0885344591649731,2025-11-04,14.904189904106689,8.687136897656067,21.122482268378885,0.03121770098486719,2.2806275376606058,8.152761631345507,67.28907360529718,955.0428261225883,950.6205820806938,7.228412511169664,1,11,308
63723.739,0.0429176038087971,2025-11-05,15.13540025410215,10.297635925715957,19.97264266774465,9.589147894711958,3.9310789135251762,14.442484633581941,72.91212964355353,951.1200824791285,943.434587176604,2.692038557079805,2,11,309
95460.159,0.0603824592028833,2025-11-06,11.88411792663552,8.281611256293807,15.489398178330038,0.7973117641984192,3.253908432636945,11.339407050493094,72.48963559809452,950.2166015373901,946.0466214402251,5.262426269938523,3,11,310
77684.602,0.0531500667588373,2025-11-07,11.707317525918352,7.403803830497319,16.01342203721845,5.988135628100441,2.46428664313574,9.175809041181887,78.12969059975316,949.8395598929208,946.7563321156288,3.3508692286387274,4,11,311
112780.141,0.0777967564775131,2025-11-08,11.769618403157047,7.225817295004846,16.31410298304545,0.25761931281694184,2.967289218172569,10.2848542174665,68.29866250925919,955.2880737496421,948.5884663476824,7.317544023768656,5,11,312
130798.381,0.1027835251566664,2025-11-09,10.977202007141608,4.7850056661462546,17.17757469548148,0.0298933091575482,1.4784169907836078,5.935703611533204,66.64339276345349,954.2519508447643,951.1463045908163,8.149018527804516,6,11,313
126181.018,0.0903466870268183,2025-11-10,11.510174809252774,5.2851802475594925,17.73760580070884,0.02822933843511949,1.6038782362664254,6.2487108307507055,70.18835297487095,952.3069896445991,949.913753751711,7.062747634515798,0,11,314
126328.439,0.0874514858566245,2025-11-11,13.162982448745863,6.897982806671351,19.43027450401171,0.018682490037599305,2.1864231577706397,7.818400936029442,66.57577360506538,951.0486509569043,945.6753782279842,7.575322291559998,1,11,315
110331.602,0.0719193899497026,2025-11-12,15.610039198364122,9.299002075652986,21.925209254004248,2.009374474225665,3.6886838717244066,12.553901831232174,58.11711494168754,948.6285421697312,945.8008989364198,7.0881498351831125,2,11,316
33821.002,0.0222756396990859,2025-11-13,14.889621306012248,11.685607536957736,18.101058019911775,19.89442812248451,4.250855723825581,14.772652059338622,74.94163813553912,947.9475057029665,941.8088674314976,0.9552722474177545,3,11,317
61717.408,0.0407475594481352,2025-11-14,13.407601239571212,10.582209959040858,16.23229470814535,11.670618164045809,3.8777640833788523,14.446628065354243,82.02200361929201,945.8992419836524,940.5440203159175,2.558068220424208,4,11,318
39634.871,0.0289767152783505,2025-11-15,12.69616637205037,10.059561474426523,15.327697007195054,16.308511415499698,3.5843837651070367,13.822787734753007,86.47643728541252,945.4552065590403,940.7152172382167,1.2754430367984078,5,11,319
80871.439,0.0635082567180488,2025-11-16,12.450158968853435,9.079348321071521,15.817919908162807,4.113784696699884,2.7971576928477844,10.643845984649523,82.41307808028799,945.5060868743338,942.6275169577797,4.327894065475384,6,11,320
89978.32,0.0653043983529455,2025-11-17,11.283090829262084,7.514018595367289,15.043071568176808,2.8420019224589304,1.8819201933238698,7.866821509642654,82.35228517696402,948.3764613506345,943.8168342335313,4.441864543169072,0,11,321
132409.565,0.0852822313001734,2025-11-18,10.139017449472647,4.900042768402303,15.377845212281017,0.06036252870623052,1.734157782665327,6.6869102188679665,72.90071909077245,950.8486155584909,947.5205208158395,7.867001153499113,1,11,322
113427.135,0.0750252418394224,2025-11-19,8.546023613849837,3.42898514701442,13.665641943710044,0.22910861062654672,1.802390864707786,7.167041106313175,73.5373780998406,949.8587680928642,946.5386443958068,5.946136053152049,2,11,323
129764.174,0.0776624173272724,2025-11-20,7.77343836574364,2.9218117885734864,12.618224737166447,0.5272551997956424,2.2794836290699103,8.529576281361155,67.12430162877237,953.53320674241,949.1483230458047,7.189524053097935,3,11,324
128707.712,0.0737626749521169,2025-11-21,6.119415525573698,1.3873716736654755,10.851278106650692,0.29813594503080953,2.8210851942372863,9.905333703272731,60.73010542182414,958.7931019017126,950.8667463492428,7.436685641616963,4,11,325
130215.908,0.0794706578629598,2025-11-22,5.8920138358562975,0.24421076803359817,11.542079589727768,0.2457926423350529,2.18770478402195,8.080524789523588,58.716721712473706,960.3455566388244,957.0686326761014,7.997814119869364,5,11,326
105015.705,0.0660006950153654,2025-11-23,8.614792404962474,2.652248543364451,14.578205692621244,0.42346226265055603,1.9891193907650997,7.611974856649314,66.16593617301,958.0376169583901,952.5792200697628,6.302364807369394,6,11,327
43368.88,0.0249266096713821,2025-11-24,10.57957985185168,7.330952339829463,13.824364919926628,4.264372792423672,4.1978640271261485,12.839746089622697,81.42416611031001,953.6172622384362,945.9073625670338,1.2709419100063903,0,11,328
119378.533,0.067313781240505,2025-11-25,9.033364724372639,4.79238529381049,13.277275034133314,0.7014213530498724,3.2891732077376425,11.743394654748037,67.83206650128022,953.3307132346965,945.8555452164942,6.878228497696832,1,11,329
131864.13,0.0745729669759463,2025-11-26,7.5083066697108585,2.495456781610482,12.517478916191063,0.08429637153717302,2.7153322963307662,9.319469643471866,61.346318449016614,957.3081556379444,954.0688928858405,7.940757203763136,2,11,330
138946.068,0.0790369404767874,2025-11-27,7.499462280400492,1.213598393144183,13.782759754591302,0.00394544709535081,1.9957037653104237,7.233726219484417,60.251008423179194,955.8783680255376,953.2563646533623,8.166315706961687,3,11,331
137979.672,0.0870081133625362,2025-11-28,8.588647260443961,1.9235287317882577,15.24947551199683,0.008394821832809719,1.3545091954698705,5.18339827999024,67.21592370171635,955.3906437613083,952.4679083100691,7.969983309883107,4,11,332
104925.737,0.0765643912179362,2025-11-29,7.858131156719884,1.9766387744756184,13.738159019467968,1.7107227927331252,1.6602666750234099,6.4988571529130645,75.15869146953773,952.4005020809311,947.0153415497268,6.585189472527393,5,11,333
68699.539,0.0473503239152631,2025-11-30,7.988085935255323,4.358757761575582,11.6193416905292,1.6260737816172646,2.426289893796704,8.941844870120596,79.42398253577919,951.3216618039335,945.3782847859154,2.8401000105055907,6,11,334
117372.547,0.0756453276487607,2025-12-01,7.954395687617497,2.3151477555696514,13.592406919488381,0.9510606191328875,1.404685021083655,6.094756038332902,74.19966466707825,953.0270525997072,949.011791021361,7.268108167662901,0,12,335
68672.785,0.0425034663244074,2025-12-02,7.525727921509295,3.514814224327268,11.541577657104709,3.306398683297208,2.1915390815818285,9.059077105755089,83.25964487812422,950.2751023373452,946.6631480264748,2.9745794380522588,1,12,336
111734.023,0.0627159831953934,2025-12-03,6.818267854126857,2.923863767472934,10.712582062040795,0.8746718849705779,3.082613217858417,10.935751672152001,73.33144180246421,953.5727827674413,945.8920291966274,6.038354727767593,2,12,337
42049.547,0.0230338024829884,2025-12-04,7.891462066072013,4.34950876036326,11.429948437343679,1.7789427563516886,3.6913575833088808,11.564593851283194,81.09020181085883,953.1964686002152,949.0989948559893,0.8036193151936654,3,12,338
54819.767,0.0314208614038827,2025-12-05,9.86764134905058,5.999040371051154,13.739905690012957,1.288038880801487,2.7985798318880204,9.734540860732737,84.02898363343778,953.7566769569585,949.2372894937986,2.3884032003380713,4,12,339
60881.71,0.0393081501224362,2025-12-06,12.577059656997301,9.429736655700493,15.7213311331154,0.24330184817210337,2.4035225929289377,8.1223059192279,82.27919998938334,957.4166761284993,954.5762037633643,2.6928805235167514,5,12,340
76790.036,0.0549604351042473,2025-12-07,11.15635756868569,6.838566030828223,15.469457247099177,0.045137689521922555,1.7021916921911004,6.181491265012003,78.47460645803731,956.4357601090293,954.224487901347,3.9548387470374005,6,12,341
106333.602,0.0819172185467094,2025-12-08,10.299160303315745,4.81359452368212,15.784774580827454,0.029091203306525953,1.5261621623243247,5.623439799760089,76.6671805633118,956.10451458391,953.2405291248299,6.511776090068938,0,12,342
83384.838,0.0550656571786824,2025-12-09,10.855761272087927,5.448371455025679,16.26212321647781,6.26895692651822,2.2962948952041016,7.525047984916804,71.77144166081248,954.7841183454225,952.3015891589197,5.0379119976586315,1,12,343
36665.736,0.0246017621961326,2025-12-10,10.13605377041503,7.35034661694743,12.918627338783727,3.4392171230117086,1.7506149443686692,7.05103261711266,84.7466051414987,955.4003517882496,951.6872811344826,1.0085573262150678,2,12,344
83075.474,0.0535104063984062,2025-12-11,9.818536175350362,5.5888999580567225,14.050779165595202,1.3513404246169007,1.756290885761502,6.680297603347056,82.14008005382016,955.3406903260415,951.4304860848257,5.006747876149174,3,12,345
38248.924,0.025117857484751,2025-12-12,9.744460400119832,6.935338492834239,12.562841756200276,3.7555962800829943,2.564964371888314,8.68855042007022,84.86005977766644,951.9943739354328,947.3845650373395,1.6769614929944174,4,12,346
80980.317,0.0595609020968598,2025-12-13,11.198875951188416,7.4589779780998295,14.936984312968963,1.1306008917247572,3.15352169086039,9.648981612491479,76.12156800539199,954.7425315441096,950.4170925293753,4.199507538056646,5,12,347
81024.567,0.0616807877867705,2025-12-14,9.671344307812278,5.703513379345125,13.640945704536971,4.519655673620267,2.643760475941263,8.501845672231415,81.03331460127693,954.1502691788147,948.8646368889093,3.9535109657758034,6,12,348
50477.12,0.0337443968286602,2025-12-15,9.078163621593383,5.609094527159744,12.544708641965405,12.502050617567594,1.9328604255687425,9.010173723806039,86.45883841098522,949.4129630338085,939.2676793124632,1.8886261195610994,0,12,349
35387.698,0.024036838226601,2025-12-16,8.203027118397657,5.981550257260908,10.41649701481865,4.236499477406596,2.398975933600778,9.90500636656436,89.24362022781052,948.13974282951,937.8965918415547,1.1883727886528757,1,12,350
82444.833,0.052077801286176,2025-12-17,9.218856658023771,5.1563171517332185,13.278850019129477,0.3915760361966884,1.6167248059320667,6.417872723452097,83.18600801545185,957.1755518516931,948.2905159373472,4.554837690956336,2,12,351
89586.536,0.0568232104420729,2025-12-18,9.509027344735266,5.2123521589120445,13.80399537871944,0.4923051763768753,1.9518221113387828,6.646551866960611,82.3618245221271,958.231073446649,955.0158997374862,5.41796039103876,3,12,352
35850.267,0.0246476330834224,2025-12-19,8.99443020354389,6.399378803319569,11.584588468239033,4.916890958567786,1.4692668352628804,5.8980299871006086,87.19720989318986,955.4486417167827,951.3630915246157,0.6030242016501202,4,12,353
65718.112,0.0469304637549579,2025-12-20,8.6152407937368,5.682383352962711,11.546595117335082,5.829332748644361,2.3176849502839616,8.586275550840073,85.4596223597278,952.5170413811693,946.185238343222,2.6496424066782995,5,12,354
45223.048,0.0317517844981747,2025-12-21,5.581246110136956,2.215769778363811,8.942635698246995,4.849205407897476,2.911293225840772,12.377030123970513,85.94508331732582,944.6951804879943,938.3578042831331,1.5764812676794615,6,12,355
73352.733,0.0438557292267673,2025-12-22,4.1830351817384965,0.8332462404281926,7.534633680194702,1.219808698734948,2.520875572805926,8.625217511757404,81.22107395491174,945.7775934189244,940.19550957059,3.3862342722935,0,12,356
46641.661,0.0286023506517424,2025-12-23,6.123445885915547,3.177622138299024,9.066978311385286,3.555771174769069,2.2755153110169406,8.12667651398073,86.58567993822271,945.0940369885058,940.3968956300159,1.6727928580084253,1,12,357
85797.964,0.0602946382452866,2025-12-24,6.648467687657633,2.4431146302399513,10.854747689820156,0.9977686559044229,1.8462473171779643,6.989490067768942,82.43425294766071,942.594309083803,940.0638530286985,4.819189942362258,2,12,358
78607.787,0.0593569788382992,2025-12-25,5.088745672897915,1.3455927489835067,8.835506459765684,2.1306168874828497,1.5934224835386046,6.585084203883727,82.32916816950782,944.4607620565572,940.3555671283099,3.766513101283563,3,12,359
90739.433,0.065587270156725,2025-12-26,5.652542298701792,1.2921803350080845,10.017434660521968,0.985020170767818,1.4427015867422714,5.699073491970607,79.10764989702811,947.746638063289,943.789657897044,4.916225168115471,4,12,360
72126.673,0.0491481451302904,2025-12-27,6.175764021189046,1.4987335256950052,10.852223464850738,6.541697772553953,2.974425621827627,10.11067536767919,80.2281252265183,948.2603758516841,944.6483076464116,4.099639927094467,5,12,361
60537.4,0.0432375812662172,2025-12-28,8.136884544014416,4.783417960931227,11.491312773342603,3.5398078728967874,2.4754017974309503,9.137078778993855,83.96085457819167,948.6800756728009,945.166552009413,2.516777997976242,6,12,362
100030.617,0.0704408514375087,2025-12-29,7.6753933941660435,2.9902114258144894,12.364593399484367,0.3822058646164431,1.3050253252225419,5.251356071104392,82.5998554996198,951.346277520197,947.0013046309786,5.456834797107141,0,12,363
104110.354,0.0664858692278704,2025-12-30,7.054578635098476,1.8956654698221362,12.216055472587927,0.042223736306383916,1.519787128581233,5.529399615497495,81.68067832940064,952.427941978951,949.6417497851951,5.731456698657946,1,12,364
96610.633,0.0686945481540927,2025-12-31,5.837659086548721,0.8712189084247319,10.808624944910482,0.15970692872283906,1.3809556308100421,5.2620054974298895,81.39312363038121,951.2281442899452,948.4389250123072,4.686457477699227,2,12,365
